event_i,event_j,delta_t_days,ang_sep_deg,sky_norm_sep,sky_log_overlap,sky_step_weight,time_score,combined
GW150914,GW151012,28.002754629629628,96.88820047111183,8.353775024414062,-33.535888671875,-0.5,0.685893177986145,1.2951607512453138
GW150914,GW151226,102.74176157407187,75.02626074932925,8.220296859741211,-31.950523376464844,-0.5,-0.14472180604934692,0.6211195844233555
GW150914,GW170104,478.01474768518295,111.557267977954,11.933426856994629,-69.41514587402344,-0.5,1.9128148555755615,1.8022676249246434
GW150914,GW170608,632.6739826388878,102.34551478776285,15.504363059997559,-117.70852661132812,-0.5,-2.81665301322937,-2.8706567099020566
GW150914,GW170729,684.3789918981465,64.12618724914851,7.430992126464844,-25.661630630493164,-0.5,-2.81665301322937,-1.5298222273489657
GW150914,GW170809,694.9427939814798,64.8488144331467,10.888410568237305,-56.5888786315918,-0.5,-2.81665301322937,-1.9803351982478248
GW150914,GW170814,700.02776736111,38.94225866603058,7.987349033355713,-28.808738708496094,-0.5,-2.81665301322937,-1.5756657181733202
GW150914,GW170818,703.6905636574052,123.40770765962864,27.743440628051758,-381.5756530761719,-0.5,-2.81665301322937,-6.7143728744311115
GW150914,GW170823,709.1411354166655,91.35711328123551,7.702149868011475,-28.34953498840332,-0.5,-2.81665301322937,-1.5689765606970567
GW150914,GW190408_181802,1302.3522893518514,148.11349909518358,24.126062393188477,-288.4042053222656,-0.5,-1.8056234121322632,-4.508600288947333
GW150914,GW190412,1305.81944097222,127.94284398549038,21.869606018066406,-236.41424560546875,-0.5,-1.8056234121322632,-3.751269691407774
GW150914,GW190413_134308,1307.1613923611105,46.335538876502945,5.943028926849365,-15.508599281311035,-0.5,-1.8056234121322632,-0.5333675033342149
GW150914,GW190421_213856,1315.4918032407402,48.33150456708826,4.764488697052002,-9.725387573242188,-0.5,-1.8056234121322632,-0.4491242532446301
GW150914,GW190503_185404,1327.3773124999996,18.503168584219424,3.750425100326538,-3.9664127826690674,-0.5,-1.8056234121322632,-0.36523405900101147
GW150914,GW190512_180714,1336.3447916666667,80.88939758570575,13.972210884094238,-94.86478424072266,-0.5,-1.8056234121322632,-1.68933814268738
GW150914,GW190513_205428,1337.4609293981475,121.454956575922,17.491424560546875,-150.59205627441406,-0.5,-1.8056234121322632,-2.5011096550797975
GW150914,GW190517_055101,1340.8335347222205,63.18106665293717,8.726200103759766,-35.7740592956543,-0.5,-1.8056234121322632,-0.828571674017927
GW150914,GW190519_153544,1343.2395821759242,139.70354181166024,18.559011459350586,-169.99700927734375,-0.5,-1.8056234121322632,-2.7837789383988967
GW150914,GW190521,1344.7164930555555,124.19722288616876,13.24396800994873,-85.91943359375,-0.5,-1.8056234121322632,-1.5590324492885839
GW150914,GW190521_074359,1344.9119791666667,130.2339763010578,18.477951049804688,-168.36427307128906,-0.5,-1.8056234121322632,-2.7599950944934286
GW150914,GW190602_175927,1357.3393819444434,45.16509033957288,5.4587016105651855,-12.866361618041992,-0.5,-1.8056234121322632,-0.4948783904503944
GW150914,GW190620_030421,1374.7177881944428,127.17253525089636,5.439737319946289,-14.840421676635742,-0.5,-2.876758098602295,-1.4226373481555865
GW150914,GW190630_185205,1385.3759340277757,97.49008357096253,10.669991493225098,-55.090415954589844,-0.5,-2.876758098602295,-2.008953482723364
GW150914,GW190701_203306,1386.4460891203694,76.72451898456123,16.950698852539062,-140.42433166503906,-0.5,-2.876758098602295,-3.2520009043297624
GW150914,GW190706_222641,1391.5249641203686,105.737017899376,7.5361857414245605,-27.420948028564453,-0.5,-2.876758098602295,-1.6058961464190935
GW150914,GW190707_093326,1391.9879826388867,78.13754168986429,7.918870449066162,-29.674121856689453,-0.5,-2.876758098602295,-1.638717819890464
GW150914,GW190708_232457,1393.5654270833318,95.41207364806702,3.416390895843506,-6.236527442932129,-0.5,-2.876758098602295,-1.2973056033980934
GW150914,GW190720_000836,1404.5957442129625,146.63162125285763,24.74643898010254,-303.4930114746094,-0.5,-2.876758098602295,-5.62739995047039
GW150914,GW190725_174728,1410.331064814815,105.6196957400027,8.187424659729004,-32.37287521362305,-0.5,-2.876758098602295,-1.6780301891162104
GW150914,GW190727_060333,1411.8422395833334,28.851661620239323,4.360943794250488,-7.029297351837158,-0.5,-2.876758098602295,-1.308853773700454
GW150914,GW190728_064510,1412.8711354166655,111.61047515158839,16.6319522857666,-135.85972595214844,-0.5,-2.876758098602295,-3.185508920283099
GW150914,GW190803_022701,1418.6918680555539,107.24717272486582,11.513379096984863,-64.4836196899414,-0.5,-2.876758098602295,-2.145782990506312
GW150914,GW190828_063405,1443.8634409722217,50.262494668099244,7.860199928283691,-28.343690872192383,-0.5,-2.876758098602295,-1.619337614597695
GW150914,GW190828_065509,1443.8780717592576,31.94286521970911,4.179681301116943,-6.5437188148498535,-0.5,-2.876758098602295,-1.3017804178915213
GW150914,GW190910_112807,1457.0676261574058,68.92178600881952,2.6347765922546387,-3.7407948970794678,0.10000000149011612,-2.876758098602295,-1.2609506104235775
GW150914,GW190915_235702,1462.587710648146,123.51368487479056,17.744356155395508,-155.05307006835938,-0.5,-2.876758098602295,-3.465095726033522
GW150914,GW190924_021846,1470.6861388888872,77.6163572750573,11.785764694213867,-66.96331787109375,-0.5,-2.876758098602295,-2.1819044130940495
GW150914,GW190925_232845,1472.5680636574052,80.28992554263208,5.440916538238525,-13.926602363586426,-0.5,-2.876758098602295,-1.409325867820447
GW150914,GW190929_012149,1475.6465856481482,61.500607890682254,5.337593078613281,-12.874917984008789,-0.5,-2.876758098602295,-1.3940061260097754
GW150914,GW190930_133541,1477.1562129629624,145.29059557159565,12.948701858520508,-82.41133880615234,-0.5,-2.876758098602295,-2.4069336108330077
GW150914,GW191105_143521,1513.19765625,58.10796413747771,1.4550566673278809,-2.1745338439941406,0.5,-2.876758098602295,-1.238135100934871
GW150914,GW191109_010717,1516.63649074074,60.56510420082228,1.8733986616134644,-2.4481635093688965,0.5,-2.876758098602295,-1.2421210266619083
GW150914,GW191127_050227,1534.799804398147,140.07171632868062,4.587902545928955,-11.103310585021973,-0.5,-2.876758098602295,-1.3681993645237356
GW150914,GW191129_134029,1537.1595451388866,78.47521258205138,2.449544668197632,-3.675318956375122,0.10000000149011612,-2.876758098602295,-1.2599968313945458
GW150914,GW191204_171526,1542.3088148148138,41.61658508460323,1.4998172521591187,-1.5124599933624268,0.5,-2.876758098602295,-1.2284907621501222
GW150914,GW191215_223052,1553.5278692129614,62.215639904323375,2.1495978832244873,-2.7824599742889404,0.5,-2.876758098602295,-1.2469906773196962
GW150914,GW191216_213338,1554.488125,133.10369394121702,5.701444149017334,-16.295473098754883,-0.5,-2.876758098602295,-1.4438328822349917
GW150914,GW191219_163120,1557.2781944444444,56.83087585703623,1.2732999324798584,-2.149005174636841,0.5,-2.876758098602295,-1.2377632283170796
GW150914,GW191222_033537,1559.7394988425904,58.90120181711548,1.5348339080810547,-2.2141592502593994,0.5,-2.876758098602295,-1.238712318781703
GW150914,GW191230_180458,1568.3432175925925,45.73608390890219,2.1192948818206787,-2.130736827850342,0.5,-2.876758098602295,-1.2374971158202968
GW150914,GW200112_155838,1581.2554814814803,91.2652813878447,2.2990341186523438,-3.746764659881592,0.10000000149011612,-2.876758098602295,-1.2610375711378141
GW150914,GW200128_022011,1596.6871238425927,77.49669236079868,1.6687992811203003,-2.8101303577423096,0.5,-0.8965877890586853,0.4145627376624223
GW150914,GW200129_065458,1597.877939814815,113.59961748319286,7.769688606262207,-29.29035186767578,-0.5,-0.8965877890586853,0.028828990447790803
GW150914,GW200202_154313,1602.2447812499988,93.65916023909661,16.606353759765625,-135.08668518066406,-0.5,-0.8965877890586853,-1.51229165595913
GW150914,GW200208_130117,1608.132332175926,38.34371552868403,4.035120010375977,-6.385628700256348,-0.5,-0.8965877890586853,0.36247894473416936
GW150914,GW200209_085452,1608.9612002314793,119.15693942967121,5.303450107574463,-14.028881072998047,-0.5,-0.8965877890586853,0.25114073793182806
GW150914,GW200219_094415,1618.9954942129607,61.709195037745275,1.9934297800064087,-2.593456745147705,0.5,-0.8965877890586853,0.4177189923968208
GW150914,GW200224_222234,1624.5221064814814,72.2894585904185,10.971391677856445,-57.697914123535156,-0.5,-0.8965877890586853,-0.38498006451328676
GW150914,GW200225_060421,1624.8427881944428,122.1645039476596,4.823073863983154,-11.836359024047852,-0.5,-0.8965877890586853,0.2830789052721203
GW150914,GW200302_015811,1630.671841435184,72.30637696899262,1.2633044719696045,-2.6337552070617676,0.5,-0.8965877890586853,0.41713197024085935
GW150914,GW200311_115853,1640.0889918981466,88.99826647023659,19.956363677978516,-195.85980224609375,-0.5,-0.8965877890586853,-2.3975652994128986
GW150914,GW200316_215756,1645.5049965277756,116.01434207179166,4.582491397857666,-10.703978538513184,-0.5,-0.8965877890586853,0.2995741361671548
GW151012,GW151226,74.73900694444224,160.8371989528119,11.888941764831543,-69.62445831298828,-0.5,-0.15858153998851776,0.060696080711459266
GW151012,GW170104,450.0119930555534,113.07642499276989,8.266658782958984,-33.14191818237305,-0.5,2.9344661235809326,3.1881264216171923
GW151012,GW170608,604.6712280092581,113.96853649083276,9.520947456359863,-44.03049850463867,-0.5,-0.9183679819107056,-0.20416881053765046
GW151012,GW170729,656.3762372685169,67.47117677251389,5.1122894287109375,-11.969280242919922,-0.5,-2.81665301322937,-1.330367641170634
GW151012,GW170809,666.9400393518501,32.28045073453157,2.7763586044311523,-2.502149820327759,0.10000000149011612,-2.81665301322937,-1.1924612534953563
GW151012,GW170814,672.0250127314804,60.62816050723984,5.455930233001709,-13.44112491607666,-0.5,-2.81665301322937,-1.3518078002297895
GW151012,GW170818,675.6878090277755,28.339849932520877,2.5924694538116455,-1.8851879835128784,0.10000000149011612,-2.81665301322937,-1.1834740552155476
GW151012,GW170823,681.1383807870359,78.05894670308496,5.034459114074707,-11.89663028717041,-0.5,-2.81665301322937,-1.3293093592504572
GW151012,GW190408_181802,1274.3495347222217,53.105885344102624,4.5304856300354,-8.926990509033203,-0.5,-1.8056234121322632,-0.43749411294437
GW151012,GW190412,1277.8166863425904,132.71746040403113,11.467642784118652,-64.39222717285156,-0.5,-1.8056234121322632,-1.2454485921187692
GW151012,GW190413_134308,1279.158637731481,141.66610104701502,11.182195663452148,-61.34046936035156,-0.5,-1.8056234121322632,-1.2009940555067713
GW151012,GW190421_213856,1287.4890486111105,135.74242824402472,9.53625774383545,-44.522850036621094,-0.5,-1.8056234121322632,-0.9560141062817149
GW151012,GW190503_185404,1299.37455787037,93.1477293344244,8.363081932067871,-33.532711029052734,-0.5,-1.8056234121322632,-0.7959222618759282
GW151012,GW190512_180714,1308.342037037037,108.93156567608267,9.437416076660156,-43.16591262817383,-0.5,-1.8056234121322632,-0.9362477855543854
GW151012,GW190513_205428,1309.458174768518,57.64715859493363,4.739712715148926,-9.970590591430664,-0.5,-1.8056234121322632,-0.452696091909148
GW151012,GW190517_055101,1312.8307800925909,109.93105457808731,8.912572860717773,-38.483184814453125,-0.5,-1.8056234121322632,-0.8680351330999836
GW151012,GW190519_153544,1315.2368275462945,43.17218115864114,3.452366828918457,-4.753114223480225,-0.5,-1.8056234121322632,-0.3766938307627168
GW151012,GW190521,1316.7137384259258,128.32247955993805,9.367505073547363,-42.851097106933594,-0.5,-1.8056234121322632,-0.9316619111256624
GW151012,GW190521_074359,1316.909224537037,78.68586927643291,6.437798023223877,-19.470598220825195,-0.5,-1.8056234121322632,-0.5910813973371745
GW151012,GW190602_175927,1329.3366273148138,77.76091822884062,5.996313571929932,-16.84429931640625,-0.5,-1.8056234121322632,-0.5528244621628529
GW151012,GW190620_030421,1346.7150335648132,111.90784109748324,4.402052402496338,-9.901666641235352,-0.5,-1.8056234121322632,-0.45169208619976603
GW151012,GW190630_185205,1357.373179398146,26.792760859094216,1.9795197248458862,-0.911227285861969,0.5,-1.8056234121322632,-0.32072959178282323
GW151012,GW190701_203306,1358.4433344907397,38.25492989966303,3.4892544746398926,-4.618040084838867,-0.5,-1.8056234121322632,-0.3747262243501204
GW151012,GW190706_222641,1363.522209490739,151.99403009099132,8.825968742370605,-38.382568359375,-0.5,-2.876758098602295,-1.765572563180241
GW151012,GW190707_093326,1363.985228009257,150.4743949629335,10.718775749206543,-56.471092224121094,-0.5,-2.876758098602295,-2.0290656041773643
GW151012,GW190708_232457,1365.5626724537021,159.33065046720384,5.372035503387451,-14.950356483459473,-0.5,-2.876758098602295,-1.4242387533768202
GW151012,GW190720_000836,1376.5929895833328,63.047017360286496,5.429771423339844,-13.386598587036133,-0.5,-2.876758098602295,-1.4014597070271675
GW151012,GW190725_174728,1382.3283101851853,63.98880482418288,3.9224486351013184,-7.018208980560303,-0.5,-2.876758098602295,-1.3086922509200827
GW151012,GW190727_060333,1383.8394849537037,89.53585016924077,7.474721908569336,-26.643381118774414,-0.5,-2.876758098602295,-1.5945694361152958
GW151012,GW190728_064510,1384.868380787036,23.42361466418181,1.9469318389892578,-0.6116749048233032,0.5,-2.876758098602295,-1.21536914957196
GW151012,GW190803_022701,1390.6891134259242,120.88720393135385,8.85239315032959,-38.15219497680664,-0.5,-2.876758098602295,-1.762216745779572
GW151012,GW190828_063405,1415.860686342592,138.51105908446772,11.681147575378418,-66.91197204589844,-0.5,-2.876758098602295,-2.181156465515553
GW151012,GW190828_065509,1415.875317129628,124.4496530175141,9.896917343139648,-47.779266357421875,-0.5,-2.876758098602295,-1.90245297140761
GW151012,GW190910_112807,1429.0648715277762,117.37177386744,4.191901206970215,-9.191824913024902,-0.5,-2.876758098602295,-1.3403550154600423
GW151012,GW190915_235702,1434.5849560185163,139.4873799848077,11.45938777923584,-64.39852905273438,-0.5,-2.876758098602295,-2.144543486889228
GW151012,GW190924_021846,1442.6833842592575,133.09626269540004,11.126806259155273,-60.607765197753906,-0.5,-2.876758098602295,-2.0893239508276102
GW151012,GW190925_232845,1444.5653090277756,161.79826121054603,9.080714225769043,-40.73150634765625,-0.5,-2.876758098602295,-1.799789220010496
GW151012,GW190929_012149,1447.6438310185185,133.06575907056674,8.727286338806152,-37.27296447753906,-0.5,-2.876758098602295,-1.7494091159408018
GW151012,GW190930_133541,1449.1534583333328,49.428542230819026,3.290757894515991,-4.574787616729736,-0.5,-2.876758098602295,-1.2730992677442778
GW151012,GW191105_143521,1485.1949016203703,38.85659784855487,0.9439297914505005,-1.6220875978469849,1.0,-2.876758098602295,-1.230087692397104
GW151012,GW191109_010717,1488.6337361111105,139.11652803363268,4.1114888191223145,-9.236647605895996,-0.5,-2.876758098602295,-1.341007941466531
GW151012,GW191127_050227,1506.7970497685174,60.15698673753568,1.872754693031311,-2.4341225624084473,0.5,-2.876758098602295,-1.241916494117365
GW151012,GW191129_134029,1509.156790509257,69.45793536809802,2.069859743118286,-2.9100637435913086,0.5,-2.876758098602295,-1.2488494638888812
GW151012,GW191204_171526,1514.3060601851842,78.94888620099177,2.677152633666992,-4.093090057373047,0.10000000149011612,-2.876758098602295,-1.2660824456030773
GW151012,GW191215_223052,1525.5251145833317,53.56464866008487,1.7495014667510986,-2.114917755126953,0.5,-2.876758098602295,-1.2372666815621556
GW151012,GW191216_213338,1526.4853703703704,47.20681488250269,1.8591539859771729,-1.9384833574295044,0.5,-2.876758098602295,-1.2346965859405663
GW151012,GW191219_163120,1529.2754398148147,89.41804989662558,1.9550845623016357,-3.2983791828155518,0.5,-2.876758098602295,-1.2545060015208294
GW151012,GW191222_033537,1531.7367442129607,131.04854466147353,3.3047873973846436,-6.562624454498291,-0.5,-2.876758098602295,-1.3020558137458327
GW151012,GW191230_180458,1540.3404629629629,61.92248818514643,2.604074001312256,-3.4696364402770996,0.10000000149011612,-2.876758098602295,-1.2570006824521638
GW151012,GW200112_155838,1553.2527268518506,20.584728497936048,0.5028773546218872,-1.2917828559875488,1.0,-2.876758098602295,-1.225276188620506
GW151012,GW200128_022011,1568.684369212963,143.84688482635173,3.028350830078125,-6.048340320587158,0.10000000149011612,-2.876758098602295,-1.2945643074518933
GW151012,GW200129_065458,1569.8751851851853,40.594768294201806,2.292781352996826,-2.117593288421631,0.10000000149011612,-2.876758098602295,-1.2373056556879258
GW151012,GW200202_154313,1574.2420266203692,138.24174472549413,12.054204940795898,-71.27253723144531,-0.5,-2.876758098602295,-2.2446762192443384
GW151012,GW200208_130117,1580.1295775462963,129.1622513183911,9.370140075683594,-42.88826370239258,-0.5,-2.876758098602295,-1.8312064079657808
GW151012,GW200209_085452,1580.9584456018497,120.197573391236,4.8886799812316895,-12.09544849395752,-0.5,-2.876758098602295,-1.3826517010808086
GW151012,GW200219_094415,1590.992739583331,38.9108910222673,1.196264386177063,-1.4210883378982544,0.5,-0.8965877890586853,0.4347967218514154
GW151012,GW200224_222234,1596.5193518518518,169.01801705005963,14.127705574035645,-98.5011978149414,-0.5,-0.8965877890586853,-0.9793558899210757
GW151012,GW200225_060421,1596.8400335648132,100.6406927407385,3.696427583694458,-7.181591033935547,-0.5,-0.8965877890586853,0.3508842708189
GW151012,GW200302_015811,1602.6690868055543,131.7363037297588,2.2673885822296143,-4.436295509338379,0.10000000149011612,-0.8965877890586853,0.3908746134041076
GW151012,GW200311_115853,1612.086237268517,7.931034664205801,0.725204348564148,1.2114455699920654,1.0,-0.8965877890586853,0.47314448146434707
GW151012,GW200316_215756,1617.502241898146,91.09997714955205,3.347414493560791,-5.9515533447265625,-0.5,-0.8965877890586853,0.3688020607775611
GW151226,GW170104,375.2729861111111,56.619464426751414,4.857061386108398,-10.448783874511719,-0.5,1.981807827949524,2.7191283015143135
GW151226,GW170608,529.932221064816,52.97473546675462,5.520823001861572,-13.503742218017578,-0.5,1.9128148555755615,2.6167213573517167
GW151226,GW170729,581.6372303240746,121.45425989662665,10.952606201171875,-58.533138275146484,-0.5,-0.9183679819107056,-0.41542677078860224
GW151226,GW170809,592.201032407408,134.61472303092057,14.69034481048584,-106.07499694824219,-0.5,-0.9183679819107056,-1.1079624917848314
GW151226,GW170814,597.2860057870381,105.95445014141418,12.463617324829102,-75.69269561767578,-0.5,-0.9183679819107056,-0.6653876841365207
GW151226,GW170818,600.9488020833334,160.52679417579148,19.426132202148438,-186.6524200439453,-0.5,-0.9183679819107056,-2.2817227392187456
GW151226,GW170823,606.3993738425937,118.87098672987945,8.642306327819824,-36.32889175415039,-0.5,-0.9183679819107056,-0.0919805635350743
GW151226,GW190408_181802,1199.6105277777795,129.29082279932743,13.926621437072754,-95.17333984375,-0.5,-1.8056234121322632,-1.6938328297478775
GW151226,GW190412,1203.0776793981481,61.71077964163271,6.784936904907227,-21.17461395263672,-0.5,-1.8056234121322632,-0.615903560297472
GW151226,GW190413_134308,1204.4196307870386,29.05624286135413,2.779444694519043,-2.298043966293335,0.10000000149011612,-1.8056234121322632,-0.34093115975844895
GW151226,GW190421_213856,1212.7500416666683,49.52977929469696,4.025331497192383,-6.863003730773926,-0.5,-1.8056234121322632,-0.4074283012259617
GW151226,GW190503_185404,1224.6355509259276,73.61234328924492,8.625197410583496,-35.226688385009766,-0.5,-1.8056234121322632,-0.8205981971948575
GW151226,GW190512_180714,1233.6030300925947,87.23303140000347,9.63243579864502,-44.54022216796875,-0.5,-1.8056234121322632,-0.9562671637313787
GW151226,GW190513_205428,1234.7191678240758,111.39382155111558,11.327095985412598,-62.4647216796875,-0.5,-1.8056234121322632,-1.2173708845219484
GW151226,GW190517_055101,1238.0917731481486,82.28712066726798,8.191059112548828,-31.90249252319336,-0.5,-1.8056234121322632,-0.772175092963165
GW151226,GW190519_153544,1240.4978206018525,144.10749752432272,14.05261516571045,-97.13492584228516,-0.5,-1.8056234121322632,-1.7224069833823128
GW151226,GW190521,1241.9747314814838,68.95471435080816,5.903309345245361,-16.08182716369629,-0.5,-1.8056234121322632,-0.5417176351107722
GW151226,GW190521_074359,1242.1702175925948,119.90427140789733,12.101445198059082,-71.55065155029297,-0.5,-1.8056234121322632,-1.349724376149776
GW151226,GW190602_175927,1254.5976203703715,84.4721596544576,7.810898780822754,-29.008298873901367,-0.5,-1.8056234121322632,-0.73001577186053
GW151226,GW190620_030421,1271.976026620371,86.3656110357902,3.5404977798461914,-6.397629737854004,-0.5,-1.8056234121322632,-0.40064926223348585
GW151226,GW190630_185205,1282.6341724537037,168.21540152069144,14.642367362976074,-105.82353210449219,-0.5,-1.8056234121322632,-1.848972716615941
GW151226,GW190701_203306,1283.7043275462975,122.64253522729045,14.7659273147583,-106.99162292480469,-0.5,-1.8056234121322632,-1.8659881350495495
GW151226,GW190706_222641,1288.783202546297,30.728174132430286,1.9617291688919067,-1.168321132659912,0.5,-1.8056234121322632,-0.3244746425133843
GW151226,GW190707_093326,1289.2462210648148,45.96464594419291,3.8058724403381348,-5.966410160064697,-0.5,-1.8056234121322632,-0.394367745911933
GW151226,GW190708_232457,1290.8236655092599,20.413324900714578,0.7092164754867554,-0.7124818563461304,1.0,-1.8056234121322632,-0.3178344944272302
GW151226,GW190720_000836,1301.8539826388906,131.78974312982498,14.413092613220215,-102.03618621826172,-0.5,-1.8056234121322632,-1.7938029696353288
GW151226,GW190725_174728,1307.589303240743,134.61882114442258,9.182757377624512,-41.27317810058594,-0.5,-1.8056234121322632,-0.9086765818340874
GW151226,GW190727_060333,1309.1004780092615,74.97476112298736,7.805270671844482,-28.727251052856445,-0.5,-1.8056234121322632,-0.7259217868794188
GW151226,GW190728_064510,1310.1293738425936,173.2740172049213,17.916650772094727,-158.78289794921875,-0.5,-1.8056234121322632,-2.6204245199829845
GW151226,GW190803_022701,1315.950106481482,48.61778853105476,4.180212497711182,-7.38576602935791,-0.5,-1.8056234121322632,-0.41504330777942616
GW151226,GW190828_063405,1341.1216793981498,26.429242823540505,2.7953975200653076,-2.14154052734375,0.10000000149011612,-1.8056234121322632,-0.33865139567356944
GW151226,GW190828_065509,1341.1363101851857,43.76389752191227,4.232698917388916,-7.371232509613037,-0.5,-1.8056234121322632,-0.4148315999948329
GW151226,GW190910_112807,1354.325864583334,43.608725869253334,1.61098313331604,-1.6358816623687744,0.5,-1.8056234121322632,-0.33128553248674053
GW151226,GW190915_235702,1359.845949074074,50.43742264293244,5.122463703155518,-11.435436248779297,-0.5,-2.876758098602295,-1.3730373934193474
GW151226,GW190924_021846,1367.9443773148153,28.850039450311442,3.0099775791168213,-2.7917630672454834,0.10000000149011612,-2.876758098602295,-1.2471261941961491
GW151226,GW190925_232845,1369.8263020833333,35.411515317997555,2.170166254043579,-1.6807005405426025,0.10000000149011612,-2.876758098602295,-1.2309414990774135
GW151226,GW190929_012149,1372.9048240740763,27.965333584856154,2.0771644115448,-1.0986530780792236,0.5,-2.876758098602295,-1.2224628936900475
GW151226,GW190930_133541,1374.4144513888905,139.48559047524515,10.562321662902832,-54.68408203125,-0.5,-2.876758098602295,-2.003034472309818
GW151226,GW191105_143521,1410.4558946759282,129.2674362316093,3.188807725906372,-6.230143070220947,-0.5,-2.876758098602295,-1.297212603118297
GW151226,GW191109_010717,1413.8947291666684,51.55892945936478,1.5590579509735107,-1.9540413618087769,0.5,-2.876758098602295,-1.2349232172520206
GW151226,GW191127_050227,1432.058042824075,115.38319161134747,3.6846158504486084,-7.417804718017578,-0.5,-2.876758098602295,-1.3145131071059937
GW151226,GW191129_134029,1434.4177835648147,124.16674658209216,3.787322521209717,-7.893260955810547,-0.5,-2.876758098602295,-1.3214390127738014
GW151226,GW191204_171526,1439.5670532407419,83.74703945141236,2.9273648262023926,-4.733551979064941,0.10000000149011612,-2.876758098602295,-1.2754119663893677
GW151226,GW191215_223052,1450.7861076388895,107.87570039266873,3.6237645149230957,-7.0941901206970215,-0.5,-2.876758098602295,-1.30979905774538
GW151226,GW191216_213338,1451.7463634259282,148.41260673931677,6.091926574707031,-18.683271408081055,-0.5,-2.876758098602295,-1.4786156120208296
GW151226,GW191219_163120,1454.5364328703727,71.57083389727396,1.5843795537948608,-2.617542028427124,0.5,-2.876758098602295,-1.2445883402691411
GW151226,GW191222_033537,1456.9977372685184,59.67379866508147,1.5299785137176514,-2.239119052886963,0.5,-2.876758098602295,-1.2390759047960291
GW151226,GW191230_180458,1465.6014560185208,101.63906832190844,4.482107162475586,-10.028736114501953,-0.5,-2.876758098602295,-1.3525461859043886
GW151226,GW200112_155838,1478.5137199074086,166.1285328424424,4.12194299697876,-9.62950325012207,-0.5,-2.876758098602295,-1.3467306156407215
GW151226,GW200128_022011,1493.9453622685207,52.368938668509514,1.1152324676513672,-2.0617964267730713,1.0,-2.876758098602295,-1.2364928704731784
GW151226,GW200129_065458,1495.136178240743,158.5440995427635,9.789878845214844,-47.231651306152344,-0.5,-2.876758098602295,-1.8944759382216114
GW151226,GW200202_154313,1499.5030196759271,29.251811667859105,3.2641866207122803,-3.454742193222046,-0.5,-2.876758098602295,-1.2567837200024226
GW151226,GW200208_130117,1505.390570601854,37.82533832162591,3.210663318634033,-3.8286056518554688,-0.5,-2.876758098602295,-1.2622297376194278
GW151226,GW200209_085452,1506.2194386574074,53.83513439650113,2.288679838180542,-2.6763529777526855,0.10000000149011612,-2.876758098602295,-1.2454450312848142
GW151226,GW200219_094415,1516.2537326388888,125.08822106339692,3.942275047302246,-8.426712036132812,-0.5,-2.876758098602295,-1.3292097213417495
GW151226,GW200224_222234,1521.7803449074097,15.401731653825667,1.6065105199813843,0.44730791449546814,0.5,-2.876758098602295,-1.1999430923926986
GW151226,GW200225_060421,1522.101026620371,70.70200651409165,2.6914515495300293,-3.900165557861328,0.10000000149011612,-2.876758098602295,-1.2632721409348082
GW151226,GW200302_015811,1527.9300798611123,63.07997302303181,1.094036340713501,-2.448939561843872,1.0,-2.876758098602295,-1.2421323313116484
GW151226,GW200311_115853,1537.3472303240746,156.8734762529134,18.9698429107666,-177.8940887451172,-0.5,-2.876758098602295,-3.797817705760168
GW151226,GW200316_215756,1542.7632349537037,77.49531949277551,2.9513895511627197,-4.632656097412109,0.10000000149011612,-2.876758098602295,-1.2739422299487615
GW170104,GW170608,154.6592349537048,9.359744606485096,0.9544700980186462,1.2370363473892212,1.0,-0.7512125372886658,0.5955306741972726
GW170104,GW170729,206.3642442129635,175.58771646550645,15.577392578125,-119.91364288330078,-0.5,-0.9063971638679504,-1.2995010402643123
GW170104,GW170809,216.92804629629686,120.02434613350614,12.790360450744629,-80.0160903930664,-0.5,-1.3033174276351929,-1.0514539629247166
GW170104,GW170814,222.01301967592704,111.22140708589696,12.728014945983887,-79.07803344726562,-0.5,-1.3033174276351929,-1.037789416324579
GW170104,GW170818,225.6758159722222,106.61230664151314,12.531874656677246,-76.54721069335938,-0.5,-1.3033174276351929,-1.0009232691122494
GW170104,GW170823,231.1263877314826,152.08599175797636,10.939543724060059,-58.84235382080078,-0.5,-1.3033174276351929,-0.7430190524579867
GW170104,GW190408_181802,824.3375416666684,76.94305771724495,8.098062515258789,-31.033615112304688,-0.5,-2.2879765033721924,-1.1643571137479292
GW170104,GW190412,827.804693287037,67.72298535664474,7.2684712409973145,-24.620519638061523,-0.5,-2.2879765033721924,-1.0709384334095853
GW170104,GW190413_134308,829.1466446759276,79.43484050005983,7.460231781005859,-26.299654006958008,-0.5,-2.2879765033721924,-1.095398152976068
GW170104,GW190421_213856,837.4770555555572,106.08298064121549,8.507333755493164,-34.975372314453125,-0.5,-2.2879765033721924,-1.221776149144767
GW170104,GW190503_185404,849.3625648148164,96.82624382515066,11.03951358795166,-59.01972579956055,-0.5,-2.2879765033721924,-1.572026941634719
GW170104,GW190512_180714,858.3300439814836,133.80664335021638,14.420042991638184,-102.1657943725586,-0.5,-2.4923787117004395,-2.3720845188810573
GW170104,GW190513_205428,859.4461817129646,55.73350692913072,5.551120758056641,-13.76205825805664,-0.5,-2.4923787117004395,-1.0843194453740885
GW170104,GW190517_055101,862.8187870370376,136.98341897470266,13.36751651763916,-87.74073791503906,-0.5,-2.4923787117004395,-2.1619567040871237
GW170104,GW190519_153544,865.2248344907413,93.60100117831395,8.955026626586914,-38.53132247924805,-0.5,-2.4923787117004395,-1.4451299129226838
GW170104,GW190521,866.7017453703726,81.96021415321283,6.913878440856934,-22.587684631347656,-0.5,-2.4923787117004395,-1.212881131733425
GW170104,GW190521_074359,866.8972314814837,115.67892514203068,11.439177513122559,-63.79636001586914,-0.5,-2.4923787117004395,-1.813162242216581
GW170104,GW190602_175927,879.3246342592604,82.12456216502169,7.464445114135742,-26.396564483642578,-0.5,-2.4923787117004395,-1.2683645610380059
GW170104,GW190620_030421,896.7030405092598,96.92877862497089,3.9599432945251465,-7.977492332458496,-0.5,-2.4923787117004395,-1.0000564685838822
GW170104,GW190630_185205,907.3611863425926,135.16389756094628,11.587239265441895,-65.78665161132812,-0.5,-2.4923787117004395,-1.842154546336023
GW170104,GW190701_203306,908.4313414351863,90.71571070684712,10.61198902130127,-54.3400764465332,-0.5,-2.4923787117004395,-1.6754138591618628
GW170104,GW190706_222641,913.5102164351857,43.03483971481052,2.724789619445801,-2.972900152206421,0.10000000149011612,-2.4923787117004395,-0.9271552621402159
GW170104,GW190707_093326,913.9732349537037,95.55358833748052,7.803204536437988,-29.19672966003418,-0.5,-2.4923787117004395,-1.3091541822994543
GW170104,GW190708_232457,915.5506793981486,46.579421026102004,1.6143211126327515,-1.7689281702041626,0.5,-2.4923787117004395,-0.9096171677558866
GW170104,GW190720_000836,926.5809965277795,101.14559398456419,10.800725936889648,-56.54316329956055,-0.5,-2.4923787117004395,-1.7075059225510887
GW170104,GW190725_174728,932.3163171296318,142.70409855556022,9.642966270446777,-45.62391662597656,-0.5,-2.4923787117004395,-1.5484467570307987
GW170104,GW190727_060333,933.8274918981504,89.28214279252066,9.095370292663574,-39.6723747253418,-0.5,-2.4923787117004395,-1.4617514641619098
GW170104,GW190728_064510,934.8563877314826,119.8353547991719,12.128739356994629,-71.87567138671875,-0.5,-2.4923787117004395,-1.930852460511112
GW170104,GW190803_022701,940.677120370371,8.03828229455334,0.6809242367744446,1.089708685874939,1.0,-2.4923787117004395,-0.8679757975729521
GW170104,GW190828_063405,965.8486932870387,68.83203732312556,7.119273662567139,-23.621179580688477,-0.5,-2.4923787117004395,-1.2279359106138465
GW170104,GW190828_065509,965.8633240740746,84.44209999192037,8.015095710754395,-30.5717830657959,-0.5,-2.4923787117004395,-1.329184396269747
GW170104,GW190910_112807,979.0528784722228,42.659022216108916,1.571520447731018,-1.578651785850525,0.5,-2.4923787117004395,-0.9068454378171606
GW170104,GW190915_235702,984.572962962963,52.691275786009925,5.241952896118164,-12.095969200134277,-0.5,-2.4923787117004395,-1.0600497550595795
GW170104,GW190924_021846,992.6713912037043,36.81012973924648,3.757742404937744,-5.365645885467529,-0.5,-2.4923787117004395,-0.9620100603705253
GW170104,GW190925_232845,994.5533159722222,84.41797576377189,5.134210109710693,-12.521187782287598,-0.5,-2.4923787117004395,-1.0662438557024976
GW170104,GW190929_012149,997.6318379629652,52.869697402603585,3.8834075927734375,-6.504085063934326,-0.5,-2.4923787117004395,-0.9785935474127772
GW170104,GW190930_133541,999.1414652777794,92.49151890991541,6.92307186126709,-22.890398025512695,-0.5,-2.4923787117004395,-1.217290716140396
GW170104,GW191105_143521,1035.1829085648171,122.38906690719128,3.015380620956421,-5.69464111328125,0.10000000149011612,-1.2313374280929565,0.09158917084349377
GW170104,GW191109_010717,1038.6217430555573,107.13120294294818,3.2334330081939697,-5.969987869262695,-0.5,-1.2313374280929565,0.08757823249359087
GW170104,GW191127_050227,1056.785056712964,59.46370204621188,1.8949508666992188,-2.4291889667510986,0.5,-1.2313374280929565,0.13915656344852267
GW170104,GW191129_134029,1059.1447974537036,168.66454110013314,5.134830951690674,-13.90839672088623,-0.5,-1.2313374280929565,-0.028059478169435936
GW170104,GW191204_171526,1064.2940671296308,84.64874736525911,2.951519250869751,-4.809536457061768,0.10000000149011612,-1.2313374280929565,0.10448236871922095
GW170104,GW191215_223052,1075.5131215277784,88.32577970493547,2.9602205753326416,-4.914412498474121,0.10000000149011612,-1.2313374280929565,0.10295465383844293
GW170104,GW191216_213338,1076.473377314817,110.6218599107424,4.525157928466797,-10.372881889343262,-0.5,-1.2313374280929565,0.023441880449954322
GW170104,GW191219_163120,1079.2634467592616,63.33133081467745,1.4005770683288574,-2.3452229499816895,0.5,-1.2313374280929565,0.14037968487426306
GW170104,GW191222_033537,1081.7247511574074,115.35664949623279,2.9536654949188232,-5.4334564208984375,0.10000000149011612,-1.2313374280929565,0.09539381235943162
GW170104,GW191230_180458,1090.3284699074097,97.708089548891,4.291726589202881,-9.201472282409668,-0.5,-1.2313374280929565,0.04050564319212818
GW170104,GW200112_155838,1103.2407337962975,133.10295628078666,3.298370599746704,-6.5764360427856445,-0.5,-1.2313374280929565,0.07874418530192656
GW170104,GW200128_022011,1118.6723761574096,101.96279879799953,2.1693570613861084,-3.794832468032837,0.10000000149011612,-1.2313374280929565,0.11926342226346476
GW170104,GW200129_065458,1119.863192129632,129.4891714928246,7.934158802032471,-30.80170249938965,-0.5,-1.2313374280929565,-0.27414194157859806
GW170104,GW200202_154313,1124.2300335648158,27.38257672222879,2.9806509017944336,-2.619093656539917,0.10000000149011612,-1.2313374280929565,0.13639024793343557
GW170104,GW200208_130117,1130.117584490743,78.58158594818516,6.5739617347717285,-20.31195068359375,-0.5,-1.2313374280929565,-0.12133916862065378
GW170104,GW200209_085452,1130.9464525462963,13.359566563694385,0.5658646821975708,-0.22479073703289032,1.0,-1.2313374280929565,0.17126772948176483
GW170104,GW200219_094415,1140.9807465277777,109.2498456612161,3.4361419677734375,-6.563535213470459,-0.5,-1.2313374280929565,0.07893210990943245
GW170104,GW200224_222234,1146.5073587962986,70.58312707158758,7.203807353973389,-24.253204345703125,-0.5,-1.2313374280929565,-0.1787508690189507
GW170104,GW200225_060421,1146.8280405092598,14.419586309670978,0.5472988486289978,-0.43388643860816956,1.0,-1.2313374280929565,0.16822186113565418
GW170104,GW200302_015811,1152.6570937500012,114.60762363109252,1.9864920377731323,-3.824786424636841,0.5,-1.2313374280929565,0.11882708709457535
GW170104,GW200311_115853,1162.0742442129635,117.19813679835993,13.766488075256348,-92.78277587890625,-0.5,-1.2313374280929565,-1.1770117186345548
GW170104,GW200316_215756,1167.4902488425926,21.984539909837018,0.8348034024238586,-0.6316684484481812,1.0,-1.8056234121322632,-0.31665729662161646
GW170608,GW170729,51.70500925925871,166.22873171756652,18.219593048095703,-164.1399383544922,-0.5,0.3182103931903839,-0.9159265666381464
GW170608,GW170809,62.26881134259204,115.32804466398878,17.338666915893555,-147.84580993652344,-0.5,0.21406562626361847,-0.7659809164309711
GW170608,GW170814,67.35378472222222,103.17047186590617,18.085712432861328,-160.7704315185547,-0.5,-0.2361980527639389,-1.332158304931943
GW170608,GW170818,71.01658101851741,112.06259952369739,20.97010612487793,-216.96600341796875,-0.5,-0.2361980527639389,-2.1507514771038134
GW170608,GW170823,76.46715277777778,160.06757323713484,13.093031883239746,-84.46219635009766,-0.5,-0.15858153998851776,-0.15544320993217287
GW170608,GW190408_181802,669.6783067129635,83.88224304603277,12.3063325881958,-73.30293273925781,-0.5,-2.81665301322937,-2.2238065272047822
GW170608,GW190412,673.1454583333323,74.36876624925631,11.341558456420898,-61.818023681640625,-0.5,-2.81665301322937,-2.0565074354826045
GW170608,GW190413_134308,674.4874097222228,72.8459004417211,8.734336853027344,-36.12791442871094,-0.5,-2.81665301322937,-1.6822831449203637
GW170608,GW190421_213856,682.8178206018524,101.45544551626182,9.600611686706543,-44.54288101196289,-0.5,-2.81665301322937,-1.8048628065605068
GW170608,GW190503_185404,694.7033298611117,87.46822896407286,15.200531005859375,-112.76937866210938,-0.5,-2.81665301322937,-2.7987088205770023
GW170608,GW190512_180714,703.6708090277789,136.10821219483557,20.930490493774414,-216.5286407470703,-0.5,-2.81665301322937,-4.3101557303863895
GW170608,GW190513_205428,704.7869467592598,58.41950272590033,7.738801956176758,-27.728755950927734,-0.5,-2.81665301322937,-1.559933757779871
GW170608,GW190517_055101,708.1595520833328,135.18355484537759,17.280960083007812,-147.17127990722656,-0.5,-2.81665301322937,-3.2998365877147817
GW170608,GW190519_153544,710.5655995370365,100.4494337835998,12.417740821838379,-75.02262115478516,-0.5,-2.81665301322937,-2.2488569919946677
GW170608,GW190521,712.0425104166678,88.52074745479348,9.001317977905273,-38.82501983642578,-0.5,-2.81665301322937,-1.72157150869634
GW170608,GW190521_074359,712.2379965277789,124.98856860340643,16.348983764648438,-131.45416259765625,-0.5,-2.81665301322937,-3.0708875000737192
GW170608,GW190602_175927,724.6653993055555,73.62864012060456,8.378275871276855,-33.18596267700195,-0.5,-2.81665301322937,-1.6394281381038363
GW170608,GW190620_030421,742.043805555555,104.56317475842845,4.43717098236084,-9.9052152633667,-0.5,-2.2879765033721924,-0.8565826170986984
GW170608,GW190630_185205,752.7019513888878,138.6036081477214,14.430580139160156,-102.38678741455078,-0.5,-2.2879765033721924,-2.2037489676820767
GW170608,GW190701_203306,753.7721064814815,86.8428568436665,16.054800033569336,-125.99590301513672,-0.5,-2.2879765033721924,-2.5476597097285962
GW170608,GW190706_222641,758.850981481481,45.527954384513556,3.1749489307403564,-4.107643127441406,-0.5,-2.2879765033721924,-0.7721301806302688
GW170608,GW190707_093326,759.3139999999989,95.46297221776196,9.266327857971191,-41.338539123535156,-0.5,-2.2879765033721924,-1.314467525480053
GW170608,GW190708_232457,760.8914444444439,46.802563306286316,1.6665006875991821,-1.8004592657089233,0.5,-2.2879765033721924,-0.7385217504226383
GW170608,GW190720_000836,771.9217615740746,110.06765836148757,16.61577796936035,-135.56495666503906,-0.5,-2.2879765033721924,-2.6870507990474692
GW170608,GW190725_174728,777.657082175927,152.0052589219868,11.484374046325684,-64.85270690917969,-0.5,-2.2879765033721924,-1.656995175756232
GW170608,GW190727_060333,779.1682569444456,80.02143080635886,11.039629936218262,-58.639739990234375,-0.5,-2.2879765033721924,-1.5664917405766468
GW170608,GW190728_064510,780.1971527777778,124.53440200473561,16.9779109954834,-141.85150146484375,-0.5,-2.2879765033721924,-2.7786260331047696
GW170608,GW190803_022701,786.0178854166661,9.926629817028644,1.0155656337738037,1.1833394765853882,1.0,-2.2879765033721924,-0.6950571642458295
GW170608,GW190828_063405,811.1894583333338,61.54592619582529,8.733513832092285,-35.783782958984375,-0.5,-2.2879765033721924,-1.2335521558932852
GW170608,GW190828_065509,811.2040891203699,76.18007094544117,9.294554710388184,-41.14313888549805,-0.5,-2.2879765033721924,-1.3116211570689575
GW170608,GW190910_112807,824.3936435185179,33.42488991110223,1.2696717977523804,-1.0885412693023682,0.5,-2.2879765033721924,-0.7281513388171155
GW170608,GW190915_235702,829.9137280092582,58.645896176129575,7.752687454223633,-27.84046173095703,-0.5,-2.2879765033721924,-1.1178428873183557
GW170608,GW190924_021846,838.0121562499994,29.52020053620017,4.088161468505859,-6.051913738250732,-0.5,-2.2879765033721924,-0.8004521033915806
GW170608,GW190925_232845,839.8940810185175,84.12239932743958,5.589174747467041,-14.78374195098877,-0.5,-2.2879765033721924,-0.9276474448380405
GW170608,GW190929_012149,842.9726030092604,44.93583162498681,3.7771687507629395,-5.827446460723877,-0.5,-2.2879765033721924,-0.7971823194112986
GW170608,GW190930_133541,844.4822303240746,100.03332499898428,8.62002944946289,-35.79671096801758,-0.5,-2.2879765033721924,-1.2337404764240079
GW170608,GW191105_143521,880.5236736111123,116.67221223226895,2.9135375022888184,-5.365774631500244,0.10000000149011612,-2.4923787117004395,-0.9620119357962885
GW170608,GW191109_010717,883.9625081018524,104.49282380997731,3.2186923027038574,-5.881700038909912,-0.5,-2.4923787117004395,-0.9695273502956994
GW170608,GW191127_050227,902.1258217592592,65.22007619567191,2.126234769821167,-2.848689556121826,0.5,-2.4923787117004395,-0.9253459034589261
GW170608,GW191129_134029,904.4855624999989,176.21378526520814,5.47702693939209,-15.682604789733887,-0.5,-2.4923787117004395,-1.1122957827353914
GW170608,GW191204_171526,909.6348321759259,75.98108021416202,2.722811698913574,-4.1059136390686035,0.10000000149011612,-2.4923787117004395,-0.9436597138785867
GW170608,GW191215_223052,920.8538865740735,82.17133530045793,2.8243346214294434,-4.47092342376709,0.10000000149011612,-2.4923787117004395,-0.9489767612442568
GW170608,GW191216_213338,921.8141423611122,118.51181440218517,5.036044597625732,-12.739079475402832,-0.5,-2.4923787117004395,-1.0694178540484234
GW170608,GW191219_163120,924.6042118055567,54.62525067968821,1.221197247505188,-2.0884134769439697,0.5,-2.4923787117004395,-0.9142710663081526
GW170608,GW191222_033537,927.0655162037026,112.64152635774767,2.926485300064087,-5.324397563934326,0.10000000149011612,-2.4923787117004395,-0.9614092017400433
GW170608,GW191230_180458,935.6692349537049,89.99856133456329,4.131582260131836,-8.438675880432129,-0.5,-2.4923787117004395,-1.0067744659407727
GW170608,GW200112_155838,948.5814988425926,134.53985049723892,3.3797569274902344,-6.8209147453308105,-0.5,-2.4923787117004395,-0.9832087618356641
GW170608,GW200128_022011,964.0131412037048,102.06278593725935,2.193344831466675,-3.827125072479248,0.10000000149011612,-2.4923787117004395,-0.9395986391466111
GW170608,GW200129_065458,965.203957175927,136.5335417348306,9.152382850646973,-41.02959442138672,-0.5,-2.4923787117004395,-1.481521896933876
GW170608,GW200202_154313,969.5707986111111,24.423491179421852,3.8339788913726807,-4.794404983520508,-0.5,-2.4923787117004395,-0.9536888726649151
GW170608,GW200208_130117,975.4583495370381,70.56013665484132,7.089101791381836,-23.46491813659668,-0.5,-2.4923787117004395,-1.2256596716348
GW170608,GW200209_085452,976.2872175925914,21.214586345079823,0.936123251914978,-0.4209807515144348,1.0,-2.4923787117004395,-0.8899818029737442
GW170608,GW200219_094415,986.3215115740729,103.83088968694386,3.338867425918579,-6.189704418182373,-0.5,-2.4923787117004395,-0.9740140077555215
GW170608,GW200224_222234,991.8481238425937,67.85581204543398,9.39322280883789,-41.812530517578125,-0.5,-2.4923787117004395,-1.4929268194380254
GW170608,GW200225_060421,992.168805555555,21.56101524733016,0.8454724550247192,-0.5763279795646667,1.0,-2.4923787117004395,-0.8922447246933659
GW170608,GW200302_015811,997.9978587962963,114.29112632533247,1.9941751956939697,-3.82682728767395,0.5,-2.4923787117004395,-0.9395943013562806
GW170608,GW200311_115853,1007.4150092592587,116.80653473248643,21.818843841552734,-235.12786865234375,-0.5,-1.2313374280929565,-3.2505331207314048
GW170608,GW200316_215756,1012.8310138888878,24.668486649855623,0.9677896499633789,-0.6862656474113464,1.0,-1.2313374280929565,0.164545487888769
GW170729,GW170809,10.563802083333334,57.90184268870507,6.679811477661133,-20.370681762695312,-0.5,1.0945045948028564,1.8298839790403656
GW170729,GW170814,15.648775462963515,64.98282957485151,8.15883731842041,-31.174776077270508,-0.5,0.9412388801574707,1.5438663430333595
GW170729,GW170818,19.311571759258708,75.98752791273851,9.855009078979492,-46.38719940185547,-0.5,0.5892588496208191,1.0268523045786684
GW170729,GW170823,24.76214351851907,31.960142183214653,2.379819393157959,-1.7681233882904053,0.10000000149011612,1.0970654487609863,2.103014214227696
GW170729,GW190408_181802,617.9732974537048,106.20836242380942,12.075726509094238,-71.00141143798828,-0.5,-0.9183679819107056,-0.597050392275093
GW170729,GW190412,621.4404490740735,115.37697613920275,13.422115325927734,-88.12062072753906,-0.5,-0.9183679819107056,-0.8464235610808303
GW170729,GW190413_134308,622.7824004629641,97.47356134336027,9.725324630737305,-45.64208984375,-0.5,-0.9183679819107056,-0.22764464007256816
GW170729,GW190421_213856,631.1128113425937,71.93477369700891,6.024567604064941,-16.848960876464844,-0.5,-2.81665301322937,-1.4014492782816326
GW170729,GW190503_185404,642.9983206018529,78.7614931309233,9.844656944274902,-46.359046936035156,-0.5,-2.81665301322937,-1.8313186459572097
GW170729,GW190512_180714,651.9657997685201,47.84043787142644,5.592319488525391,-13.671395301818848,-0.5,-2.81665301322937,-1.3551621172898478
GW170729,GW190513_205428,653.0819375000011,125.10347970600273,13.34509563446045,-87.26319885253906,-0.5,-2.81665301322937,-2.4271638049363666
GW170729,GW190517_055101,656.4545428240741,42.81750992560989,4.461864471435547,-8.218299865722656,-0.5,-2.81665301322937,-1.2757276255619243
GW170729,GW190519_153544,658.8605902777778,89.58057424792602,9.127103805541992,-39.961219787597656,-0.5,-2.81665301322937,-1.7381223772223529
GW170729,GW190521,660.3375011574091,101.17020315614374,8.956043243408203,-38.69573211669922,-0.5,-2.81665301322937,-1.7196881922527727
GW170729,GW190521_074359,660.5329872685202,68.72089648495111,7.270459175109863,-24.663677215576172,-0.5,-2.81665301322937,-1.5152851771155618
GW170729,GW190602_175927,672.9603900462969,93.81560572203576,9.022201538085938,-39.12477111816406,-0.5,-2.81665301322937,-1.725937944418712
GW170729,GW190620_030421,690.3387962962963,86.75096347857314,3.582984447479248,-6.534003257751465,-0.5,-2.81665301322937,-1.2511927083683538
GW170729,GW190630_185205,700.9969421296291,46.82351149647075,4.219391345977783,-7.45644474029541,-0.5,-2.81665301322937,-1.2646297866614649
GW170729,GW190701_203306,702.0670972222227,87.36941661735028,11.264896392822266,-61.28727722167969,-0.5,-2.81665301322937,-2.048776124747729
GW170729,GW190706_222641,707.1459722222222,137.70513774354123,8.95391845703125,-39.293800354003906,-0.5,-2.81665301322937,-1.7284001700653089
GW170729,GW190707_093326,707.6089907407402,84.55378724522842,7.223150730133057,-24.748571395874023,-0.5,-2.81665301322937,-1.5165218189718512
GW170729,GW190708_232457,709.1864351851851,133.123460508675,4.649936676025391,-11.261225700378418,-0.5,-2.81665301322937,-1.3200535079665587
GW170729,GW190720_000836,720.216752314816,83.0411735516374,9.603105545043945,-44.16574478149414,-0.5,-2.81665301322937,-1.799369114925996
GW170729,GW190725_174728,725.9520729166683,41.67878078718536,2.903318166732788,-3.284327268600464,0.10000000149011612,-2.81665301322937,-1.203855124879545
GW170729,GW190727_060333,727.4632476851868,86.33863178856865,9.452062606811523,-42.83625793457031,-0.5,-2.81665301322937,-1.7800026627554915
GW170729,GW190728_064510,728.492143518519,62.526160794559665,6.793973445892334,-21.259557723999023,-0.5,-2.81665301322937,-1.4656978363540865
GW170729,GW190803_022701,734.3128761574075,169.62959218834257,15.0857515335083,-112.37110137939453,-0.5,-2.81665301322937,-2.7929071701401122
GW170729,GW190828_063405,759.4844490740752,107.70922819202802,12.000578880310059,-70.13733673095703,-0.5,-2.2879765033721924,-1.7339756520347889
GW170729,GW190828_065509,759.4990798611111,91.69543987158292,9.259198188781738,-41.19350814819336,-0.5,-2.2879765033721924,-1.3123548791957387
GW170729,GW190910_112807,772.6886342592593,132.9878266121369,4.942682266235352,-12.541175842285156,-0.5,-2.2879765033721924,-0.894980292557525
GW170729,GW190915_235702,778.2087187499994,129.95317356390024,13.843770980834961,-94.04508972167969,-0.5,-2.2879765033721924,-2.082236603897817
GW170729,GW190924_021846,786.3071469907408,139.54379734735198,15.313559532165527,-115.41326141357422,-0.5,-2.2879765033721924,-2.3935038240284388
GW170729,GW190925_232845,788.1890717592587,95.48900889887804,5.951507568359375,-17.002376556396484,-0.5,-2.2879765033721924,-0.9599659901992619
GW170729,GW190929_012149,791.2675937500017,123.32687920099072,9.391949653625488,-42.99575424194336,-0.5,-2.2879765033721924,-1.33860795033732
GW170729,GW190930_133541,792.7772210648159,91.0172362379465,7.073573589324951,-23.868513107299805,-0.5,-2.2879765033721924,-1.0599840576339983
GW170729,GW191105_143521,828.8186643518535,55.04515363438767,1.3615339994430542,-2.067394256591797,0.5,-2.2879765033721924,-0.7424101557464884
GW170729,GW191109_010717,832.2574988425937,71.86868478659987,2.1820201873779297,-3.111208438873291,0.10000000149011612,-2.2879765033721924,-0.7576152534748506
GW170729,GW191127_050227,850.4208125000006,122.97310272274073,3.9447946548461914,-8.401263236999512,-0.5,-2.2879765033721924,-0.8346747546382567
GW170729,GW191129_134029,852.7805532407402,15.610043885774594,0.47810444235801697,-0.8273963332176208,1.0,-2.2879765033721924,-0.7243472764257073
GW170729,GW191204_171526,857.9298229166673,91.2205231582136,3.205944061279297,-5.5770087242126465,-0.5,-2.4923787117004395,-0.9650889537921867
GW170729,GW191215_223052,869.1488773148149,88.685122787359,2.9940712451934814,-5.000570297241211,0.10000000149011612,-2.4923787117004395,-0.9566920544539094
GW170729,GW191216_213338,870.1091331018536,73.10636287553037,3.023393392562866,-4.682948589324951,0.10000000149011612,-2.4923787117004395,-0.9520653026895675
GW170729,GW191219_163120,872.8992025462979,112.49543544159026,2.4957432746887207,-4.472442626953125,0.10000000149011612,-2.4923787117004395,-0.9489988912682639
GW170729,GW191222_033537,875.3605069444438,63.68835846297236,1.6376689672470093,-2.4038589000701904,0.5,-2.4923787117004395,-0.9188661164310732
GW170729,GW191230_180458,883.9642256944461,78.62081172458855,3.497204542160034,-6.0819878578186035,-0.5,-2.4923787117004395,-0.9724449154255875
GW170729,GW200112_155838,896.8764895833339,47.959880804537036,1.1932178735733032,-1.840729832649231,0.5,-2.4923787117004395,-0.9106630927040895
GW170729,GW200128_022011,912.3081319444461,78.29538736158328,1.6707031726837158,-2.831535816192627,0.5,-2.4923787117004395,-0.9250960272870385
GW170729,GW200129_065458,913.4989479166683,53.957883141170015,3.3893826007843018,-5.020492076873779,-0.5,-2.4923787117004395,-0.9569822522797082
GW170729,GW200202_154313,917.8657893518524,150.43162431835088,17.793474197387695,-156.31463623046875,-0.5,-2.4923787117004395,-3.1608632558470173
GW170729,GW200208_130117,923.7533402777794,97.65579762060538,8.566174507141113,-35.2983512878418,-0.5,-2.4923787117004395,-1.3980356659266655
GW170729,GW200209_085452,924.5822083333328,169.56142690042586,7.266753673553467,-26.444087982177734,-0.5,-2.4923787117004395,-1.2690568293093962
GW170729,GW200219_094415,934.6165023148143,68.23244233664683,2.159905433654785,-2.9797301292419434,0.10000000149011612,-2.4923787117004395,-0.92725475347696
GW170729,GW200224_222234,940.143114583335,108.05046444296185,11.854369163513184,-68.42426300048828,-0.5,-2.4923787117004395,-1.8805762689207484
GW170729,GW200225_060421,940.4637962962963,167.79340511301137,6.428754806518555,-20.929771423339844,-0.5,-2.4923787117004395,-1.1887305379009079
GW170729,GW200302_015811,946.2928495370376,65.5840091652177,1.138979434967041,-2.4964587688446045,1.0,-2.4923787117004395,-0.920215005992308
GW170729,GW200311_115853,955.71,62.79032519089908,8.136444091796875,-30.929180145263672,-0.5,-2.4923787117004395,-1.334390550404634
GW170729,GW200316_215756,961.126004629629,157.94570666957867,6.054224967956543,-18.59123420715332,-0.5,-2.4923787117004395,-1.154665387688244
GW170809,GW170814,5.084973379630181,28.875546791766855,5.841069221496582,-13.996630668640137,-0.5,1.429640769958496,2.204013620035454
GW170809,GW170818,8.747769675925374,60.23435912045359,13.31836223602295,-85.44900512695312,-0.5,1.549420952796936,1.2637081818531648
GW170809,GW170823,14.198341435185737,83.50897320789157,7.023828983306885,-23.35980224609375,-0.5,0.9412388801574707,1.6577059927188151
GW170809,GW190408_181802,607.4094953703715,84.08856940048051,13.577286720275879,-89.55973052978516,-0.5,-0.9183679819107056,-0.8673868757746086
GW170809,GW190412,610.8766469907401,163.61223651069636,27.697622299194336,-380.8728942871094,-0.5,-0.9183679819107056,-5.110905693278057
GW170809,GW190413_134308,612.2185983796307,109.56043485334408,13.975701332092285,-95.51984405517578,-0.5,-0.9183679819107056,-0.9542070303232066
GW170809,GW190421_213856,620.5490092592604,108.71170871688913,10.682108879089355,-55.43540573120117,-0.5,-0.9183679819107056,-0.3703025265825446
GW170809,GW190503_185404,632.4345185185197,61.54632234679715,12.307113647460938,-72.69317626953125,-0.5,-2.81665301322937,-2.214924288517022
GW170809,GW190512_180714,641.4019976851869,105.68977348088703,18.076745986938477,-160.65756225585938,-0.5,-2.81665301322937,-3.4962894090924737
GW170809,GW190513_205428,642.5181354166677,75.3324171486859,10.774654388427734,-55.67744064331055,-0.5,-2.81665301322937,-1.9670584063432854
GW170809,GW190517_055101,645.8907407407407,97.06528678572276,13.321468353271484,-86.44419860839844,-0.5,-2.81665301322937,-2.415233540945805
GW170809,GW190519_153544,648.2967881944444,75.45129659118997,9.964801788330078,-47.43891525268555,-0.5,-2.81665301322937,-1.847048939305536
GW170809,GW190521,649.7736990740757,153.25689108739164,16.28105926513672,-130.76210021972656,-0.5,-2.81665301322937,-3.0608063225335336
GW170809,GW190521_074359,649.9691851851868,102.39751301791416,14.431709289550781,-101.79740142822266,-0.5,-2.81665301322937,-2.638881536232228
GW170809,GW190602_175927,662.3965879629635,52.378108197470254,6.299807071685791,-17.82114601135254,-0.5,-2.81665301322937,-1.4156109655215192
GW170809,GW190620_030421,679.774994212963,134.75687292792688,5.7606329917907715,-16.63871955871582,-0.5,-2.81665301322937,-1.398386721902176
GW170809,GW190630_185205,690.4331400462958,44.48062000737298,4.848902702331543,-9.929954528808594,-0.5,-2.81665301322937,-1.3006610637841787
GW170809,GW190701_203306,691.5032951388895,29.488870458477322,6.411254405975342,-17.34543228149414,-0.5,-2.81665301322937,-1.4086813090021848
GW170809,GW190706_222641,696.5821701388888,158.46934995248688,11.275453567504883,-62.59522247314453,-0.5,-2.81665301322937,-2.067828783457924
GW170809,GW190707_093326,697.0451886574068,135.42981048571323,13.67831802368164,-91.8749008178711,-0.5,-2.81665301322937,-2.494341833619295
GW170809,GW190708_232457,698.6226331018519,152.02096835707783,5.441038131713867,-15.20396900177002,-0.5,-2.81665301322937,-1.3774869077355394
GW170809,GW190720_000836,709.6529502314826,93.47421920694018,15.62728214263916,-119.42473602294922,-0.5,-2.81665301322937,-2.8956564965202043
GW170809,GW190725_174728,715.388270833335,78.49952122530746,6.072944641113281,-17.300251007080078,-0.5,-2.81665301322937,-1.408023159587644
GW170809,GW190727_060333,716.8994456018535,59.66168190949387,8.949845314025879,-37.58539581298828,-0.5,-2.81665301322937,-1.7035140759245464
GW170809,GW190728_064510,717.9283414351858,51.78251570184514,7.659903526306152,-26.900592803955078,-0.5,-2.81665301322937,-1.5478700190431316
GW170809,GW190803_022701,723.7490740740741,125.13548597245341,13.382330894470215,-87.75572967529297,-0.5,-2.81665301322937,-2.4343384337365186
GW170809,GW190828_063405,748.9206469907418,108.45796035903399,16.824087142944336,-138.9934844970703,-0.5,-2.2879765033721924,-2.736993692749584
GW170809,GW190828_065509,748.9352777777777,92.60368427646537,12.04835033416748,-70.40160369873047,-0.5,-2.2879765033721924,-1.7378251926327049
GW170809,GW190910_112807,762.1248321759259,99.95347325739768,3.8192074298858643,-7.5639190673828125,-0.5,-2.2879765033721924,-0.8224772772065286
GW170809,GW190915_235702,767.6449166666661,169.55090840910404,24.191974639892578,-290.2615051269531,-0.5,-2.2879765033721924,-4.940494158537473
GW170809,GW190924_021846,775.7433449074074,117.45202859018765,17.69886016845703,-154.1512908935547,-0.5,-2.2879765033721924,-2.9577953751930828
GW170809,GW190925_232845,777.6252696759253,142.51803054219073,9.643075942993164,-45.62234115600586,-0.5,-2.2879765033721924,-1.3768690809085344
GW170809,GW190929_012149,780.7037916666683,109.0915901781469,9.444245338439941,-43.231876373291016,-0.5,-2.2879765033721924,-1.342047508971332
GW170809,GW190930_133541,782.2134189814826,81.68656945430544,7.260892868041992,-24.94247817993164,-0.5,-2.2879765033721924,-1.0756283592380658
GW170809,GW191105_143521,818.2548622685201,6.867309540604478,0.17192533612251282,-1.1311371326446533,1.0,-2.2879765033721924,-0.7287718269039201
GW170809,GW191109_010717,821.6936967592603,117.26167121801939,3.6259772777557373,-7.267846584320068,-0.5,-2.2879765033721924,-0.8181644300388382
GW170809,GW191127_050227,839.8570104166672,85.7196527252254,2.8066518306732178,-4.518249988555908,0.10000000149011612,-2.2879765033721924,-0.778111434341093
GW170809,GW191129_134029,842.2167511574069,68.40151683936132,2.1344070434570312,-2.9536821842193604,0.5,-2.2879765033721924,-0.7553205901741847
GW170809,GW191204_171526,847.3660208333339,52.2669468687283,1.8828282356262207,-2.1611225605010986,0.5,-2.2879765033721924,-0.7437754830672378
GW170809,GW191215_223052,858.5850752314815,34.19391457013231,1.180954933166504,-1.1701990365982056,0.5,-2.4923787117004395,-0.9008955627577653
GW170809,GW191216_213338,859.5453310185202,76.90823741285622,3.2923166751861572,-5.463140487670898,-0.5,-2.4923787117004395,-0.963430250840873
GW170809,GW191219_163120,862.3354004629646,69.2262280306945,1.550758719444275,-2.5411202907562256,0.5,-2.4923787117004395,-0.920865584243582
GW170809,GW191222_033537,864.7967048611106,111.12941809815523,2.8951282501220703,-5.227639198303223,0.10000000149011612,-2.4923787117004395,-0.9599997359266532
GW170809,GW191230_180458,873.4004236111127,33.9548716095602,1.5722557306289673,-1.122459053993225,0.5,-2.4923787117004395,-0.9002001409926841
GW170809,GW200112_155838,886.3126875000006,35.1204365612337,0.8845199942588806,-1.4955976009368896,1.0,-2.4923787117004395,-0.9056355989207384
GW170809,GW200128_022011,901.7443298611128,130.96691024051353,2.819780111312866,-5.393574237823486,0.10000000149011612,-2.4923787117004395,-0.9624168888407385
GW170809,GW200129_065458,902.935145833335,63.87653017460621,4.3620476722717285,-8.623174667358398,-0.5,-2.4923787117004395,-1.0094620344118646
GW170809,GW200202_154313,907.301987268519,132.1568111561998,23.189945220947266,-266.1087646484375,-0.5,-2.4923787117004395,-4.7602192340793135
GW170809,GW200208_130117,913.1895381944461,97.8239568779711,10.256675720214844,-50.85160446166992,-0.5,-2.4923787117004395,-1.6245977672243466
GW170809,GW200209_085452,914.0184062499994,132.4674618200303,5.891977787017822,-17.324613571166992,-0.5,-2.4923787117004395,-1.1362146989719466
GW170809,GW200219_094415,924.0527002314809,12.180155111025972,0.39332592487335205,-0.6846252083778381,1.0,-2.4923787117004395,-0.8938222755407934
GW170809,GW200224_222234,929.5793125000016,136.74729933509533,20.596290588378906,-209.63107299804688,-0.5,-2.4923787117004395,-3.9375164622703474
GW170809,GW200225_060421,929.899994212963,113.61659733346951,4.483267784118652,-10.256221771240234,-0.5,-2.4923787117004395,-1.03325040712325
GW170809,GW200302_015811,935.7290474537043,119.24581385115141,2.0831966400146484,-4.0058441162109375,0.5,-2.4923787117004395,-0.9422020148929725
GW170809,GW200311_115853,945.1461979166667,24.600073767581485,5.425767421722412,-11.48408031463623,-0.5,-2.4923787117004395,-1.0511364537643615
GW170809,GW200316_215756,950.5622025462958,101.21548731034092,3.995864152908325,-8.188872337341309,-0.5,-2.4923787117004395,-1.0031356120623123
GW170814,GW170818,3.6627962962951925,88.89666740633265,30.046220779418945,-447.298583984375,-0.5,1.4540684223175049,-4.087334256592741
GW170814,GW170823,9.113368055555556,96.59325241218318,8.482998847961426,-34.58694839477539,-0.5,1.549420952796936,2.0046087716381247
GW170814,GW190408_181802,602.3245219907413,109.1919666381894,21.148935317993164,-220.66319274902344,-0.5,-0.9183679819107056,-2.777152990671648
GW170814,GW190412,605.79167361111,166.4939479630381,34.57168197631836,-594.4859008789062,-0.5,-0.9183679819107056,-8.222577000692457
GW170814,GW190413_134308,607.1336250000005,81.03848695490879,11.488787651062012,-63.6446533203125,-0.5,-0.9183679819107056,-0.48988550790967267
GW170814,GW190421_213856,615.4640358796302,86.84875812710938,9.060993194580078,-39.312599182128906,-0.5,-0.9183679819107056,-0.13544381954879542
GW170814,GW190503_185404,627.3495451388894,32.68547412212416,8.959794998168945,-36.46875762939453,-0.5,-0.9183679819107056,-0.09401797051617294
GW170814,GW190512_180714,636.3170243055566,105.43261002844687,22.235309600830078,-244.05868530273438,-0.5,-2.81665301322937,-4.711182105617371
GW170814,GW190513_205428,637.4331620370376,88.2112510929327,14.466265678405762,-101.9936752319336,-0.5,-2.81665301322937,-2.6417406297544286
GW170814,GW190517_055101,640.8057673611106,90.36965917254842,14.046613693237305,-96.11815643310547,-0.5,-2.81665301322937,-2.5561527549607153
GW170814,GW190519_153544,643.2118148148143,103.41137263793252,15.308674812316895,-114.73977661132812,-0.5,-2.81665301322937,-2.827411336685905
GW170814,GW190521,644.6887256944456,160.86863148337227,18.343687057495117,-166.32945251464844,-0.5,-2.81665301322937,-3.5789110549307512
GW170814,GW190521_074359,644.8842118055567,126.83379884919874,20.403322219848633,-205.54356384277344,-0.5,-2.81665301322937,-4.150137624943209
GW170814,GW190602_175927,657.3116145833334,29.905184148767937,3.9463233947753906,-5.578652381896973,-0.5,-2.81665301322937,-1.2372762434660534
GW170814,GW190620_030421,674.6900208333328,151.6498295379577,6.553218841552734,-21.49699592590332,-0.5,-2.81665301322937,-1.469156566007012
GW170814,GW190630_185205,685.3481666666655,71.45317705863131,8.39468002319336,-33.259639739990234,-0.5,-2.81665301322937,-1.6405013817539915
GW170814,GW190701_203306,686.4183217592592,39.02429606815161,12.69116497039795,-76.52082061767578,-0.5,-2.81665301322937,-2.270681057653596
GW170814,GW190706_222641,691.4971967592587,133.77556598949283,9.813531875610352,-47.11893081665039,-0.5,-2.81665301322937,-1.8423877700054265
GW170814,GW190707_093326,691.9602152777767,116.61198362416778,12.550521850585938,-76.95740509033203,-0.5,-2.81665301322937,-2.277040723661308
GW170814,GW190708_232457,693.5376597222216,124.81213115676667,4.501057147979736,-10.516175270080566,-0.5,-2.81665301322937,-1.3092004607503616
GW170814,GW190720_000836,704.5679768518524,122.2491436518544,24.913888931274414,-307.2736511230469,-0.5,-2.81665301322937,-5.632025824268547
GW170814,GW190725_174728,710.3032974537048,99.34643336472361,7.969845294952393,-30.546533584594727,-0.5,-2.81665301322937,-1.6009799372857416
GW170814,GW190727_060333,711.8144722222233,31.529085529600565,5.510441303253174,-12.412437438964844,-0.5,-2.81665301322937,-1.3368230511365746
GW170814,GW190728_064510,712.8433680555555,80.55508714659031,13.815155029296875,-92.69702911376953,-0.5,-2.81665301322937,-2.506317663509884
GW170814,GW190803_022701,718.6641006944438,112.50637057445145,12.927777290344238,-81.63239288330078,-0.5,-2.81665301322937,-2.345140628297228
GW170814,GW190828_063405,743.8356736111117,79.64073655258987,14.574932098388672,-103.35218811035156,-0.5,-2.2879765033721924,-2.2178118269302574
GW170814,GW190828_065509,743.8503043981476,63.874242061234256,9.280169486999512,-40.66027069091797,-0.5,-2.2879765033721924,-1.3045872824453535
GW170814,GW190910_112807,757.0398587962958,77.40652020337616,2.983283042907715,-4.703505516052246,0.10000000149011612,-2.2879765033721924,-0.7808100261480603
GW170814,GW190915_235702,762.5599432870359,155.33421116118097,25.393342971801758,-319.7745666503906,-0.5,-2.2879765033721924,-5.3704068693862475
GW170814,GW190924_021846,770.6583715277773,93.62361593465586,16.46385955810547,-132.7469940185547,-0.5,-2.2879765033721924,-2.6460019244853163
GW170814,GW190925_232845,772.5402962962952,119.19303014924556,8.289949417114258,-33.43445587158203,-0.5,-2.2879765033721924,-1.1993298311096123
GW170814,GW190929_012149,775.6188182870382,82.14816729879325,7.445662975311279,-26.262155532836914,-0.5,-2.2879765033721924,-1.094851917857448
GW170814,GW190930_133541,777.1284456018524,109.87819574410058,10.25214672088623,-51.038448333740234,-0.5,-2.2879765033721924,-1.4557647697606777
GW170814,GW191105_143521,813.16988888889,23.356837612213887,0.5869020819664001,-1.281224250793457,1.0,-2.2879765033721924,-0.7309581253255728
GW170814,GW191109_010717,816.6087233796302,98.34088608492517,3.0580615997314453,-5.3586106300354,-0.5,-2.2879765033721924,-0.7903528523038534
GW170814,GW191127_050227,834.7720370370371,104.25659488734325,3.4352056980133057,-6.46729850769043,-0.5,-2.2879765033721924,-0.806502956236288
GW170814,GW191129_134029,837.1317777777766,79.82666113198678,2.505230188369751,-3.8024661540985107,0.10000000149011612,-2.2879765033721924,-0.7676847096040157
GW170814,GW191204_171526,842.2810474537036,28.17722654347746,1.0228317975997925,-0.8963936567306519,1.0,-2.2879765033721924,-0.7253523509541238
GW170814,GW191215_223052,853.5001018518514,28.40477088058185,0.9879336953163147,-0.946823239326477,1.0,-2.2879765033721924,-0.7260869517526051
GW170814,GW191216_213338,854.46035763889,105.63270725037157,4.571238994598389,-10.469903945922852,-0.5,-2.2879765033721924,-0.8648083595249982
GW170814,GW191219_163120,857.2504270833344,49.040857278434515,1.1018192768096924,-1.9398081302642822,1.0,-2.2879765033721924,-0.7405516261800931
GW170814,GW191222_033537,859.7117314814803,94.95573504924013,2.4836549758911133,-4.113053321838379,0.10000000149011612,-2.4923787117004395,-0.9437637166561947
GW170814,GW191230_180458,868.3154502314826,13.886801672332364,0.6512390971183777,-0.0731138214468956,1.0,-2.4923787117004395,-0.884914473215318
GW170814,GW200112_155838,881.2277141203704,62.59404604472042,1.5823348760604858,-2.3488521575927734,0.5,-2.4923787117004395,-0.9180648407736952
GW170814,GW200128_022011,896.6593564814826,115.00571437667755,2.4828708171844482,-4.494879722595215,0.10000000149011612,-2.4923787117004395,-0.949325729356661
GW170814,GW200129_065458,897.8501724537048,90.97107098934639,6.389052391052246,-19.463329315185547,-0.5,-2.4923787117004395,-1.1673690772635985
GW170814,GW200202_154313,902.2170138888889,110.61714708021509,24.268089294433594,-291.245361328125,-0.5,-2.4923787117004395,-5.126380583063554
GW170814,GW200208_130117,908.104564814816,68.96276031365043,7.745941638946533,-28.114025115966797,-0.5,-2.4923787117004395,-1.2933825740161644
GW170814,GW200209_085452,908.9334328703693,124.31004395087903,5.594274520874023,-15.591446876525879,-0.5,-2.4923787117004395,-1.1109678979427056
GW170814,GW200219_094415,918.9677268518508,22.915800344675116,0.744561493396759,-0.8721819519996643,1.0,-2.4923787117004395,-0.8965543888467747
GW170814,GW200224_222234,924.4943391203715,108.43040054573298,19.054840087890625,-178.762451171875,-0.5,-2.4923787117004395,-3.48785749080389
GW170814,GW200225_060421,924.8150208333328,112.4359786448653,4.477656841278076,-10.21269702911377,-0.5,-2.4923787117004395,-1.032616388186864
GW170814,GW200302_015811,930.6440740740741,107.11259067745989,1.8745821714401245,-3.5894417762756348,0.5,-2.4923787117004395,-0.9361363392387136
GW170814,GW200311_115853,940.0612245370365,53.25043946769678,17.894033432006836,-156.02073669433594,-0.5,-2.4923787117004395,-3.1565820616985985
GW170814,GW200316_215756,945.4772291666656,100.64567194864344,4.010101318359375,-8.227458953857422,-0.5,-2.4923787117004395,-1.003697698001643
GW170818,GW170823,5.450571759260363,70.4637490252741,6.285584926605225,-18.329389572143555,-0.5,0.2738181948661804,1.1708172949880196
GW170818,GW190408_181802,598.6617256944461,31.38909738746657,6.592192649841309,-18.591073989868164,-0.5,-0.9183679819107056,0.1664037898986833
GW170818,GW190412,602.1288773148148,104.38852682135122,23.817861557006836,-280.3420715332031,-0.5,-0.9183679819107056,-3.6464870154778186
GW170818,GW190413_134308,603.4708287037054,169.6725677386003,25.079479217529297,-312.0552062988281,-0.5,-0.9183679819107056,-4.108447890860914
GW170818,GW190421_213856,611.801239583335,146.29317171910515,15.604992866516113,-119.97537231445312,-0.5,-0.9183679819107056,-1.3104473492354052
GW170818,GW190503_185404,623.6867488425943,121.48257786092553,39.784698486328125,-787.3851318359375,-0.5,-0.9183679819107056,-11.032513585398288
GW170818,GW190512_180714,632.6542280092615,101.12451602078552,23.51140022277832,-273.0521545410156,-0.5,-2.81665301322937,-5.133525987062585
GW170818,GW190513_205428,633.7703657407424,55.45379019205119,9.624429702758789,-43.55873489379883,-0.5,-2.81665301322937,-1.7905268853211866
GW170818,GW190517_055101,637.1429710648154,110.69586501039949,18.099143981933594,-161.15277099609375,-0.5,-2.81665301322937,-3.503503046748502
GW170818,GW190519_153544,639.5490185185191,16.587925484339905,2.570397138595581,-0.7741230726242065,0.10000000149011612,-2.81665301322937,-1.1672893253667054
GW170818,GW190521,641.0259293981503,100.82258067833594,11.80657958984375,-67.72850036621094,-0.5,-2.81665301322937,-2.1426045369932085
GW170818,GW190521_074359,641.2214155092614,55.147855773842565,9.367486000061035,-41.161865234375,-0.5,-2.81665301322937,-1.7556120144252696
GW170818,GW190602_175927,653.6488182870381,104.10546329157837,14.240764617919922,-99.11970520019531,-0.5,-2.81665301322937,-2.5998759033091043
GW170818,GW190620_030421,671.0272245370376,86.1316907170956,3.735917329788208,-6.995730400085449,-0.5,-2.81665301322937,-1.2579186241895786
GW170818,GW190630_185205,681.6853703703704,29.947323000852332,3.619286298751831,-4.517365455627441,-0.5,-2.81665301322937,-1.2218166226775236
GW170818,GW190701_203306,682.7555254629641,62.436043278650516,26.6933650970459,-351.708740234375,-0.5,-2.81665301322937,-6.279305660062176
GW170818,GW190706_222641,687.8344004629635,130.53551549253552,9.680184364318848,-45.79753494262695,-0.5,-2.81665301322937,-1.8231391779251145
GW170818,GW190707_093326,688.2974189814814,137.41201334512095,15.142698287963867,-112.80301666259766,-0.5,-2.81665301322937,-2.799198820706808
GW170818,GW190708_232457,689.8748634259265,140.78487004029998,5.0902814865112305,-13.336705207824707,-0.5,-2.81665301322937,-1.3502867326914392
GW170818,GW190720_000836,700.9051805555572,35.21305051128449,7.855597496032715,-27.597009658813477,-0.5,-2.81665301322937,-1.5580146276502456
GW170818,GW190725_174728,706.6405011574096,51.68556116657681,4.200561046600342,-7.583699703216553,-0.5,-2.81665301322937,-1.2664834922160357
GW170818,GW190727_060333,708.1516759259281,117.51787161378657,21.915794372558594,-237.25120544433594,-0.5,-2.81665301322937,-4.612018482160402
GW170818,GW190728_064510,709.1805717592604,13.791165363573844,2.517261028289795,-0.31143811345100403,0.10000000149011612,-2.81665301322937,-1.1605494571592292
GW170818,GW190803_022701,715.0013043981487,114.31621361015392,13.495503425598145,-89.07894897460938,-0.5,-2.81665301322937,-2.4536135874024563
GW170818,GW190828_063405,740.1728773148164,164.6358496408495,32.36650085449219,-520.7899169921875,-0.5,-2.2879765033721924,-8.29856984966632
GW170818,GW190828_065509,740.1875081018524,152.76797248622378,23.192014694213867,-266.4464111328125,-0.5,-2.2879765033721924,-4.593582957542327
GW170818,GW190910_112807,753.3770625000005,132.24597244562514,5.111969470977783,-13.31369686126709,-0.5,-2.2879765033721924,-0.9062335000634435
GW170818,GW190915_235702,758.8971469907408,112.69543704086658,19.48971176147461,-187.1754608154297,-0.5,-2.2879765033721924,-3.4388539195046923
GW170818,GW190924_021846,766.995575231482,140.65127154013453,26.414409637451172,-345.9466857910156,-0.5,-2.2879765033721924,-5.75165253173367
GW170818,GW190925_232845,768.8775,144.37029588282815,10.139223098754883,-50.45528793334961,-0.5,-2.2879765033721924,-1.4472699523594912
GW170818,GW190929_012149,771.9560219907429,151.0615453447445,13.92148494720459,-95.41380310058594,-0.5,-2.2879765033721924,-2.102174463568298
GW170818,GW190930_133541,773.4656493055572,21.917445254072693,2.0814151763916016,-0.6160375475883484,0.5,-2.2879765033721924,-0.7212684420452271
GW170818,GW191105_143521,809.5070925925947,66.49917255172936,1.6730725765228271,-2.5060644149780273,0.5,-2.2879765033721924,-0.7488002036515666
GW170818,GW191109_010717,812.9459270833349,139.9883743604281,4.3615641593933105,-10.19050121307373,-0.5,-2.2879765033721924,-0.8607383383175295
GW170818,GW191127_050227,831.1092407407418,47.157593124249,1.5571919679641724,-1.7750682830810547,0.5,-2.2879765033721924,-0.7381518834685106
GW170818,GW191129_134029,833.4689814814815,70.0717098272937,2.2034144401550293,-3.0879626274108887,0.10000000149011612,-2.2879765033721924,-0.7572766349342515
GW170818,GW191204_171526,838.6182511574085,105.8457340203951,3.8523197174072266,-7.78822135925293,-0.5,-2.2879765033721924,-0.8257446578634251
GW170818,GW191215_223052,849.8373055555561,79.21475814462369,2.761796712875366,-4.2677459716796875,0.10000000149011612,-2.2879765033721924,-0.7744623767572758
GW170818,GW191216_213338,850.7975613425948,20.89044776518582,0.9074224233627319,-0.42600926756858826,1.0,-2.2879765033721924,-0.7185003262082325
GW170818,GW191219_163120,853.5876307870392,111.64412749362904,2.5108766555786133,-4.4830427169799805,0.10000000149011612,-2.2879765033721924,-0.7775985748550388
GW170818,GW191222_033537,856.0489351851852,132.8509359607915,3.4795844554901123,-7.079806804656982,-0.5,-2.2879765033721924,-0.8154252804132338
GW170818,GW191230_180458,864.6526539351873,89.79446162178498,4.229596138000488,-8.796998023986816,-0.5,-2.4923787117004395,-1.0119940953570705
GW170818,GW200112_155838,877.5649178240752,33.2509728042662,0.8416340351104736,-1.448585033416748,1.0,-2.4923787117004395,-0.9049507733112199
GW170818,GW200128_022011,892.9965601851874,132.41533381628477,2.861386775970459,-5.504464626312256,0.10000000149011612,-2.4923787117004395,-0.9640322138887488
GW170818,GW200129_065458,894.1873761574096,26.20795664726314,1.8589860200881958,-0.761401355266571,0.5,-2.4923787117004395,-0.8949406631201792
GW170818,GW200202_154313,898.5542175925937,133.51364189520118,32.581356048583984,-527.3347778320312,-0.5,-2.4923787117004395,-8.565462664442881
GW170818,GW200208_130117,904.4417685185207,157.38175161018907,18.13896369934082,-162.57363891601562,-0.5,-2.4923787117004395,-3.2520372877113943
GW170818,GW200209_085452,905.270636574074,107.4222646242391,4.853902816772461,-11.715578079223633,-0.5,-2.4923787117004395,-1.0545086498833636
GW170818,GW200219_094415,915.3049305555555,67.17072358111419,2.187060594558716,-2.982398271560669,0.10000000149011612,-2.4923787117004395,-0.9272936199393993
GW170818,GW200224_222234,920.8315428240763,162.40049265004438,30.47555160522461,-461.4673156738281,-0.5,-2.4923787117004395,-7.6059803962046555
GW170818,GW200225_060421,921.1522245370376,92.20359228545352,3.683577299118042,-6.966022968292236,-0.5,-2.4923787117004395,-0.9853225333754365
GW170818,GW200302_015811,926.9812777777789,125.17040189949051,2.191950559616089,-4.233514785766602,0.10000000149011612,-2.4923787117004395,-0.9455184622446544
GW170818,GW200311_115853,936.3984282407413,35.668699261005216,16.160232543945312,-125.90142822265625,-0.5,-2.4923787117004395,-2.7178382348791685
GW170818,GW200316_215756,941.8144328703704,87.57707485868619,3.5004873275756836,-6.307363033294678,-0.5,-2.4923787117004395,-0.9757279246305117
GW170823,GW190408_181802,593.2111539351857,92.129047600852,7.688766002655029,-28.266843795776367,-0.5,-0.9183679819107056,0.025458181002659536
GW170823,GW190412,596.6783055555544,85.8057062785784,7.249013900756836,-24.957963943481445,-0.5,-0.9183679819107056,0.07365817902873054
GW170823,GW190413_134308,598.020256944445,108.22606177633371,8.382983207702637,-33.99466323852539,-0.5,-0.9183679819107056,-0.057978177571289355
GW170823,GW190421_213856,606.3506678240747,76.8449693705744,5.318160533905029,-13.224164009094238,-0.5,-0.9183679819107056,0.2445828299445131
GW170823,GW190503_185404,618.2361770833339,108.3796044288756,9.497239112854004,-43.70948028564453,-0.5,-0.9183679819107056,-0.19949258226326366
GW170823,GW190512_180714,627.2036562500011,31.68681508810367,2.683759927749634,-2.2800707817077637,0.10000000149011612,-0.9183679819107056,0.4040039317990596
GW170823,GW190513_205428,628.319793981482,125.619090686447,10.119357109069824,-49.9797248840332,-0.5,-0.9183679819107056,-0.2908303735268852
GW170823,GW190517_055101,631.692399305555,40.88188554124705,3.2492082118988037,-4.084651947021484,-0.5,-2.81665301322937,-1.2155133444710948
GW170823,GW190519_153544,634.0984467592588,77.1277255418346,6.04946756362915,-17.130435943603516,-0.5,-2.81665301322937,-1.4055494868978695
GW170823,GW190521,635.57535763889,71.73164387109273,5.152337551116943,-12.28167724609375,-0.5,-2.81665301322937,-1.334918285379092
GW170823,GW190521_074359,635.7708437500011,38.963111233566636,3.123938798904419,-3.6679611206054688,-0.5,-2.81665301322937,-1.209443466473922
GW170823,GW190602_175927,648.1982465277778,125.77065258412958,9.525219917297363,-44.267364501953125,-0.5,-2.81665301322937,-1.8008493954270048
GW170823,GW190620_030421,665.5766527777772,55.51415881903035,2.1733734607696533,-2.583914279937744,0.10000000149011612,-2.81665301322937,-1.1936523051405439
GW170823,GW190630_185205,676.23479861111,51.312086422760515,3.7287750244140625,-5.936997890472412,-0.5,-2.81665301322937,-1.2424962132373971
GW170823,GW190701_203306,677.3049537037037,110.61278258933545,9.839581489562988,-46.989349365234375,-0.5,-2.81665301322937,-1.84050017481271
GW170823,GW190706_222641,682.3838287037031,116.94808357284576,6.721340179443359,-22.042512893676758,-0.5,-2.81665301322937,-1.4771030366990898
GW170823,GW190707_093326,682.8468472222211,73.03422241751669,5.122856616973877,-12.177684783935547,-0.5,-2.81665301322937,-1.3334034414758673
GW170823,GW190708_232457,684.4242916666661,118.21676389041896,3.9719181060791016,-8.416031837463379,-0.5,-2.81665301322937,-1.2786079600173998
GW170823,GW190720_000836,695.4546087962968,59.777474106493095,5.034240245819092,-11.361943244934082,-0.5,-2.81665301322937,-1.3215206465951814
GW170823,GW190725_174728,701.1899293981493,19.363652891330556,1.1734421253204346,-0.03681894391775131,1.0,-2.81665301322937,-1.1565491174611156
GW170823,GW190727_060333,702.7011041666677,117.13334562389319,9.57486343383789,-44.58877182006836,-0.5,-2.81665301322937,-1.8055312916548096
GW170823,GW190728_064510,703.73,61.07545593560564,4.971592903137207,-11.116531372070312,-0.5,-2.81665301322937,-1.3179457655733142
GW170823,GW190803_022701,709.5507326388883,150.2832726095782,10.827293395996094,-57.617469787597656,-0.5,-2.81665301322937,-1.9953185442447279
GW170823,GW190828_063405,734.7223055555561,120.70461931446108,9.96312427520752,-48.36225509643555,-0.5,-2.81665301322937,-1.860499103902862
GW170823,GW190828_065509,734.736936342592,111.03272311007535,8.662471771240234,-36.36227798461914,-0.5,-2.81665301322937,-1.6856970866276528
GW170823,GW190910_112807,747.9264907407402,155.52425434464743,5.532768726348877,-15.719415664672852,-0.5,-2.2879765033721924,-0.9412772752234926
GW170823,GW190915_235702,753.4465752314803,101.7080668929039,8.186890602111816,-32.29315948486328,-0.5,-2.2879765033721924,-1.1827047235074575
GW170823,GW190924_021846,761.5450034722217,147.52003761857952,12.074929237365723,-71.64904022216797,-0.5,-2.2879765033721924,-1.755996429018225
GW170823,GW190925_232845,763.4269282407396,84.01214641385724,4.669892311096191,-10.42502212524414,-0.5,-2.2879765033721924,-0.8641545722118626
GW170823,GW190929_012149,766.5054502314825,137.74258084057124,8.916425704956055,-38.96773147583008,-0.5,-2.2879765033721924,-1.2799322963268025
GW170823,GW190930_133541,768.0150775462969,75.24223133088506,4.942181587219238,-11.39981460571289,-0.5,-2.2879765033721924,-0.878354240296467
GW170823,GW191105_143521,804.0565208333344,82.82734764948097,2.00844144821167,-3.1971402168273926,0.5,-2.2879765033721924,-0.7588670098735883
GW170823,GW191109_010717,807.4953553240746,69.62900428605016,2.0523102283477783,-2.8958420753479004,0.5,-2.2879765033721924,-0.7544780412579712
GW170823,GW191127_050227,825.6586689814815,112.4638116657331,3.4906997680664062,-6.7789740562438965,-0.5,-2.2879765033721924,-0.8110430911144499
GW170823,GW191129_134029,828.0184097222211,16.768332978434746,0.4983355700969696,-0.8975397348403931,1.0,-2.2879765033721924,-0.725369045716428
GW170823,GW191204_171526,833.1676793981482,123.16845979338144,4.161892414093018,-9.177263259887695,-0.5,-2.2879765033721924,-0.8459786403159129
GW170823,GW191215_223052,844.3867337962957,117.3117774857706,3.8190248012542725,-7.883578777313232,-0.5,-2.2879765033721924,-0.8271337162661018
GW170823,GW191216_213338,845.3469895833344,57.01527047405907,2.234769821166992,-2.7168829441070557,0.10000000149011612,-2.2879765033721924,-0.7518711681898622
GW170823,GW191219_163120,848.1370590277788,144.3707603356917,3.1519532203674316,-6.357552528381348,-0.5,-2.2879765033721924,-0.804904301639507
GW170823,GW191222_033537,850.5983634259248,62.40583335195155,1.5706731081008911,-2.3392391204833984,0.5,-2.2879765033721924,-0.746370082515629
GW170823,GW191230_180458,859.202082175927,109.90200578354725,4.596772193908691,-10.655049324035645,-0.5,-2.4923787117004395,-1.0390600732687731
GW170823,GW200112_155838,872.1143460648149,58.25764773313854,1.4205987453460693,-2.178067445755005,0.5,-2.4923787117004395,-0.9155770433495143
GW170823,GW200128_022011,887.545988425927,66.5419158755553,1.3989681005477905,-2.4441733360290527,0.5,-2.4923787117004395,-0.9194533712787496
GW170823,GW200129_065458,888.7368043981493,44.301016768052904,2.4778339862823486,-2.5784993171691895,0.10000000149011612,-2.4923787117004395,-0.9214100793838549
GW170823,GW200202_154313,893.1036458333333,142.03105171474715,12.103853225708008,-71.91809844970703,-0.5,-2.4923787117004395,-1.9314704897063601
GW170823,GW200208_130117,898.9911967592603,115.23117892117966,8.226944923400879,-32.861785888671875,-0.5,-2.4923787117004395,-1.362542552645768
GW170823,GW200209_085452,899.8200648148137,139.09221256018742,5.6285014152526855,-15.996024131774902,-0.5,-2.4923787117004395,-1.1168613192136143
GW170823,GW200219_094415,909.8543587962952,95.3671856448417,2.923424005508423,-4.984584808349609,0.10000000149011612,-2.4923787117004395,-0.9564591960343187
GW170823,GW200224_222234,915.3809710648159,103.53331883537392,8.473257064819336,-34.645423889160156,-0.5,-2.4923787117004395,-1.3885245622503577
GW170823,GW200225_060421,915.7016527777772,146.10013691278226,5.343902587890625,-14.636741638183594,-0.5,-2.4923787117004395,-1.097060837953307
GW170823,GW200302_015811,921.5307060185186,56.055591329631845,0.9639238119125366,-2.3321714401245117,1.0,-2.4923787117004395,-0.9178218550549826
GW170823,GW200311_115853,930.9478564814809,77.35681691678599,6.897664546966553,-22.364803314208984,-0.5,-2.4923787117004395,-1.2096344502201386
GW170823,GW200316_215756,936.36386111111,151.74666796001014,5.552751541137695,-15.773784637451172,-0.5,-2.4923787117004395,-1.113623987045059
GW190408_181802,GW190412,3.4671516203687145,83.92955576641344,13.777158737182617,-92.26040649414062,-0.5,1.4540684223175049,1.084458077402188
GW190408_181802,GW190413_134308,4.8091030092592595,156.31398813724098,19.58928871154785,-189.7653045654297,-0.5,1.429640769958496,-0.35638449444865583
GW190408_181802,GW190421_213856,13.139513888888889,161.67694339050826,15.719095230102539,-121.9478530883789,-0.5,1.0493223667144775,0.3123018517589411
GW190408_181802,GW190503_185404,25.025023148148147,136.41181410344265,26.142919540405273,-338.771728515625,-0.5,1.0970654487609863,-2.8060709828822503
GW190408_181802,GW190512_180714,33.99250231481537,116.28425748741222,19.273344039916992,-183.0669403076172,-0.5,0.9485506415367126,-0.6625891771533516
GW190408_181802,GW190513_205428,35.108640046296294,37.04153313323192,5.181727409362793,-11.100375175476074,-0.5,0.6552695035934448,1.5962733498646173
GW190408_181802,GW190517_055101,38.481245370369265,131.80781581036882,17.723188400268555,-154.81007385253906,-0.5,0.6552695035934448,-0.49712607887484217
GW190408_181802,GW190519_153544,40.88729282407297,16.65827984788562,2.158687114715576,-0.15820254385471344,0.10000000149011612,0.5659993290901184,1.6807420377228697
GW190408_181802,GW190521,42.364203703704256,86.82852027659864,9.110798835754395,-39.75369644165039,-0.5,0.5659993290901184,1.1039599202363768
GW190408_181802,GW190521_074359,42.559689814815364,60.999511062224265,8.41380500793457,-33.09946823120117,-0.5,0.5659993290901184,1.2008911480010322
GW190408_181802,GW190602_175927,54.98709259259204,110.07119639947764,13.031461715698242,-82.91844177246094,-0.5,0.21406562626361847,0.17980713180392904
GW190408_181802,GW190620_030421,72.36549884259149,79.64870738335128,3.397970676422119,-5.823420524597168,-0.5,-0.2361980527639389,0.9249335078380212
GW190408_181802,GW190630_185205,83.02364467592427,61.2870620262818,6.5946550369262695,-19.944778442382812,-0.5,-0.15858153998851776,0.784373149263296
GW190408_181802,GW190701_203306,84.09379976851797,72.39574999428224,14.974348068237305,-109.00859069824219,-0.5,-0.15858153998851776,-0.5130071626719938
GW190408_181802,GW190706_222641,89.17267476851741,100.80296437503966,7.132426738739014,-24.474212646484375,-0.5,-0.2258155196905136,0.6619640400410335
GW190408_181802,GW190707_093326,89.63569328703538,132.9416408729693,13.277647018432617,-86.49703979492188,-0.5,-0.2258155196905136,-0.24151395842803147
GW190408_181802,GW190708_232457,91.21313773148037,110.61509119327492,3.9534528255462646,-8.219252586364746,-0.5,-0.2258155196905136,0.8987478091066371
GW190408_181802,GW190720_000836,102.2434548611111,35.02540813931132,5.682164669036865,-13.522404670715332,-0.5,-0.14472180604934692,0.889559456794448
GW190408_181802,GW190725_174728,107.97877546296351,73.07619392996642,5.616226673126221,-14.644110679626465,-0.5,-0.14472180604934692,0.8732197195332567
GW190408_181802,GW190727_060333,109.48995023148203,127.55800380689519,18.67460060119629,-171.95458984375,-0.5,-0.14472180604934692,-1.4183004092294063
GW190408_181802,GW190728_064510,110.51884606481427,45.15675409369088,6.523365020751953,-18.8880672454834,-0.5,-0.14472180604934692,0.8113985875404585
GW190408_181802,GW190803_022701,116.3395787037026,84.15422117878268,8.887661933898926,-37.732666015625,-0.5,-0.14472180604934692,0.5368919073136276
GW190408_181802,GW190828_063405,141.51115162037038,145.40341663630593,21.976272583007812,-238.99880981445312,-0.5,-0.7512125372886658,-2.9039518781115587
GW190408_181802,GW190828_065509,141.5257824074063,156.12929982208382,19.942522048950195,-196.7091827392578,-0.5,-0.7512125372886658,-2.2879246929195793
GW190408_181802,GW190910_112807,154.71533680555444,112.29645154050029,4.283900260925293,-9.44987964630127,-0.5,-0.7512125372886658,0.43985583775877
GW190408_181802,GW190915_235702,160.23542129629465,86.6563585283793,12.094315528869629,-70.81608581542969,-0.5,-0.7690701484680176,-0.46904514211087484
GW190408_181802,GW190924_021846,168.33384953703595,113.38423429790568,16.671213150024414,-136.540283203125,-0.5,-0.7690701484680176,-1.4264404921278506
GW190408_181802,GW190925_232845,170.2157743055539,131.59653073858365,8.859237670898438,-38.38102722167969,-0.5,-0.7690701484680176,0.003431898453154676
GW190408_181802,GW190929_012149,173.29429629629684,128.39610899919077,11.024218559265137,-59.41817092895508,-0.5,-0.7690701484680176,-0.30301328252299303
GW190408_181802,GW190930_133541,174.80392361111112,16.902040761626914,1.489382028579712,0.29130131006240845,0.5,-0.7690701484680176,0.5667663929349444
GW190408_181802,GW191105_143521,210.8453668981487,90.94478842142018,2.275251626968384,-3.706131935119629,0.10000000149011612,-0.9063971638679504,0.39327779981117783
GW190408_181802,GW191109_010717,214.2842013888889,148.68927038183733,4.592916488647461,-11.243551254272461,-0.5,-0.9063971638679504,0.2834812485544552
GW190408_181802,GW191127_050227,232.44751504629573,20.36678228416282,0.6660622954368591,-0.8037973642349243,1.0,-1.3033174276351929,0.10242062245262323
GW190408_181802,GW191129_134029,234.8072557870354,97.37427771358496,3.0351998805999756,-5.284212112426758,-0.5,-1.3033174276351929,0.037155036617269765
GW190408_181802,GW191204_171526,239.95652546296242,113.20184092630966,4.072048664093018,-8.682265281677246,-0.5,-1.3033174276351929,-0.012343936860646498
GW190408_181802,GW191215_223052,251.17557986111,88.25269668081633,3.0439586639404297,-5.108356475830078,-0.5,-1.3033174276351929,0.03971670150545076
GW190408_181802,GW191216_213338,252.1358356481487,35.458418227028034,1.5148416757583618,-1.1948952674865723,0.5,-1.0624562501907349,0.29887828391644233
GW190408_181802,GW191219_163120,254.92590509259315,106.82818843060973,2.391761541366577,-4.20006799697876,0.10000000149011612,-1.0624562501907349,0.2551023458058266
GW190408_181802,GW191222_033537,257.3872094907391,147.11213872134635,3.8296637535095215,-8.371421813964844,-0.5,-1.0624562501907349,0.19433880807709172
GW190408_181802,GW191230_180458,265.9909282407413,103.81023519489375,4.795468807220459,-11.389469146728516,-0.5,-1.0624562501907349,0.15037532739014411
GW190408_181802,GW200112_155838,278.9031921296291,64.20284929239274,1.6158339977264404,-2.411275625228882,0.5,-1.0624562501907349,0.28115943842815194
GW190408_181802,GW200128_022011,294.3348344907413,132.36133434070666,2.8483388423919678,-5.475539207458496,0.10000000149011612,-0.7005700469017029,0.5402537392277214
GW190408_181802,GW200129_065458,295.52565046296354,52.69950957905438,3.5803143978118896,-5.529059886932373,-0.5,-0.7005700469017029,0.5394741108458672
GW190408_181802,GW200202_154313,299.89249189814757,102.75087968481394,17.444168090820312,-149.4375457763672,-0.5,-0.7005700469017029,-1.5568210238943059
GW190408_181802,GW200208_130117,305.7800428240746,152.63393685395147,15.81180191040039,-123.28253173828125,-0.5,-0.7005700469017029,-1.175824529224593
GW190408_181802,GW200209_085452,306.60891087962796,76.17945622841587,3.3809521198272705,-5.686710357666016,-0.5,-0.7005700469017029,0.5371776381066408
GW190408_181802,GW200219_094415,316.64320486110944,86.40730934067312,2.787074327468872,-4.49347448348999,0.10000000149011612,-0.7005700469017029,0.5545593410838678
GW190408_181802,GW200224_222234,322.1698171296302,136.98292720108242,20.131528854370117,-200.2157745361328,-0.5,-0.7005700469017029,-2.2965005031267047
GW190408_181802,GW200225_060421,322.4904988425915,62.67911605083293,2.46903395652771,-3.257890224456787,0.10000000149011612,-0.7005700469017029,0.5725579271628214
GW190408_181802,GW200302_015811,328.3195520833328,133.86709052437098,2.3378357887268066,-4.5694050788879395,0.10000000149011612,-0.7005700469017029,0.5534532705368334
GW190408_181802,GW200311_115853,337.7367025462952,60.997735213040066,12.781699180603027,-78.552978515625,-0.5,-0.7005700469017029,-0.5242552751932722
GW190408_181802,GW200316_215756,343.15270717592426,61.11709276878604,2.4086685180664062,-3.1097002029418945,0.10000000149011612,1.981807827949524,2.826035724652537
GW190412,GW190413_134308,1.3419513888905445,85.582400073854,11.029373168945312,-58.66279220581055,-0.5,1.2006195783615112,1.361150350507384
GW190412,GW190421_213856,9.672362268520175,80.74103904674391,7.981828212738037,-30.224374771118164,-0.5,1.549420952796936,2.068157782008818
GW190412,GW190503_185404,21.557871527779433,134.12837258088067,27.51496696472168,-375.44622802734375,-0.5,1.0970654487609863,-3.3403033766169354
GW190412,GW190512_180714,30.52535069444665,70.0477700142528,12.205114364624023,-71.7184829711914,-0.5,0.9485506415367126,0.9594084968025091
GW190412,GW190513_205428,31.64148842592758,101.23320482104793,14.667275428771973,-105.16952514648438,-0.5,0.9485506415367126,0.4721317630459547
GW190412,GW190517_055101,35.014093750000555,82.7394226242954,11.490952491760254,-63.71068572998047,-0.5,0.6552695035934448,0.829906186935041
GW190412,GW190519_153544,37.420141203704254,90.08544134080586,12.028914451599121,-70.11570739746094,-0.5,0.6552695035934448,0.7366051166301213
GW190412,GW190521,38.89705208333554,14.237787164532747,1.5232787132263184,0.6283189654350281,0.5,0.6552695035934448,1.7671236253885891
GW190412,GW190521_074359,39.092538194446654,61.854684897255716,8.827571868896484,-36.5982551574707,-0.5,0.6552695035934448,1.2248492366715236
GW190412,GW190602_175927,51.519940972223324,143.19741579855355,17.380455017089844,-148.99929809570312,-0.5,0.3182103931903839,-0.6953749409630903
GW190412,GW190620_030421,68.89834722222277,31.156707031146055,1.3334161043167114,-0.9329932332038879,0.5,-0.2361980527639389,0.996171690036844
GW190412,GW190630_185205,79.55649305555555,119.37316955841547,13.110453605651855,-84.10110473632812,-0.5,-0.15858153998851776,-0.15018323802389977
GW190412,GW190701_203306,80.62664814814926,151.2499356224318,33.89667892456055,-571.2251586914062,-0.5,-0.15858153998851776,-7.2460523802056604
GW190412,GW190706_222641,85.7055231481487,36.40246648353968,2.5983238220214844,-2.396606683731079,0.10000000149011612,-0.15858153998851776,1.0399949553985466
GW190412,GW190707_093326,86.16854166666667,51.36148918102722,5.220749378204346,-11.942031860351562,-0.5,-0.2258155196905136,0.8445185950923504
GW190412,GW190708_232457,87.74598611111166,44.09799964025803,1.579588532447815,-1.6474730968475342,0.5,-0.2258155196905136,0.994478017685474
GW190412,GW190720_000836,98.7763032407424,70.36893233921597,11.974773406982422,-68.98092651367188,-0.5,-0.2258155196905136,0.013640856273120616
GW190412,GW190725_174728,104.5116238425948,87.33471242617745,6.781786918640137,-21.8487548828125,-0.5,-0.14472180604934692,0.7682706576532188
GW190412,GW190727_060333,106.02279861111332,136.68554076462007,20.79774284362793,-213.78016662597656,-0.5,-0.14472180604934692,-2.027567837584165
GW190412,GW190728_064510,107.05169444444554,111.97555559291474,16.794387817382812,-138.56161499023438,-0.5,-0.14472180604934692,-0.9318695341682365
GW190412,GW190803_022701,112.87242708333389,64.4935148227118,6.946771621704102,-22.32681655883789,-0.5,-0.14472180604934692,0.7613067989247785
GW190412,GW190828_063405,138.04400000000166,87.69090679139362,13.811240196228027,-92.81327056884766,-0.5,-0.7512125372886658,-0.7744872200970478
GW190412,GW190828_065509,138.0586307870376,102.83273950201654,13.522541999816895,-89.2284927368164,-0.5,-0.7512125372886658,-0.7222682541203984
GW190412,GW190910_112807,151.24818518518575,94.91908425415384,3.6301465034484863,-6.857908248901367,-0.5,-0.7512125372886658,0.4776127288564201
GW190412,GW190915_235702,156.76826967592592,16.232156298399573,2.3459837436676025,-0.36182183027267456,0.10000000149011612,-0.7512125372886658,0.5722403268751051
GW190412,GW190924_021846,164.86669791666722,77.72333852802721,11.881375312805176,-68.08133697509766,-0.5,-0.7690701484680176,-0.42920843162578975
GW190412,GW190925_232845,166.74862268518518,47.691468030533876,3.23614764213562,-4.358486652374268,-0.5,-0.7690701484680176,0.4990335707668458
GW190412,GW190929_012149,169.82714467592814,87.14290022371598,7.5795722007751465,-27.35056495666504,-0.5,-0.7690701484680176,0.16411112620801277
GW190412,GW190930_133541,171.3367719907424,83.60008110123037,7.467818260192871,-26.456459045410156,-0.5,-0.7690701484680176,0.17713544412868126
GW190412,GW191105_143521,207.37821527778,167.3494974584739,4.191285610198975,-9.899014472961426,-0.5,-0.9063971638679504,0.3030669310506704
GW190412,GW191109_010717,210.81704976852018,69.9619964986558,2.164661407470703,-3.0356791019439697,0.10000000149011612,-0.9063971638679504,0.40304419408301195
GW190412,GW191127_050227,228.98036342592704,86.93071356696036,2.8482069969177246,-4.634407997131348,0.10000000149011612,-1.3033174276351929,0.04662064385376363
GW190412,GW191129_134029,231.34010416666666,102.17241047343805,3.1901323795318604,-5.763093948364258,-0.5,-1.3033174276351929,0.030179230732115092
GW190412,GW191204_171526,236.4893738425937,143.7016613442189,5.180797576904297,-13.8073148727417,-0.5,-1.3033174276351929,-0.08699982985159127
GW190412,GW191215_223052,247.70842824074128,155.90593897584608,5.388526916503906,-14.989496231079102,-0.5,-1.3033174276351929,-0.10422050321596277
GW190412,GW191216_213338,248.66868402778,86.8558410332787,3.7224082946777344,-6.969343185424805,-0.5,-1.3033174276351929,0.012607963886344498
GW190412,GW191219_163120,251.45875347222443,125.22669631862976,2.8061201572418213,-5.275224208831787,0.10000000149011612,-1.0624562501907349,0.23944069304043783
GW190412,GW191222_033537,253.92005787037036,74.31931567966542,1.9369754791259766,-2.91184663772583,0.5,-1.0624562501907349,0.2738676892890808
GW190412,GW191230_180458,262.5237766203726,161.88137095236675,7.505829334259033,-28.052528381347656,-0.5,-1.0624562501907349,-0.09235316626002699
GW190412,GW200112_155838,275.43604050926035,128.6371736957572,3.241051197052002,-6.355825424194336,-0.5,-1.0624562501907349,0.22369972365730337
GW190412,GW200128_022011,290.86768287037256,53.86243124751909,1.160018801689148,-2.0902390480041504,1.0,-1.0624562501907349,0.2858359341243606
GW190412,GW200129_065458,292.0584988425948,99.87580034615628,6.840288162231445,-22.498390197753906,-0.5,-1.0624562501907349,-0.011446798716923057
GW190412,GW200202_154313,296.4253402777789,61.808137158062074,11.059821128845215,-58.342674255371094,-0.5,-0.7005700469017029,-0.22985455079860845
GW190412,GW200208_130117,302.31289120370593,97.9597956801843,10.341970443725586,-51.71628952026367,-0.5,-0.7005700469017029,-0.13332891511236675
GW190412,GW200209_085452,303.14175925925923,54.39288422902979,2.4223101139068604,-2.8982396125793457,0.10000000149011612,-0.7005700469017029,0.577796908194588
GW190412,GW200219_094415,313.1760532407407,170.30397774623296,5.503091812133789,-15.7479829788208,-0.5,-0.7005700469017029,0.390616462685576
GW190412,GW200224_222234,318.70266550926146,58.178642935009,8.889106750488281,-37.006919860839844,-0.5,-0.7005700469017029,0.08094045101685247
GW190412,GW200225_060421,319.02334722222275,70.1336391524982,2.770134210586548,-4.041258335113525,0.10000000149011612,-0.7005700469017029,0.5611467115633326
GW190412,GW200302_015811,324.85240046296406,63.31397530399645,1.1062908172607422,-2.447549343109131,1.0,-0.7005700469017029,0.5843620514057466
GW190412,GW200311_115853,334.26955092592647,139.91277782669442,31.838726043701172,-503.5543518066406,-0.5,-0.7005700469017029,-6.7151918664680235
GW190412,GW200316_215756,339.68555555555554,82.63072699384382,3.265331506729126,-5.534658908843994,-0.5,-0.7005700469017029,0.5393925506632269
GW190413_134308,GW190421_213856,8.33041087962963,31.47693020509835,2.7726008892059326,-2.444019079208374,0.10000000149011612,1.2453101873397827,2.217590309610116
GW190413_134308,GW190503_185404,20.21592013888889,48.62085187089751,6.853795528411865,-21.147180557250977,-0.5,0.5892588496208191,1.3945201900246036
GW190413_134308,GW190512_180714,29.183399305556108,79.5252039027791,10.309676170349121,-50.97211837768555,-0.5,0.685893177986145,1.0411695896081516
GW190413_134308,GW190513_205428,30.299537037037037,125.96553154152838,14.623538970947266,-104.97212219238281,-0.5,0.9485506415367126,0.47500730474670183
GW190413_134308,GW190517_055101,33.672142361110005,67.34440846151844,7.605412483215332,-27.024490356445312,-0.5,0.9485506415367126,1.6104597443459587
GW190413_134308,GW190519_153544,36.07818981481371,172.7961088686955,19.007183074951172,-178.79251098632812,-0.5,0.6552695035934448,-0.8464749443851074
GW190413_134308,GW190521,37.555100694444995,88.19729018626919,8.263169288635254,-32.616943359375,-0.5,0.6552695035934448,1.2828444584310237
GW190413_134308,GW190521_074359,37.75058680555611,130.31267374067468,14.981472969055176,-110.28993225097656,-0.5,0.6552695035934448,0.15139270485416367
GW190413_134308,GW190602_175927,50.17798958333278,67.97141982732562,6.994264602661133,-22.749284744262695,-0.5,0.3182103931903839,1.1436916513492155
GW190413_134308,GW190620_030421,67.55639583333223,101.63686900099569,4.247663497924805,-9.11281967163086,-0.5,-0.2361980527639389,0.8770172825680043
GW190413_134308,GW190630_185205,78.21454166666501,141.61361787343264,13.535205841064453,-90.03793334960938,-0.5,-0.15858153998851776,-0.2366642044581483
GW190413_134308,GW190701_203306,79.28469675925871,109.79973053091548,16.106664657592773,-127.2926025390625,-0.5,-0.15858153998851776,-0.7793478501481398
GW190413_134308,GW190706_222641,84.36357175925815,59.53395737201463,3.988107919692993,-7.100385665893555,-0.5,-0.15858153998851776,0.9714756534667888
GW190413_134308,GW190707_093326,84.82659027777612,47.987915315985354,4.3208327293396,-7.891222953796387,-0.5,-0.15858153998851776,0.9599556353889422
GW190413_134308,GW190708_232457,86.40403472222111,49.23098583926558,1.7341489791870117,-1.9370723962783813,0.5,-0.2258155196905136,0.9902594644940557
GW190413_134308,GW190720_000836,97.43435185185186,153.22547221720959,19.603378295898438,-190.00006103515625,-0.5,-0.2258155196905136,-1.7492282430707928
GW190413_134308,GW190725_174728,103.16967245370425,127.57365860047287,9.19725227355957,-41.29572677612305,-0.5,-0.14472180604934692,0.48498929093314325
GW190413_134308,GW190727_060333,104.68084722222278,53.37100255183125,6.390261650085449,-18.404129028320312,-0.5,-0.14472180604934692,0.8184480490359622
GW190413_134308,GW190728_064510,105.70974305555501,157.2889293393686,18.66459083557129,-172.18780517578125,-0.5,-0.14472180604934692,-1.4216976249172948
GW190413_134308,GW190803_022701,111.53047569444334,72.16148816612915,6.795795440673828,-21.55804443359375,-0.5,-0.14472180604934692,0.7725053968108777
GW190413_134308,GW190828_063405,136.7020486111111,12.50288240308272,1.5289011001586914,0.8869876861572266,0.5,-0.7512125372886658,0.5904315634608375
GW190413_134308,GW190828_065509,136.71667939814705,17.359600256767944,1.8896965980529785,0.03764145448803902,0.5,-0.7512125372886658,0.57805925364079
GW190413_134308,GW190910_112807,149.9062337962952,47.651385065389654,1.788008451461792,-1.9055287837982178,0.5,-0.7512125372886658,0.5497533598547832
GW190413_134308,GW190915_235702,155.42631828703537,77.63140418179884,8.997995376586914,-38.533321380615234,-0.5,-0.7512125372886658,0.016201339329934478
GW190413_134308,GW190924_021846,163.52474652777667,43.36265805911987,5.206894397735596,-11.536527633666992,-0.5,-0.7690701484680176,0.3944720343637015
GW190413_134308,GW190925_232845,165.40667129629463,43.048667432785216,2.7573540210723877,-3.0390431880950928,0.10000000149011612,-0.7690701484680176,0.5182537223627581
GW190413_134308,GW190929_012149,168.4851932870376,29.609252542598796,2.350055694580078,-1.5700997114181519,0.10000000149011612,-0.7690701484680176,0.5396516200915414
GW190413_134308,GW190930_133541,169.99482060185184,168.37304228673534,13.66209888458252,-92.09101104736328,-0.5,-0.7690701484680176,-0.7789540538753171
GW190413_134308,GW191105_143521,206.03626388888944,103.22766103982669,2.5640757083892822,-4.419342994689941,0.10000000149011612,-0.9063971638679504,0.38288855233227087
GW190413_134308,GW191109_010717,209.47509837962963,40.893100711864214,1.249468207359314,-1.4984952211380005,0.5,-0.9063971638679504,0.42543614039957833
GW190413_134308,GW191127_050227,227.6384120370365,137.88083752975064,4.454481601715088,-10.527584075927734,-0.5,-1.3033174276351929,-0.03922444211037829
GW190413_134308,GW191129_134029,229.9981527777761,105.58014211451915,3.25466251373291,-5.99660062789917,-0.5,-1.3033174276351929,0.026777771025184027
GW190413_134308,GW191204_171526,235.14742245370314,65.87712673344879,2.3350658416748047,-3.1471917629241943,0.10000000149011612,-1.3033174276351929,0.06828471833002736
GW190413_134308,GW191215_223052,246.36647685185073,92.79544866760264,3.15755558013916,-5.487700462341309,-0.5,-1.3033174276351929,0.034190849792109845
GW190413_134308,GW191216_213338,247.32673263888944,163.930564307154,6.860270023345947,-23.620468139648438,-0.5,-1.3033174276351929,-0.22994668474158833
GW190413_134308,GW191219_163120,250.11680208333388,63.09004072186841,1.404407262802124,-2.337498188018799,0.5,-1.3033174276351929,0.080079413348976
GW190413_134308,GW191222_033537,252.57810648147984,46.72773516883424,1.2070190906524658,-1.7822389602661133,0.5,-1.0624562501907349,0.29032252906999045
GW190413_134308,GW191230_180458,261.18182523148204,80.99381068754774,3.6525397300720215,-6.609846115112305,-0.5,-1.0624562501907349,0.2199994391660622
GW190413_134308,GW200112_155838,274.0940891203698,137.0736594340169,3.4248573780059814,-6.985164165496826,-0.5,-1.0624562501907349,0.21453223271094238
GW190413_134308,GW200128_022011,289.525731481482,51.935768071347304,1.111697793006897,-2.047597885131836,1.0,-1.0624562501907349,0.2864570820831931
GW190413_134308,GW200129_065458,290.71654745370427,150.5771483288072,9.72469425201416,-46.50587844848633,-0.5,-1.0624562501907349,-0.3611605804046021
GW190413_134308,GW200202_154313,295.08338888888835,53.66671559194696,7.059367656707764,-22.715633392333984,-0.5,-0.7005700469017029,0.28911965676656953
GW190413_134308,GW200208_130117,300.9709398148154,13.855678207831907,1.2849079370498657,0.6770665049552917,0.5,-0.7005700469017029,0.6298779010079859
GW190413_134308,GW200209_085452,301.79980787036874,80.4406336666684,3.491525888442993,-6.111161231994629,-0.5,-0.7005700469017029,0.5309947205580892
GW190413_134308,GW200219_094415,311.8341018518502,103.11098091823536,3.2865967750549316,-6.034189224243164,-0.5,-0.7005700469017029,0.5321159612157425
GW190413_134308,GW200224_222234,317.3607141203709,27.403881789797353,3.2895667552948,-3.3919057846069336,-0.5,-0.7005700469017029,0.5706057409176122
GW190413_134308,GW200225_060421,317.6813958333322,93.76860719035689,3.629234790802002,-6.83071231842041,-0.5,-0.7005700469017029,0.5205131187793708
GW190413_134308,GW200302_015811,323.5104490740735,56.778040928711604,0.9880894422531128,-2.3318469524383545,1.0,-0.7005700469017029,0.5860474722281664
GW190413_134308,GW200311_115853,332.9275995370359,134.15763311128498,19.807889938354492,-193.74354553222656,-0.5,-0.7005700469017029,-2.2022204327892476
GW190413_134308,GW200316_215756,338.343604166665,96.50669342483161,3.736954927444458,-7.226521968841553,-0.5,-0.7005700469017029,0.514747414002944
GW190421_213856,GW190503_185404,11.885509259259258,61.77534541985685,6.425158977508545,-18.90932273864746,-0.5,1.0493223667144775,1.8132499614407585
GW190421_213856,GW190512_180714,20.852988425926476,48.52921463789803,4.814177989959717,-9.950778007507324,-0.5,0.5892588496208191,1.5576166470997816
GW190421_213856,GW190513_205428,21.96912615740741,157.44225342585705,14.59835433959961,-105.05369567871094,-0.5,1.0970654487609863,0.598467478550041
GW190421_213856,GW190517_055101,25.341731481480377,36.01272222912041,3.280353546142578,-3.9136252403259277,-0.5,0.685893177986145,1.7266641912805132
GW190421_213856,GW190519_153544,27.74777893518408,152.93322208300307,13.691710472106934,-92.29930877685547,-0.5,0.685893177986145,0.4391620871956686
GW190421_213856,GW190521,29.224689814815367,75.89432998151368,6.075626850128174,-17.24815559387207,-0.5,0.685893177986145,1.5324219203580023
GW190421_213856,GW190521_074359,29.42017592592648,102.53267563139954,9.447896957397461,-43.141578674316406,-0.5,0.9485506415367126,1.3756843340001863
GW190421_213856,GW190602_175927,41.84757870370315,88.24375596319278,7.551352500915527,-27.16963768005371,-0.5,0.5659993290901184,1.2872701746260125
GW190421_213856,GW190620_030421,59.2259849537026,82.04027763066372,3.30912184715271,-5.637621879577637,-0.5,0.21406562626361847,1.3055462134773363
GW190421_213856,GW190630_185205,69.88413078703537,118.71230777508171,9.642108917236328,-45.247676849365234,-0.5,-0.2361980527639389,0.3506457845424191
GW190421_213856,GW190701_203306,70.95428587962908,125.02942679502145,13.283900260925293,-86.45641326904297,-0.5,-0.2361980527639389,-0.2496362150314691
GW190421_213856,GW190706_222641,76.03316087962853,72.24195462474107,4.438148021697998,-9.16956901550293,-0.5,-0.15858153998851776,0.9413341440077558
GW190421_213856,GW190707_093326,76.4961793981465,29.829932539587322,2.319007158279419,-1.5390665531158447,0.10000000149011612,-0.15858153998851776,1.0524866246183473
GW190421_213856,GW190708_232457,78.07362384259149,63.93001055580741,2.1952898502349854,-2.894021511077881,0.10000000149011612,-0.15858153998851776,1.032749181974762
GW190421_213856,GW190720_000836,89.10394097222222,128.4904202512503,12.647656440734863,-78.35979461669922,-0.5,-0.2258155196905136,-0.12297982632409266
GW190421_213856,GW190725_174728,94.83926157407463,96.14763038016403,6.278448581695557,-18.908403396606445,-0.5,-0.2258155196905136,0.7430404184025929
GW190421_213856,GW190727_060333,96.35043634259314,70.76431149970051,6.690471172332764,-20.839967727661133,-0.5,-0.2258155196905136,0.7149035862720781
GW190421_213856,GW190728_064510,97.37933217592537,133.91734705628394,12.590520858764648,-77.73058319091797,-0.5,-0.2258155196905136,-0.11381418996543091
GW190421_213856,GW190803_022701,103.20006481481371,98.11803750287517,7.884355545043945,-29.865537643432617,-0.5,-0.14472180604934692,0.6514912850297824
GW190421_213856,GW190828_063405,128.37163773148148,43.97766195236616,4.212482929229736,-7.305188179016113,-0.5,-0.667401909828186,0.5414395039535054
GW190421_213856,GW190828_065509,128.38626851851743,39.77214372566006,3.536083936691284,-4.8336615562438965,-0.5,-0.667401909828186,0.5774418925734427
GW190421_213856,GW190910_112807,141.57582291666557,79.12813768556958,2.88480281829834,-4.52569055557251,0.10000000149011612,-0.7512125372886658,0.5115858234481905
GW190421_213856,GW190915_235702,147.09590740740575,81.42799898289627,7.542483329772949,-26.944284439086914,-0.5,-0.7512125372886658,0.18501724762539884
GW190421_213856,GW190924_021846,155.19433564814705,73.02705754907736,6.916789531707764,-22.37616729736328,-0.5,-0.7512125372886658,0.2515603821732516
GW190421_213856,GW190925_232845,157.076260416665,33.85989782915117,2.0026681423187256,-1.402264952659607,0.5,-0.7512125372886658,0.5570843349128984
GW190421_213856,GW190929_012149,160.15478240740796,60.89854037572397,4.296947002410889,-8.275908470153809,-0.5,-0.7690701484680176,0.44196902556938183
GW190421_213856,GW190930_133541,161.66440972222222,148.80695454123665,10.68374252319336,-56.0804557800293,-0.5,-0.7690701484680176,-0.2543932446941094
GW190421_213856,GW191105_143521,197.7058530092598,101.9488652120927,2.5000388622283936,-4.28285026550293,0.10000000149011612,-0.9063971638679504,0.3848768231583705
GW190421_213856,GW191109_010717,201.1446875,12.987967560578904,0.3892620801925659,-0.8322372436523438,1.0,-0.9063971638679504,0.4351414287851297
GW190421_213856,GW191127_050227,219.30800115740686,164.05899918430688,5.187426567077637,-14.104098320007324,-0.5,-1.3033174276351929,-0.09132303353710802
GW190421_213856,GW191129_134029,221.6677418981465,76.26570785725478,2.305323600769043,-3.396686315536499,0.10000000149011612,-1.3033174276351929,0.06465036547339881
GW190421_213856,GW191204_171526,226.81701157407352,85.12121887090557,2.9403958320617676,-4.7954511642456055,0.10000000149011612,-1.3033174276351929,0.044274750172663135
GW190421_213856,GW191215_223052,238.0360659722211,109.75129082932175,3.6466598510742188,-7.1992974281311035,-0.5,-1.3033174276351929,0.00925825203843833
GW190421_213856,GW191216_213338,238.9963217592598,132.9633608745299,5.3698248863220215,-14.57749080657959,-0.5,-1.3033174276351929,-0.09821887682453195
GW190421_213856,GW191219_163120,241.78639120370426,90.27490395819284,1.988905906677246,-3.349846124649048,0.5,-1.3033174276351929,0.06533268009620091
GW190421_213856,GW191222_033537,244.24769560185018,15.838669100315139,0.4034968912601471,-1.162909746170044,1.0,-1.3033174276351929,0.09718948174245046
GW190421_213856,GW191230_180458,252.8514143518524,93.77740447400787,4.0587873458862305,-8.258380889892578,-0.5,-1.0624562501907349,0.1959854596813709
GW190421_213856,GW200112_155838,265.7636782407402,119.16196644890034,2.9389398097991943,-5.4649763107299805,0.10000000149011612,-1.0624562501907349,0.23667660025218126
GW190421_213856,GW200128_022011,281.1953206018524,29.54133314149219,0.6263253092765808,-1.6449165344238281,1.0,-1.0624562501907349,0.2923228859732315
GW190421_213856,GW200129_065458,282.3861365740746,120.42854306820917,7.173070430755615,-25.109338760375977,-0.5,-1.0624562501907349,-0.04948012757208628
GW190421_213856,GW200202_154313,286.7529780092587,78.70614127788951,7.874192714691162,-29.347139358520508,-0.5,-1.0624562501907349,-0.11121158642931259
GW190421_213856,GW200208_130117,292.6405289351857,41.20766507408915,3.2741904258728027,-4.166691303253174,-0.5,-1.0624562501907349,0.25558853951593496
GW190421_213856,GW200209_085452,293.4693969907391,102.50384540291292,4.282522678375244,-9.262140274047852,-0.5,-0.7005700469017029,0.48509484193245095
GW190421_213856,GW200219_094415,303.50369097222057,108.91144393878781,3.399514675140381,-6.453577995300293,-0.5,-0.7005700469017029,0.526006782629796
GW190421_213856,GW200224_222234,309.0303032407413,36.82869077831599,3.4875648021698,-4.537124156951904,-0.5,-0.7005700469017029,0.5539235022898894
GW190421_213856,GW200225_060421,309.3509849537026,120.23173799746442,4.513274192810059,-10.491042137145996,-0.5,-0.7005700469017029,0.4671935973966351
GW190421_213856,GW200302_015811,315.1800381944439,28.223705980779396,0.48806503415107727,-1.9754645824432373,1.0,-0.7005700469017029,0.5912388452296302
GW190421_213856,GW200311_115853,324.5971886574063,128.60242169326017,13.709967613220215,-92.20024108886719,-0.5,-0.7005700469017029,-0.723053073377247
GW190421_213856,GW200316_215756,330.0131932870354,126.06242460509418,4.734226703643799,-11.51179313659668,-0.5,-0.7005700469017029,0.4523244578826967
GW190503_185404,GW190512_180714,8.967479166667218,99.24121430055956,20.669130325317383,-210.4857177734375,-0.5,1.549420952796936,-0.5576844258497116
GW190503_185404,GW190513_205428,10.083616898148149,104.23745669728888,16.964914321899414,-141.27664184570312,-0.5,1.0945045948028564,0.0686634761867082
GW190503_185404,GW190517_055101,13.456222222221118,81.5195576687203,12.584615707397461,-76.66443634033203,-0.5,1.0493223667144775,0.9719391596399735
GW190503_185404,GW190519_153544,15.862269675924821,135.10235755652448,19.87630844116211,-195.10826110839844,-0.5,0.95906662940979,-0.8291673760585536
GW190503_185404,GW190521,17.33918055555611,135.64575374651236,15.410528182983398,-116.83361053466797,-0.5,0.95906662940979,0.3110487005477034
GW190503_185404,GW190521_074359,17.534666666667217,147.19421027441322,23.5058536529541,-273.6730041503906,-0.5,0.95906662940979,-1.9736091897788057
GW190503_185404,GW190602_175927,29.96206944444389,27.521215902001707,3.6138360500335693,-4.331703186035156,-0.5,0.9485506415367126,1.9410224560930183
GW190503_185404,GW190620_030421,47.34047569444334,143.59553386489526,6.201869010925293,-19.257312774658203,-0.5,0.3182103931903839,1.1945587270834088
GW190503_185404,GW190630_185205,57.99862152777612,102.2174965521493,11.962050437927246,-69.57746887207031,-0.5,0.21406562626361847,0.3741432504208407
GW190503_185404,GW190701_203306,59.06877662036982,64.50990727671983,20.374073028564453,-203.5979766845703,-0.5,0.21406562626361847,-1.5781150667058013
GW190503_185404,GW190706_222641,64.14765162036926,103.04814317787124,7.547853469848633,-27.454336166381836,-0.5,-0.2361980527639389,0.6098389327016613
GW190503_185404,GW190707_093326,64.61067013888723,90.33498913232144,9.690476417541504,-45.15885543823242,-0.5,-0.2361980527639389,0.3519396338305113
GW190503_185404,GW190708_232457,66.18811458333224,93.27059760740376,3.3623392581939697,-6.039822101593018,-0.5,-0.2361980527639389,0.9217812158088003
GW190503_185404,GW190720_000836,77.21843171296297,154.38418648914558,31.096837997436523,-480.4527893066406,-0.5,-0.15858153998851776,-5.923783751402778
GW190503_185404,GW190725_174728,82.95375231481536,120.19186335308989,9.624480247497559,-45.10629653930664,-0.5,-0.15858153998851776,0.4178487734194485
GW190503_185404,GW190727_060333,84.46492708333389,10.41091498861829,1.8039088249206543,1.1257355213165283,0.5,-0.15858153998851776,1.091304430178264
GW190503_185404,GW190728_064510,85.49382291666612,113.00748106328778,19.220232009887695,-181.99307250976562,-0.5,-0.15858153998851776,-1.5761620780157433
GW190503_185404,GW190803_022701,91.31455555555445,94.0795788730784,10.769944190979004,-56.07204055786133,-0.5,-0.2258155196905136,0.20168282375565177
GW190503_185404,GW190828_063405,116.48612847222222,47.18579497533198,8.55411148071289,-33.74319839477539,-0.5,-0.14472180604934692,0.5950059338222233
GW190503_185404,GW190828_065509,116.50075925925816,31.308388457139113,4.521608829498291,-7.833931922912598,-0.5,-0.14472180604934692,0.9724226574710415
GW190503_185404,GW190910_112807,129.6903136574063,54.82897473206218,2.1122398376464844,-2.4851412773132324,0.5,-0.667401909828186,0.6116524646889987
GW190503_185404,GW190915_235702,135.21039814814648,123.96009237856426,20.111797332763672,-199.62091064453125,-0.5,-0.667401909828186,-2.2599971927555553
GW190503_185404,GW190924_021846,143.30882638888778,67.17262237370345,11.709630966186523,-65.79286193847656,-0.5,-0.7512125372886658,-0.3808846413439294
GW190503_185404,GW190925_232845,145.19075115740574,89.50738194078016,6.216726779937744,-18.399423599243164,-0.5,-0.7512125372886658,0.3094890610482607
GW190503_185404,GW190929_012149,148.2692731481487,52.68991657836509,4.764509677886963,-9.89815902709961,-0.5,-0.7512125372886658,0.43332581363153483
GW190503_185404,GW190930_133541,149.77890046296295,141.73809124086696,13.192122459411621,-85.50619506835938,-0.5,-0.7512125372886658,-0.6680460555876708
GW190503_185404,GW191105_143521,185.82034375000055,55.73314834419929,1.4001902341842651,-2.08962345123291,0.5,-0.9063971638679504,0.4168252567182116
GW190503_185404,GW191109_010717,189.25917824074074,74.70468861301589,2.3224172592163086,-3.3801028728485107,0.10000000149011612,-0.9063971638679504,0.3980270203508751
GW190503_185404,GW191127_050227,207.4224918981476,123.27648606529436,4.060645580291748,-8.812021255493164,-0.5,-0.9063971638679504,0.31890101184994296
GW190503_185404,GW191129_134029,209.78223263888722,94.01758807617136,2.949761390686035,-5.01548433303833,0.10000000149011612,-0.9063971638679504,0.3742046433919922
GW190503_185404,GW191204_171526,214.93150231481425,24.074265314706395,0.8735663890838623,-0.7556114196777344,1.0,-0.9063971638679504,0.43625762663128614
GW190503_185404,GW191215_223052,226.15055671296187,48.2098896338216,1.6761888265609741,-1.864310622215271,0.5,-1.3033174276351929,0.08697227158372656
GW190503_185404,GW191216_213338,227.11081250000055,137.83896847013847,5.961778163909912,-17.79425621032715,-0.5,-1.3033174276351929,-0.14507705633909784
GW190503_185404,GW191219_163120,229.900881944445,38.44172874327371,0.8635604381561279,-1.7059613466262817,1.0,-1.3033174276351929,0.089278923717235
GW190503_185404,GW191222_033537,232.36218634259095,74.71806212341077,1.9539389610290527,-2.938110828399658,0.5,-1.3033174276351929,0.07133037156653943
GW190503_185404,GW191230_180458,240.96590509259315,33.40927268356499,1.5657886266708374,-1.0881578922271729,0.5,-1.3033174276351929,0.09827838172471864
GW190503_185404,GW200112_155838,253.87816898148094,94.07853385413539,2.377808094024658,-3.9243104457855225,0.10000000149011612,-1.0624562501907349,0.2591192681531187
GW190503_185404,GW200128_022011,269.30981134259315,91.22544772460517,1.9692143201828003,-3.351724147796631,0.5,-1.0624562501907349,0.2674600540579555
GW190503_185404,GW200129_065458,270.50062731481535,121.0182069596347,8.487387657165527,-35.07401657104492,-0.5,-1.0624562501907349,-0.19463421966508251
GW190503_185404,GW200202_154313,274.86746874999943,84.46320527645571,18.281078338623047,-163.9012451171875,-0.5,-1.0624562501907349,-2.071242751498477
GW190503_185404,GW200208_130117,280.75501967592646,36.279014229386284,4.060305118560791,-6.364424228668213,-0.5,-1.0624562501907349,0.22357446605437772
GW190503_185404,GW200209_085452,281.5838877314798,106.74102155642203,4.800851821899414,-11.46873664855957,-0.5,-1.0624562501907349,0.14922064858573283
GW190503_185404,GW200219_094415,291.6181817129613,54.50730697310043,1.7704743146896362,-2.1628873348236084,0.5,-1.0624562501907349,0.28477767651525854
GW190503_185404,GW200224_222234,297.14479398148205,75.99622274355194,13.239023208618164,-84.87232208251953,-0.5,-0.7005700469017029,-0.61630828438281
GW190503_185404,GW200225_060421,297.46547569444334,105.51778248739694,4.200247764587402,-9.00993537902832,-0.5,-0.7005700469017029,0.488768675974408
GW190503_185404,GW200302_015811,303.29452893518464,88.34351770621,1.545968770980835,-3.027596950531006,0.5,-0.7005700469017029,0.5759125776319043
GW190503_185404,GW200311_115853,312.71167939814706,85.90461424794935,27.98030662536621,-387.43365478515625,-0.5,-0.7005700469017029,-5.02367763293076
GW190503_185404,GW200316_215756,318.1276840277761,98.10154259602957,3.906966209411621,-7.820099353790283,-0.5,-0.7005700469017029,0.5061008538194408
GW190512_180714,GW190513_205428,1.1161377314809295,153.2846216554219,22.37604522705078,-247.93373107910156,-0.5,0.91136634349823,-1.6387035756333348
GW190512_180714,GW190517_055101,4.4887430555539,17.72179665071726,2.4782392978668213,-0.7467522025108337,0.10000000149011612,1.6296886205673218,2.564922893583455
GW190512_180714,GW190519_153544,6.894790509257604,104.40403135076714,14.029862403869629,-96.17411041259766,-0.5,1.1633148193359375,0.7834182581808858
GW190512_180714,GW190521,8.371701388888889,56.74204241669105,6.09554386138916,-16.781166076660156,-0.5,1.2453101873397827,2.008743059838452
GW190512_180714,GW190521_074359,8.5671875,55.36510018567857,7.959126949310303,-29.294536590576172,-0.5,1.2453101873397827,1.826462511437177
GW190512_180714,GW190602_175927,20.994590277776673,125.71064254208184,15.338379859924316,-115.58161926269531,-0.5,0.5892588496208191,0.018906700753116068
GW190512_180714,GW190620_030421,38.372996527776124,48.68960797017744,2.0851283073425293,-2.216573715209961,0.5,0.6552695035934448,1.7256824647201627
GW190512_180714,GW190630_185205,49.031142361108905,82.53532974170625,9.103682518005371,-39.58903884887695,-0.5,0.3182103931903839,0.8983892678132952
GW190512_180714,GW190701_203306,50.1012974537026,135.1786097884185,30.84954833984375,-472.5436706542969,-0.5,0.3182103931903839,-5.408401347121229
GW190512_180714,GW190706_222641,55.18017245370205,91.04536978713779,6.510384559631348,-20.209896087646484,-0.5,0.21406562626361847,1.0932738979451977
GW190512_180714,GW190707_093326,55.64319097222001,41.674177239684774,4.251673698425293,-7.3449249267578125,-0.5,0.21406562626361847,1.2806761646458822
GW190512_180714,GW190708_232457,57.22063541666501,89.37032736489469,3.2026994228363037,-5.52765417098999,-0.5,0.21406562626361847,1.3071480979740429
GW190512_180714,GW190720_000836,68.25095254629575,81.25890398961427,13.972208023071289,-94.87386322021484,-0.5,-0.2361980527639389,-0.37225205155078006
GW190512_180714,GW190725_174728,73.98627314814814,49.50208970780172,3.8522257804870605,-6.267971992492676,-0.5,-0.15858153998851776,0.9836013090378031
GW190512_180714,GW190727_060333,75.49744791666667,109.6519047467089,16.82310676574707,-138.99899291992188,-0.5,-0.15858153998851776,-0.9498732298649332
GW190512_180714,GW190728_064510,76.5263437499989,92.69157515070509,14.014404296875,-95.72157287597656,-0.5,-0.15858153998851776,-0.31945700026238233
GW190512_180714,GW190803_022701,82.34707638888723,127.40499390910857,13.77996826171875,-93.13349151611328,-0.5,-0.15858153998851776,-0.2817567748068699
GW190512_180714,GW190828_063405,107.518649305555,91.83556120240573,14.592999458312988,-103.89816284179688,-0.5,-0.14472180604934692,-0.4269317909701261
GW190512_180714,GW190828_065509,107.53328009259094,87.401504846071,11.564486503601074,-64.6552505493164,-0.5,-0.14472180604934692,0.14471431873160667
GW190512_180714,GW190910_112807,120.72283449073909,126.57318615122773,4.843259811401367,-11.996471405029297,-0.5,-0.667401909828186,0.4731022259841204
GW190512_180714,GW190915_235702,126.24291898147928,82.78097749520576,12.053729057312012,-70.24126434326172,-0.5,-0.667401909828186,-0.37534166740916963
GW190512_180714,GW190924_021846,134.34134722222058,115.83834175725877,17.856563568115234,-156.9095001220703,-0.5,-0.667401909828186,-1.637825946058432
GW190512_180714,GW190925_232845,136.22327199073854,52.893121536362145,3.594986915588379,-5.580854892730713,-0.5,-0.7512125372886658,0.49621538957373845
GW190512_180714,GW190929_012149,139.3017939814815,107.77526929111288,9.399406433105469,-42.79465103149414,-0.5,-0.7512125372886658,-0.04587286400457033
GW190512_180714,GW190930_133541,140.81142129629575,100.66812278044527,9.01803207397461,-39.22908020019531,-0.5,-0.7512125372886658,0.006066316232277366
GW190512_180714,GW191105_143521,176.85286458333334,102.28468512301473,2.56230092048645,-4.397824764251709,0.10000000149011612,-0.7690701484680176,0.4984605378978744
GW190512_180714,GW191109_010717,180.29169907407353,38.99148042428428,1.20682692527771,-1.4203360080718994,0.5,-0.7690701484680176,0.5418332073742166
GW190512_180714,GW191127_050227,198.45501273148037,135.3589814240202,4.436605453491211,-10.41923999786377,-0.5,-0.9063971638679504,0.2954888773307647
GW190512_180714,GW191129_134029,200.81475347222002,40.20174554898094,1.2556546926498413,-1.462264060974121,0.5,-0.9063971638679504,0.4259639147299669
GW190512_180714,GW191204_171526,205.96402314814705,122.16472251371304,4.406370162963867,-10.094110488891602,-0.5,-0.9063971638679504,0.3002249942011935
GW190512_180714,GW191215_223052,217.18307754629464,133.31571667343255,4.609702110290527,-11.09521484375,-0.5,-1.3033174276351929,-0.04749304148838063
GW190512_180714,GW191216_213338,218.14333333333335,84.57095834080184,3.6268484592437744,-6.616891384124756,-0.5,-1.3033174276351929,0.017742080833856255
GW190512_180714,GW191219_163120,220.9334027777778,135.96633550539607,3.0473203659057617,-5.980793476104736,-0.5,-1.3033174276351929,0.027008031632791474
GW190512_180714,GW191222_033537,223.3947071759237,32.84663243559061,0.8562842607498169,-1.402038812637329,1.0,-1.3033174276351929,0.09370612149783314
GW190512_180714,GW191230_180458,231.99842592592591,118.81309404647443,5.513122081756592,-15.079521179199219,-0.5,-1.3033174276351929,-0.10553188426193133
GW190512_180714,GW200112_155838,244.9106898148137,88.5173050394518,2.2307217121124268,-3.591228723526001,0.10000000149011612,-1.3033174276351929,0.06181649295470415
GW190512_180714,GW200128_022011,260.34233217592595,35.085790426668815,0.7557563781738281,-1.702671766281128,1.0,-1.0624562501907349,0.29148157344881753
GW190512_180714,GW200129_065458,261.53314814814814,75.39431232294456,5.172214508056641,-12.476186752319336,-0.5,-1.0624562501907349,0.13454526139120934
GW190512_180714,GW200202_154313,265.89998958333223,112.60523756268739,20.382183074951172,-204.87655639648438,-0.5,-1.0624562501907349,-2.668124479135084
GW190512_180714,GW200208_130117,271.78754050925926,89.62828994946773,9.500018119812012,-43.35535430908203,-0.5,-1.0624562501907349,-0.3152673282833276
GW190512_180714,GW200209_085452,272.6164085648126,121.83781599965789,5.429696083068848,-14.703839302062988,-0.5,-1.0624562501907349,0.10209535287429958
GW190512_180714,GW200219_094415,282.6507025462941,115.36823349706513,3.7293155193328857,-7.559128761291504,-0.5,-1.0624562501907349,0.20617136933140603
GW190512_180714,GW200224_222234,288.1773148148148,71.8648052391513,11.072287559509277,-58.77988815307617,-0.5,-1.0624562501907349,-0.5399543927948854
GW190512_180714,GW200225_060421,288.49799652777614,139.9960105119202,5.53261661529541,-15.508251190185547,-0.5,-1.0624562501907349,0.09037759546078575
GW190512_180714,GW200302_015811,294.32704976851744,24.43156787811539,0.4269412159919739,-1.926532506942749,1.0,-0.7005700469017029,0.5919516320480755
GW190512_180714,GW200311_115853,303.74420023147985,106.95335164715021,24.79823112487793,-304.1407775878906,-0.5,-0.7005700469017029,-3.8103617388194904
GW190512_180714,GW200316_215756,309.1602048611089,152.5770550385436,6.032753944396973,-18.399415969848633,-0.5,-0.7005700469017029,0.35199340272612645
GW190513_205428,GW190517_055101,3.3726053240729703,166.09203231151787,20.470123291015625,-207.44154357910156,-0.5,2.3828184604644775,0.186129977866484
GW190513_205428,GW190519_153544,5.778652777776674,49.365376641374745,5.897111415863037,-15.378958702087402,-0.5,0.2738181948661804,1.2137958159561149
GW190513_205428,GW190521,7.25556365740796,110.88547789194821,11.014341354370117,-59.017879486083984,-0.5,1.1633148193359375,1.3246679672242867
GW190513_205428,GW190521_074359,7.45104976851907,98.03514632710788,12.34273624420166,-74.05751037597656,-0.5,1.2453101873397827,1.174406424661784
GW190513_205428,GW190602_175927,19.878452546295744,76.72910887168347,8.480025291442871,-34.10197067260742,-0.5,0.5892588496208191,1.2058095429591718
GW190513_205428,GW190620_030421,37.25685879629519,111.37164392688055,4.7064666748046875,-11.144708633422852,-0.5,0.6552695035934448,1.5956275504760293
GW190513_205428,GW190630_185205,47.91500462962797,80.22198565095795,8.149773597717285,-31.524438858032227,-0.5,0.3182103931903839,1.0158651874572708
GW190513_205428,GW190701_203306,48.98515972222167,50.0269453492876,8.59226131439209,-34.17830276489258,-0.5,0.3182103931903839,0.9772067166810013
GW190513_205428,GW190706_222641,54.064034722221116,95.85133677396888,6.610141754150391,-20.936796188354492,-0.5,0.3182103931903839,1.170093923029301
GW190513_205428,GW190707_093326,54.527053240739086,148.64398622764014,14.123010635375977,-98.17864227294922,-0.5,0.21406562626361847,-0.04248611147924353
GW190513_205428,GW190708_232457,56.10449768518408,101.70806006271474,3.6109161376953125,-6.937070846557617,-0.5,0.21406562626361847,1.2866173189754782
GW190513_205428,GW190720_000836,67.13481481481482,72.05579781891237,10.344295501708984,-51.12565994262695,-0.5,-0.2361980527639389,0.2650220127103915
GW190513_205428,GW190725_174728,72.87013541666722,106.37262847334823,7.932342529296875,-30.394451141357422,-0.5,-0.2361980527639389,0.5670106819593572
GW190513_205428,GW190727_060333,74.38131018518574,94.06422460782422,12.439247131347656,-75.15510559082031,-0.5,-0.15858153998851776,-0.01986809803607381
GW190513_205428,GW190728_064510,75.41020601851797,66.53793387526919,8.703608512878418,-35.685890197753906,-0.5,-0.15858153998851776,0.5550745378281218
GW190513_205428,GW190803_022701,81.2309386574063,63.7169564650272,6.365934371948242,-18.610963821411133,-0.5,-0.15858153998851776,0.8038026435235335
GW190513_205428,GW190828_063405,106.40251157407407,113.4657935867848,15.397723197937012,-116.28092956542969,-0.5,-0.14472180604934692,-0.6073098519089196
GW190513_205428,GW190828_065509,106.41714236111001,119.31302291258434,14.078949928283691,-97.12397766113281,-0.5,-0.14472180604934692,-0.32825316650759473
GW190513_205428,GW190910_112807,119.60669675925816,78.31418404217916,2.9649181365966797,-4.68455171585083,0.10000000149011612,-0.667401909828186,0.5796139551243475
GW190513_205428,GW190915_235702,125.12678124999834,94.33881187283707,11.994247436523438,-69.7973403930664,-0.5,-0.667401909828186,-0.3688750882409054
GW190513_205428,GW190924_021846,133.22520949073964,85.35027609491112,11.326607704162598,-61.92666244506836,-0.5,-0.667401909828186,-0.25422400434185377
GW190513_205428,GW190925_232845,135.1071342592576,138.71373811789869,9.123303413391113,-40.80191421508789,-0.5,-0.667401909828186,0.05349729967591206
GW190513_205428,GW190929_012149,138.18565625000056,96.62095565945674,7.991702556610107,-30.659862518310547,-0.5,-0.7512125372886658,0.13089293242547376
GW190513_205428,GW190930_133541,139.69528356481482,52.70166108864293,4.46510648727417,-8.646718978881836,-0.5,-0.7512125372886658,0.45155536881227293
GW190513_205428,GW191105_143521,175.7367268518524,81.09527997785744,2.0221869945526123,-3.168933629989624,0.5,-0.7690701484680176,0.5163616261482099
GW190513_205428,GW191109_010717,179.1755613425926,162.82206558599592,5.0044026374816895,-13.22812557220459,-0.5,-0.7690701484680176,0.3698307596912868
GW190513_205428,GW191127_050227,197.33887499999946,19.084207654270532,0.6206342577934265,-0.7857656478881836,1.0,-0.9063971638679504,0.43581837413343155
GW190513_205428,GW191129_134029,199.6986157407391,124.37461655929233,3.857140302658081,-8.126933097839355,-0.5,-0.9063971638679504,0.32888059688192767
GW190513_205428,GW191204_171526,204.84788541666612,80.21391919754817,2.8659701347351074,-4.511895656585693,0.10000000149011612,-0.9063971638679504,0.3815403504271491
GW190513_205428,GW191215_223052,216.0669398148137,60.681640888441045,2.080012321472168,-2.651183605194092,0.5,-1.3033174276351929,0.07551000099084215
GW190513_205428,GW191216_213338,217.0271956018524,69.49544676701973,2.9408459663391113,-4.390838623046875,0.10000000149011612,-1.3033174276351929,0.05016868544915143
GW190513_205428,GW191219_163120,219.81726504629685,70.06682624203714,1.5645943880081177,-2.5690464973449707,0.5,-1.3033174276351929,0.0767064809517114
GW190513_205428,GW191222_033537,222.27856944444278,171.03849628957613,4.436725616455078,-10.88763427734375,-0.5,-1.3033174276351929,-0.04446924390803253
GW190513_205428,GW191230_180458,230.882288194445,77.35119567109906,3.5337395668029785,-6.157079696655273,-0.5,-1.3033174276351929,0.024440094487335362
GW190513_205428,GW200112_155838,243.79455208333277,77.37064804985526,1.9407775402069092,-2.995769500732422,0.5,-1.3033174276351929,0.07049046561144784
GW190513_205428,GW200128_022011,259.226194444445,153.69756123226253,3.299450635910034,-6.867071628570557,-0.5,-1.0624562501907349,0.2162524704653571
GW190513_205428,GW200129_065458,260.4170104166672,81.63223529945799,5.415955066680908,-13.833457946777344,-0.5,-1.0624562501907349,0.11477407844893792
GW190513_205428,GW200202_154313,264.7838518518513,82.49560536149346,12.267642974853516,-72.80052185058594,-0.5,-1.0624562501907349,-0.7441910368288259
GW190513_205428,GW200208_130117,270.6714027777783,116.90234862616336,11.479277610778809,-64.2699203491211,-0.5,-1.0624562501907349,-0.6199269372282836
GW190513_205428,GW200209_085452,271.5002708333317,62.86040976197258,2.7613558769226074,-3.8043558597564697,0.10000000149011612,-1.0624562501907349,0.26086663012088807
GW190513_205428,GW200219_094415,281.53456481481317,70.26655463374665,2.2541444301605225,-3.161057472229004,0.10000000149011612,-1.0624562501907349,0.2702374693151529
GW190513_205428,GW200224_222234,287.06117708333386,126.11493509943324,16.72996711730957,-137.727294921875,-0.5,-1.0624562501907349,-1.6899704164290867
GW190513_205428,GW200225_060421,287.3818587962952,43.019396657097126,1.6809338331222534,-1.6387957334518433,0.5,-1.0624562501907349,0.2924120468397293
GW190513_205428,GW200302_015811,293.2109120370365,164.53563710534706,2.868826150894165,-5.954953193664551,0.10000000149011612,-0.7005700469017029,0.533270181582745
GW190513_205428,GW200311_115853,302.6280624999989,62.82192164599956,10.886488914489746,-56.50480651855469,-0.5,-0.7005700469017029,-0.20308258407842344
GW190513_205428,GW200316_215756,308.044067129628,34.04769388038067,1.3310081958770752,-1.110865831375122,0.5,-0.7005700469017029,0.6038333364034101
GW190517_055101,GW190519_153544,2.4060474537037035,117.83908175007393,13.672310829162598,-91.5153579711914,-0.5,1.762874722480774,1.3544921535817318
GW190517_055101,GW190521,3.882958333334989,70.83048920256876,6.893975257873535,-22.164152145385742,-0.5,1.4540684223175049,2.105540580262379
GW190517_055101,GW190521_074359,4.0784444444461005,71.89843026043528,8.764481544494629,-36.358585357666016,-0.5,1.6296886205673218,2.0461702146088006
GW190517_055101,GW190602_175927,16.505847222222773,108.13517244904835,11.655187606811523,-66.11837768554688,-0.5,0.95906662940979,1.0498105270080893
GW190517_055101,GW190620_030421,33.88425347222222,65.6074913555842,2.7621541023254395,-3.891529083251953,0.10000000149011612,0.9485506415367126,1.9474344117494207
GW190517_055101,GW190630_185205,44.542399305555,86.20904943963517,8.573785781860352,-35.11245346069336,-0.5,0.5659993290901184,1.1715682688337092
GW190517_055101,GW190701_203306,45.6125543981487,125.25982273610433,20.291038513183594,-203.24496459960938,-0.5,0.5659993290901184,-1.2775949122934258
GW190517_055101,GW190706_222641,50.691429398148145,95.11209173972006,6.494491100311279,-20.198833465576172,-0.5,0.3182103931903839,1.1808437245842167
GW190517_055101,GW190707_093326,51.154447916666115,41.76553785002287,3.894944429397583,-6.071503639221191,-0.5,0.3182103931903839,1.3866345964624114
GW190517_055101,GW190708_232457,52.731892361111115,90.44748234795155,3.2026515007019043,-5.551492214202881,-0.5,0.3182103931903839,1.394209531418733
GW190517_055101,GW190720_000836,63.762209490741846,97.19624883286858,13.385053634643555,-87.28643798828125,-0.5,-0.2361980527639389,-0.2617270710355419
GW190517_055101,GW190725_174728,69.49753009259425,60.233491686429,4.44003438949585,-8.813508987426758,-0.5,-0.2361980527639389,0.8813773001666529
GW190517_055101,GW190727_060333,71.00870486111276,91.93017298278875,11.732946395874023,-66.689697265625,-0.5,-0.2361980527639389,0.0383028201939577
GW190517_055101,GW190728_064510,72.03760069444499,99.58263496660099,12.580986022949219,-77.01962280273438,-0.5,-0.2361980527639389,-0.11217178532936017
GW190517_055101,GW190803_022701,77.85833333333333,129.16807063956395,12.642318725585938,-78.30366516113281,-0.5,-0.15858153998851776,-0.06573273254940426
GW190517_055101,GW190828_063405,103.0299062500011,79.82831403776592,10.436139106750488,-52.267127990722656,-0.5,-0.14472180604934692,0.32517039738215425
GW190517_055101,GW190828_065509,103.04453703703703,72.04190521414056,8.262320518493652,-32.205474853515625,-0.5,-0.14472180604934692,0.6174057412984476
GW190517_055101,GW190910_112807,116.23409143518519,114.84893421446907,4.335042953491211,-9.691493034362793,-0.5,-0.14472180604934692,0.9453638200692821
GW190517_055101,GW190915_235702,121.75417592592538,92.71515979390915,11.406229972839355,-62.98320388793945,-0.5,-0.667401909828186,-0.2696144983259521
GW190517_055101,GW190924_021846,129.85260416666668,108.54962149769555,13.899453163146973,-94.44953918457031,-0.5,-0.667401909828186,-0.7279802797650643
GW190517_055101,GW190925_232845,131.73452893518464,52.68238287971057,3.4338436126708984,-5.098265647888184,-0.5,-0.667401909828186,0.5735874411384354
GW190517_055101,GW190929_012149,134.81305092592757,96.88821413149017,7.900877952575684,-29.96652603149414,-0.5,-0.667401909828186,0.2113349100982751
GW190517_055101,GW190930_133541,136.32267824074185,115.27710511315883,9.622499465942383,-45.00414276123047,-0.5,-0.7512125372886658,-0.07805822635251064
GW190517_055101,GW191105_143521,172.36412152777945,92.21007413497587,2.296342372894287,-3.7635207176208496,0.10000000149011612,-0.7690701484680176,0.5077003577645074
GW190517_055101,GW191109_010717,175.8029560185196,30.72843026452416,0.9425790905952454,-1.1542983055114746,1.0,-0.7690701484680176,0.5457085420223995
GW190517_055101,GW191127_050227,193.96626967592647,151.8789414034766,4.9282732009887695,-12.741552352905273,-0.5,-0.9063971638679504,0.2616600724404069
GW190517_055101,GW191129_134029,196.32601041666612,41.880179160146945,1.296179175376892,-1.5322469472885132,0.5,-0.9063971638679504,0.42494448364368165
GW190517_055101,GW191204_171526,201.47528009259315,104.58070785402786,3.726576328277588,-7.3540472984313965,-0.5,-0.9063971638679504,0.3401391180941756
GW190517_055101,GW191215_223052,212.69433449074074,118.77406634555697,4.061244487762451,-8.739744186401367,-0.5,-0.9063971638679504,0.3199538619814274
GW190517_055101,GW191216_213338,213.65459027777942,97.64113320445736,4.116407871246338,-8.546465873718262,-0.5,-0.9063971638679504,0.3227693205975348
GW190517_055101,GW191219_163120,216.4446597222239,118.62459448576041,2.646116018295288,-4.848129749298096,0.10000000149011612,-1.3033174276351929,0.04350738846450525
GW190517_055101,GW191222_033537,218.90596412036982,22.67539988400547,0.5873671174049377,-1.2206950187683105,1.0,-1.3033174276351929,0.09634773161869159
GW190517_055101,GW191230_180458,227.50968287037202,103.00265411799896,4.685079574584961,-10.8971529006958,-0.5,-1.3033174276351929,-0.04460790038613388
GW190517_055101,GW200112_155838,240.4219467592598,89.70086070939912,2.2470974922180176,-3.639828681945801,0.10000000149011612,-1.3033174276351929,0.061108544040126056
GW190517_055101,GW200128_022011,255.85358912037202,35.6395924098572,0.7643401026725769,-1.7179301977157593,1.0,-1.0624562501907349,0.2912593059752735
GW190517_055101,GW200129_065458,257.0444050925943,84.56013932115653,5.558957099914551,-14.636528968811035,-0.5,-1.0624562501907349,0.10307585324744797
GW190517_055101,GW200202_154313,261.4112465277783,110.88877004312816,15.77230453491211,-122.02476501464844,-0.5,-1.0624562501907349,-1.4612338214730296
GW190517_055101,GW200208_130117,267.29879745370533,75.26167687945208,7.244820594787598,-24.666505813598633,-0.5,-1.0624562501907349,-0.0430294409006608
GW190517_055101,GW200209_085452,268.1276655092587,128.19774664531528,5.608790874481201,-15.729167938232422,-0.5,-1.0624562501907349,0.08715953155544323
GW190517_055101,GW200219_094415,278.1619594907402,104.43948686274868,3.343177080154419,-6.213212013244629,-0.5,-1.0624562501907349,0.22577715361339548
GW190517_055101,GW200224_222234,283.6885717592609,67.33007872463976,8.618340492248535,-34.99074935913086,-0.5,-1.0624562501907349,-0.19342127763362416
GW190517_055101,GW200225_060421,284.0092534722222,148.28971797576992,5.775725841522217,-16.91193389892578,-0.5,-1.0624562501907349,0.06993034236890197
GW190517_055101,GW200302_015811,289.8383067129635,22.95710249858618,0.4000217914581299,-1.921159029006958,1.0,-1.0624562501907349,0.28829889952223087
GW190517_055101,GW200311_115853,299.2554571759259,105.60454638042361,17.243167877197266,-146.02943420410156,-0.5,-0.7005700469017029,-1.5071755310421249
GW190517_055101,GW200316_215756,304.671461805555,158.96701119579234,6.19452428817749,-19.417551040649414,-0.5,-0.7005700469017029,0.3371623690852902
GW190519_153544,GW190521,1.4769108796312853,89.00520594243332,8.494002342224121,-34.51413345336914,-0.5,1.0566281080245972,1.5920685355334505
GW190519_153544,GW190521_074359,1.6723969907423963,51.283679666002435,6.063405990600586,-16.394071578979492,-0.5,2.3315253257751465,2.926041928203338
GW190519_153544,GW190602_175927,14.09979976851907,113.17958133980459,11.909077644348145,-69.15782928466797,-0.5,0.9412388801574707,0.990572427465243
GW190519_153544,GW190620_030421,31.47820601851852,77.20956486846968,3.238467216491699,-5.328104496002197,-0.5,0.9485506415367126,1.9265080151590943
GW190519_153544,GW190630_185205,42.1363518518513,45.54117080055753,4.437128067016602,-8.242695808410645,-0.5,0.5659993290901184,1.5629763354949338
GW190519_153544,GW190701_203306,43.206506944444996,71.83422648223716,11.038569450378418,-58.4123649597168,-0.5,0.5659993290901184,0.8321616604367174
GW190519_153544,GW190706_222641,48.285381944444445,113.95646071638018,7.70543098449707,-28.816038131713867,-0.5,0.3182103931903839,1.055318088586882
GW190519_153544,GW190707_093326,48.74840046296241,131.92209853556147,12.081936836242676,-71.50902557373047,-0.5,0.3182103931903839,0.4334152083704679
GW190519_153544,GW190708_232457,50.32584490740741,124.19708628238536,4.386045932769775,-10.047006607055664,-0.5,0.3182103931903839,1.3287239911349438
GW190519_153544,GW190720_000836,61.35616203703814,26.280570095876836,3.4818432331085205,-3.8455758094787598,-0.5,0.21406562626361847,1.3316507022763135
GW190519_153544,GW190725_174728,67.09148263889054,57.791220944907536,4.211759090423584,-7.848792552947998,-0.5,-0.2361980527639389,0.8954301918742029
GW190519_153544,GW190727_060333,68.60265740740907,129.02322964802468,15.926229476928711,-124.74787139892578,-0.5,-0.2361980527639389,-0.8074226227173378
GW190519_153544,GW190728_064510,69.6315532407413,29.72134619216246,3.633944511413574,-4.547293186187744,-0.5,-0.2361980527639389,0.9435226793818863
GW190519_153544,GW190803_022701,75.45228587962963,100.77250856153057,9.668679237365723,-45.17104721069336,-0.5,-0.15858153998851776,0.4169055592888834
GW190519_153544,GW190828_063405,100.6238587962974,161.76165139659477,20.420433044433594,-206.37765502929688,-0.5,-0.14472180604934692,-1.9197364685785892
GW190519_153544,GW190828_065509,100.63848958333334,164.98442151495192,18.415084838867188,-167.68446350097656,-0.5,-0.14472180604934692,-1.3560980656931174
GW190519_153544,GW190910_112807,113.82804398148149,127.28707752327746,4.790079593658447,-11.773650169372559,-0.5,-0.14472180604934692,0.9150333232614773
GW190519_153544,GW190915_235702,119.34812847222167,96.72674162932191,11.535337448120117,-64.52637481689453,-0.5,-0.667401909828186,-0.2920936571500287
GW190519_153544,GW190924_021846,127.44655671296296,129.96934745185484,16.092159271240234,-127.39814758300781,-0.5,-0.667401909828186,-1.2079381297501608
GW190519_153544,GW190925_232845,129.32848148148094,135.02957506072883,8.723017692565918,-37.26599884033203,-0.5,-0.667401909828186,0.10500449295323266
GW190519_153544,GW190929_012149,132.4070034722239,144.51547838382592,11.621983528137207,-66.31765747070312,-0.5,-0.667401909828186,-0.31818702536883164
GW190519_153544,GW190930_133541,133.91663078703814,6.654135067740149,0.5474109053611755,1.113159418106079,1.0,-0.667401909828186,0.6640684163579994
GW190519_153544,GW191105_143521,169.95807407407574,81.99959702396713,2.0393869876861572,-3.2091028690338135,0.5,-0.7690701484680176,0.5157764863640332
GW190519_153544,GW191109_010717,173.39690856481593,141.96918386124517,4.346170902252197,-10.15865421295166,-0.5,-0.7690701484680176,0.414543327104232
GW190519_153544,GW191127_050227,191.56022222222276,35.841697707397884,1.1604286432266235,-1.2753654718399048,1.0,-0.9063971638679504,0.42868644078998586
GW190519_153544,GW191129_134029,193.91996296296242,80.94705804267899,2.5002150535583496,-3.8217978477478027,0.10000000149011612,-0.9063971638679504,0.391592910359391
GW190519_153544,GW191204_171526,199.06923263888945,115.64168695067576,4.109668731689453,-8.860420227050781,-0.5,-0.9063971638679504,0.3181959906833621
GW190519_153544,GW191215_223052,210.28828703703704,88.80890630568716,3.0291452407836914,-5.085696697235107,0.10000000149011612,-0.9063971638679504,0.37318186953293436
GW190519_153544,GW191216_213338,211.24854282407574,20.20183833834889,0.8484885692596436,-0.44153404235839844,1.0,-0.9063971638679504,0.4408327486189661
GW190519_153544,GW191219_163120,214.03861226852018,115.47744822189364,2.5732004642486572,-4.6599531173706055,0.10000000149011612,-0.9063971638679504,0.379383617745354
GW190519_153544,GW191222_033537,216.4999166666661,137.17213710147013,3.548163414001465,-7.345767974853516,-0.5,-1.3033174276351929,0.007124635715681449
GW190519_153544,GW191230_180458,225.1036354166683,101.93987668314497,4.616532802581787,-10.587089538574219,-0.5,-1.3033174276351929,-0.04009125000614144
GW190519_153544,GW200112_155838,238.0158993055561,49.746538763101896,1.2445462942123413,-1.8922104835510254,0.5,-1.3033174276351929,0.08656585813828876
GW190519_153544,GW200128_022011,253.44754166666831,128.89965786556078,2.7617385387420654,-5.241370677947998,0.10000000149011612,-1.0624562501907349,0.23993383277189181
GW190519_153544,GW200129_065458,254.63835763889054,36.09032000828093,2.3511204719543457,-1.9675723314285278,0.10000000149011612,-1.0624562501907349,0.28762280332503853
GW190519_153544,GW200202_154313,259.00519907407465,119.15187142930706,16.26430892944336,-129.98814392089844,-0.5,-1.0624562501907349,-1.5772352674898416
GW190519_153544,GW200208_130117,264.8927500000017,165.5811614823576,15.634912490844727,-120.68656921386719,-0.5,-1.0624562501907349,-1.4417405071686686
GW190519_153544,GW200209_085452,265.721618055555,92.35767452293985,4.024448394775391,-8.106077194213867,-0.5,-1.0624562501907349,0.19820404668324879
GW190519_153544,GW200219_094415,275.75591203703647,80.82315158094579,2.581599712371826,-3.9614601135253906,0.10000000149011612,-1.0624562501907349,0.25857811404911313
GW190519_153544,GW200224_222234,281.2825243055572,147.78547243010456,18.291961669921875,-165.21795654296875,-0.5,-1.0624562501907349,-2.0904231058650895
GW190519_153544,GW200225_060421,281.6032060185185,79.32932773776147,3.079901933670044,-4.981741428375244,-0.5,-1.0624562501907349,0.24371581636620018
GW190519_153544,GW200302_015811,287.4322592592598,125.88770836612525,2.1921513080596924,-4.2452006340026855,0.10000000149011612,-1.0624562501907349,0.25444490488546323
GW190519_153544,GW200311_115853,296.8494097222222,50.94871352872667,7.885140895843506,-28.56082534790039,-0.5,-0.7005700469017029,0.20397354893043781
GW190519_153544,GW200316_215756,302.2654143518513,77.20085637727792,2.9986746311187744,-4.733928203582764,0.10000000149011612,-0.7005700469017029,0.5510566847919525
GW190521,GW190521_074359,0.1954861111111111,51.593619990159276,5.088302135467529,-11.319741249084473,-0.5,1.5679744482040405,2.3591109246457393
GW190521,GW190602_175927,12.622888888887784,153.38311298325348,13.909724235534668,-95.28234100341797,-0.5,1.0493223667144775,0.7007347013131088
GW190521,GW190620_030421,30.001295138887233,18.52557843488624,0.7565000653266907,-0.4239794611930847,1.0,0.9485506415367126,1.9979457305035968
GW190521,GW190630_185205,40.65944097222001,109.56494960838546,9.37380313873291,-42.592708587646484,-0.5,0.5659993290901184,1.0626044205079428
GW190521,GW190701_203306,41.72959606481371,159.0748462224085,18.539119720458984,-169.88990783691406,-0.5,0.5659993290901184,-0.7917163848496602
GW190521,GW190706_222641,46.80847106481316,48.23154474858512,3.0504658222198486,-3.915532112121582,-0.5,0.3182103931903839,1.418040337374519
GW190521,GW190707_093326,47.271489583331125,46.18897667729281,3.7650442123413086,-5.843165397644043,-0.5,0.3182103931903839,1.3899607682439774
GW190521,GW190708_232457,48.848934027776124,54.22813323605991,1.878785490989685,-2.2314891815185547,0.5,0.3182103931903839,1.4425715592847335
GW190521,GW190720_000836,59.879251157406856,65.6157832052366,6.984864711761475,-22.615732192993164,-0.5,0.21406562626361847,1.0582284140638976
GW190521,GW190725_174728,65.61457175925926,74.79561892143626,5.047847270965576,-11.873398780822754,-0.5,-0.2361980527639389,0.8368043061066268
GW190521,GW190727_060333,67.12574652777778,141.561243982877,14.380215644836426,-101.71048736572266,-0.5,-0.2361980527639389,-0.47184021583239294
GW190521,GW190728_064510,68.15464236111,105.4429236140936,10.6421480178833,-54.95577621459961,-0.5,-0.2361980527639389,0.209229235399162
GW190521,GW190803_022701,73.97537499999835,78.61960278110546,6.646788597106934,-20.772294998168945,-0.5,-0.15858153998851776,0.7723188293315013
GW190521,GW190828_063405,99.14694791666612,93.15072095728085,9.606354713439941,-44.42603302001953,-0.5,-0.2258155196905136,0.371328614897406
GW190521,GW190828_065509,99.16157870370205,105.40077451672545,9.979784965515137,-48.2538948059082,-0.5,-0.2258155196905136,0.3155686783750986
GW190521,GW190910_112807,112.3511331018502,106.76547363365067,3.9316792488098145,-8.073610305786133,-0.5,-0.14472180604934692,0.9689312954098339
GW190521,GW190915_235702,117.87121759259038,29.995076268434477,2.975956916809082,-2.790518045425415,0.10000000149011612,-0.667401909828186,0.6072040832798018
GW190521,GW190924_021846,125.96964583333168,89.2323438832821,9.083267211914062,-39.56391143798828,-0.5,-0.667401909828186,0.07153111597513048
GW190521,GW190925_232845,127.85157060184964,46.149511844268474,2.80391526222229,-3.27413272857666,0.10000000149011612,-0.667401909828186,0.6001593346597811
GW190521,GW190929_012149,130.9300925925926,96.24890842517698,7.05925989151001,-23.88319206237793,-0.5,-0.667401909828186,0.29994999991483867
GW190521,GW190930_133541,132.43971990740687,82.35277927575932,6.154711723327637,-17.86924934387207,-0.5,-0.667401909828186,0.38755427692110156
GW190521,GW191105_143521,168.48116319444443,154.34356052396234,3.802030563354492,-8.376433372497559,-0.5,-0.7690701484680176,0.4405046931333826
GW190521,GW191109_010717,171.91999768518463,63.70036593553324,1.9221230745315552,-2.590221643447876,0.5,-0.7690701484680176,0.5247916441162633
GW190521,GW191127_050227,190.0833113425915,94.34814874143247,3.0057871341705322,-5.151705741882324,0.10000000149011612,-0.9063971638679504,0.3722203248520382
GW190521,GW191129_134029,192.44305208333114,87.98415413321894,2.6779119968414307,-4.311267852783203,0.10000000149011612,-0.9063971638679504,0.3844628680702567
GW190521,GW191204_171526,197.59232175925817,152.63501602384034,5.320276737213135,-14.607142448425293,-0.5,-0.9063971638679504,0.23448427793122995
GW190521,GW191215_223052,208.81137615740576,169.88836073523768,5.692017555236816,-16.733108520507812,-0.5,-0.9063971638679504,0.20351562235831733
GW190521,GW191216_213338,209.77163194444444,81.11985499849115,3.3168087005615234,-5.635882377624512,-0.5,-0.9063971638679504,0.3651673903458617
GW190521,GW191219_163120,212.56170138888888,137.5075813519878,3.040581703186035,-5.987252235412598,-0.5,-0.9063971638679504,0.36004903392078313
GW190521,GW191222_033537,215.02300578703483,66.34260412538517,1.698372721672058,-2.513981580734253,0.5,-0.9063971638679504,0.41064369017081165
GW190521,GW191230_180458,223.62672453703703,169.04154022156115,7.421041965484619,-27.52900505065918,-0.5,-1.3033174276351929,-0.28688180472331926
GW190521,GW200112_155838,236.53898842592483,119.02000779719079,2.9488892555236816,-5.485123157501221,0.10000000149011612,-1.3033174276351929,0.03422839303748293
GW190521,GW200128_022011,251.97063078703704,46.7944592868361,0.9954735636711121,-1.9375100135803223,1.0,-1.0624562501907349,0.28806071697727875
GW190521,GW200129_065458,253.16144675925926,90.73155674572155,5.553647518157959,-14.749823570251465,-0.5,-1.0624562501907349,0.10142550635981293
GW190521,GW200202_154313,257.52828819444335,74.42333263053554,8.074892044067383,-30.78538703918457,-0.5,-1.0624562501907349,-0.13216234271649802
GW190521,GW200208_130117,263.4158391203704,101.70976761000723,8.492501258850098,-34.76858901977539,-0.5,-1.0624562501907349,-0.19018509850461224
GW190521,GW200209_085452,264.24470717592374,68.62618908191972,2.90533447265625,-4.286158561706543,0.10000000149011612,-1.0624562501907349,0.2538482763819808
GW190521,GW200219_094415,274.2790011574052,165.18572085017053,5.194034099578857,-14.149537086486816,-0.5,-1.0624562501907349,0.11016979706364907
GW190521,GW200224_222234,279.8056134259259,61.70929749058282,6.280185699462891,-18.0318603515625,-0.5,-1.0624562501907349,0.0536165276593725
GW190521,GW200225_060421,280.12629513888726,83.86983942250002,3.1820409297943115,-5.347601890563965,-0.5,-1.0624562501907349,0.2383863772984495
GW190521,GW200302_015811,285.9553483796285,53.857701341518855,0.9334375262260437,-2.287529230117798,1.0,-1.0624562501907349,0.2829620351576617
GW190521,GW200311_115853,295.3724988425909,134.08827937045268,15.691092491149902,-121.13742065429688,-0.5,-0.7005700469017029,-1.1445769908946537
GW190521,GW200316_215756,300.78850347222004,96.2317988013061,3.652695655822754,-6.955104351043701,-0.5,-0.7005700469017029,0.5187011171369589
GW190521_074359,GW190602_175927,12.427402777776674,154.77270130951425,16.954757690429688,-141.8961639404297,-0.5,1.0493223667144775,0.02171754933241732
GW190521_074359,GW190620_030421,29.80580902777612,33.589828734274285,1.4176286458969116,-1.076734185218811,0.5,0.9485506415367126,1.9884371421552691
GW190521_074359,GW190630_185205,40.4639548611089,58.04533130278869,5.852892875671387,-15.458176612854004,-0.5,0.5659993290901184,1.457869418333795
GW190521_074359,GW190701_203306,41.5341099537026,116.56608475294529,19.60269546508789,-189.43984985351562,-0.5,0.5659993290901184,-1.076497703203195
GW190521_074359,GW190706_222641,46.612984953702046,98.23416437914372,6.751060485839844,-21.885141372680664,-0.5,0.3182103931903839,1.1562795090726103
GW190521_074359,GW190707_093326,47.076003472220016,82.59277846281523,7.796104907989502,-28.851642608642578,-0.5,0.3182103931903839,1.054799443065047
GW190521_074359,GW190708_232457,48.65344791666501,105.5540303013222,3.744014024734497,-7.428372383117676,-0.5,0.3182103931903839,1.3668692759621557
GW190521_074359,GW190720_000836,59.68376504629575,26.064036023714507,3.6866652965545654,-4.448841571807861,-0.5,0.21406562626361847,1.3228630128311099
GW190521_074359,GW190725_174728,65.41908564814815,28.335652781275908,2.104496717453003,-1.1559652090072632,0.5,-0.2361980527639389,0.9929236879112493
GW190521_074359,GW190727_060333,66.93026041666667,154.91027497977663,20.22893524169922,-202.4178009033203,-0.5,-0.2361980527639389,-1.9388298106212445
GW190521_074359,GW190728_064510,67.9591562499989,55.26752751829036,7.140687942504883,-23.328887939453125,-0.5,-0.2361980527639389,0.6699337700094314
GW190521_074359,GW190803_022701,73.77988888888723,117.50011312194454,11.654735565185547,-66.27930450439453,-0.5,-0.15858153998851776,0.10942447647333464
GW190521_074359,GW190828_063405,98.951461805555,140.21579233903287,18.776948928833008,-174.04942321777344,-0.5,-0.2258155196905136,-1.5168774942881802
GW190521_074359,GW190828_065509,98.96609259259094,142.2853259971684,16.621519088745117,-136.17312622070312,-0.5,-0.2258155196905136,-0.9651386817630075
GW190521_074359,GW190910_112807,112.15564699073909,155.6231828045859,5.885623455047607,-17.611555099487305,-0.5,-0.14472180604934692,0.8299933645235495
GW190521_074359,GW190915_235702,117.67573148147927,77.14494444873219,9.694443702697754,-44.88080978393555,-0.5,-0.667401909828186,-0.005919411459927498
GW190521_074359,GW190924_021846,125.77415972222056,139.37705876933364,18.26296615600586,-164.57398986816406,-0.5,-0.667401909828186,-1.7494735147594644
GW190521_074359,GW190925_232845,127.65608449073854,89.37607155398668,5.859846591949463,-16.359785079956055,-0.5,-0.667401909828186,0.40954243538829876
GW190521_074359,GW190929_012149,130.73460648148148,147.71646019873074,12.157320976257324,-72.6363754272461,-0.5,-0.667401909828186,-0.41023092137836403
GW190521_074359,GW190930_133541,132.24423379629573,46.3142969881842,3.9035325050354004,-6.30734395980835,-0.5,-0.667401909828186,0.5559749635480212
GW190521_074359,GW191105_143521,168.28567708333333,105.5637086793761,2.6311357021331787,-4.586658954620361,0.10000000149011612,-0.7690701484680176,0.4957098162007082
GW190521_074359,GW191109_010717,171.72451157407352,90.74057942561514,2.7870266437530518,-4.591240406036377,0.10000000149011612,-0.7690701484680176,0.49564307882761943
GW190521_074359,GW191127_050227,189.88782523148038,80.15497466501095,2.6046950817108154,-3.986933946609497,0.10000000149011612,-0.9063971638679504,0.38918739550407033
GW190521_074359,GW191129_134029,192.24756597222,53.28490801734325,1.6513270139694214,-2.053011417388916,0.5,-0.9063971638679504,0.41735857918315
GW190521_074359,GW191204_171526,197.39683564814703,154.40579720767948,5.5116424560546875,-15.595967292785645,-0.5,-0.9063971638679504,0.2200802023304665
GW190521_074359,GW191215_223052,208.61589004629465,132.1904976491863,4.527270793914795,-10.737763404846191,-0.5,-0.9063971638679504,0.29084899064005815
GW190521_074359,GW191216_213338,209.57614583333333,34.402149962453066,1.4538991451263428,-1.1260745525360107,0.5,-0.9063971638679504,0.4308611410924968
GW190521_074359,GW191219_163120,212.36621527777777,166.59666034777675,3.718754768371582,-8.260364532470703,-0.5,-0.9063971638679504,0.3269369195128669
GW190521_074359,GW191222_033537,214.82751967592372,86.78746400949768,2.250154733657837,-3.5779476165771484,0.10000000149011612,-0.9063971638679504,0.39514504316135135
GW190521_074359,GW191230_180458,223.43123842592593,136.2286694110379,6.214055061340332,-19.223705291748047,-0.5,-1.3033174276351929,-0.16589964464041382
GW190521_074359,GW200112_155838,236.34350231481372,67.49265771745357,1.6922191381454468,-2.545182228088379,0.5,-1.3033174276351929,0.0770541084819959
GW190521_074359,GW200128_022011,251.77514467592593,78.37765699013609,1.6819798946380615,-2.839085817337036,0.5,-1.0624562501907349,0.2749275861592203
GW190521_074359,GW200129_065458,252.96596064814815,39.19386234448634,2.592028856277466,-2.532888412475586,0.10000000149011612,-1.0624562501907349,0.2793879216711531
GW190521_074359,GW200202_154313,257.33280208333224,122.54904359793132,17.93649673461914,-158.44371032714844,-0.5,-1.0624562501907349,-1.9917435923118259
GW190521_074359,GW200208_130117,263.22035300925927,143.10810424496646,13.954642295837402,-95.76302337646484,-0.5,-1.0624562501907349,-1.0786826405216539
GW190521_074359,GW200209_085452,264.0492210648126,104.7552191873217,4.595255374908447,-10.552814483642578,-0.5,-1.0624562501907349,0.1625627608750064
GW190521_074359,GW200219_094415,274.0835150462941,113.71673473689107,3.6452834606170654,-7.266021728515625,-0.5,-1.0624562501907349,0.21044101919234812
GW190521_074359,GW200224_222234,279.6101273148148,109.53118798331809,14.346818923950195,-100.7223892211914,-0.5,-1.0624562501907349,-1.1509250411517624
GW190521_074359,GW200225_060421,279.93080902777615,107.20613694833239,4.184294700622559,-8.982415199279785,-0.5,-1.0624562501907349,0.18543855140996093
GW190521_074359,GW200302_015811,285.7598622685174,74.68201238497144,1.3018587827682495,-2.6877336502075195,0.5,-1.0624562501907349,0.27713231237550306
GW190521_074359,GW200311_115853,295.1770127314798,83.17163699497381,14.106867790222168,-96.79176330566406,-0.5,-0.7005700469017029,-0.7899371464368284
GW190521_074359,GW200316_215756,300.5930173611089,113.62538095674215,4.436946868896484,-10.070552825927734,-0.5,-0.7005700469017029,0.47331880739984733
GW190602_175927,GW190620_030421,17.378406249999447,169.58746358154193,7.040482044219971,-24.888999938964844,-0.5,0.95906662940979,1.650393205953987
GW190602_175927,GW190630_185205,28.03655208333223,96.75103661219964,8.939388275146484,-38.46110153198242,-0.5,0.685893177986145,1.2234158524480643
GW190602_175927,GW190701_203306,29.106707175925926,41.8452939689611,5.686890602111816,-13.903417587280273,-0.5,0.685893177986145,1.5811442591892644
GW190602_175927,GW190706_222641,34.185582175925376,106.80529363651185,7.0346999168396,-23.925228118896484,-0.5,0.6552695035934448,1.4094554797238257
GW190602_175927,GW190707_093326,34.64860069444334,114.80647775858827,10.029990196228027,-48.91710662841797,-0.5,0.6552695035934448,1.0454022204338975
GW190602_175927,GW190708_232457,36.22604513888834,99.67251342588919,3.4943482875823975,-6.548144340515137,-0.5,0.6552695035934448,1.6625850707653194
GW190602_175927,GW190720_000836,47.25636226851907,138.8019295204619,16.738271713256836,-138.0570068359375,-0.5,0.3182103931903839,-0.5359800881232091
GW190602_175927,GW190725_174728,52.99168287037148,128.92622730143214,9.114832878112793,-40.58018493652344,-0.5,0.3182103931903839,0.8839513789806213
GW190602_175927,GW190727_060333,54.50285763888999,17.605099453653008,2.0007619857788086,-0.09226840734481812,0.5,0.21406562626361847,1.3863246153374424
GW190602_175927,GW190728_064510,55.53175347222222,100.96529748104335,11.38200569152832,-62.881935119628906,-0.5,0.21406562626361847,0.4716761703385395
GW190602_175927,GW190803_022701,61.35248611111056,82.72492896287663,7.538388729095459,-26.94610023498535,-0.5,0.21406562626361847,0.9951485379748879
GW190602_175927,GW190828_063405,86.52405902777834,61.144072016007584,7.081784725189209,-23.12867546081543,-0.5,-0.2258155196905136,0.6815642952900318
GW190602_175927,GW190828_065509,86.53868981481426,51.80756200553158,5.399493217468262,-12.841148376464844,-0.5,-0.2258155196905136,0.8314212883793821
GW190602_175927,GW190910_112807,99.72824421296241,48.37737270245948,1.805525302886963,-1.9477450847625732,0.5,-0.2258155196905136,0.9901039969077925
GW190602_175927,GW190915_235702,105.2483287037026,127.47806327284937,14.068401336669922,-97.10941314697266,-0.5,-0.14472180604934692,-0.328041007231614
GW190602_175927,GW190924_021846,113.3467569444439,65.4742002139314,7.460237503051758,-25.91313362121582,-0.5,-0.14472180604934692,0.7090654111912253
GW190602_175927,GW190925_232845,115.22868171296186,111.01215058029527,7.00123405456543,-23.77716827392578,-0.5,-0.14472180604934692,0.7401797248317558
GW190602_175927,GW190929_012149,118.3072037037048,57.169134145491945,4.431641101837158,-8.67563247680664,-0.5,-0.667401909828186,0.5214764302255397
GW190602_175927,GW190930_133541,119.81683101851907,119.54636949538866,9.464154243469238,-43.59891891479492,-0.5,-0.667401909828186,0.012753716643942217
GW190602_175927,GW191105_143521,155.85827430555665,49.44539230750145,1.2252798080444336,-1.8874777555465698,0.5,-0.7512125372886658,0.5500163067023379
GW190602_175927,GW191109_010717,159.29710879629684,101.22233115988928,3.081782102584839,-5.47373628616333,-0.5,-0.7690701484680176,0.4827878826346742
GW190602_175927,GW191127_050227,177.4604224537037,95.75567997464285,3.0812442302703857,-5.36138916015625,-0.5,-0.7690701484680176,0.48442442777789546
GW190602_175927,GW191129_134029,179.82016319444335,109.13954493630956,3.3521902561187744,-6.326039791107178,-0.5,-0.7690701484680176,0.4703724946212912
GW190602_175927,GW191204_171526,184.96943287037038,3.5564765126178775,0.12545892596244812,-0.4383874833583832,1.0,-0.9063971638679504,0.4408785841114468
GW190602_175927,GW191215_223052,196.18848726851797,24.906189185803115,0.8437454700469971,-0.8674178719520569,1.0,-0.9063971638679504,0.43462895740801816
GW190602_175927,GW191216_213338,197.14874305555665,124.60962970825413,5.180062770843506,-13.518686294555664,-0.5,-0.9063971638679504,0.25033966912399086
GW190602_175927,GW191219_163120,199.9388125000011,19.14884685702824,0.42545244097709656,-1.4456171989440918,1.0,-0.9063971638679504,0.426206407281164
GW190602_175927,GW191222_033537,202.40011689814705,102.02083491537712,2.628570795059204,-4.513588905334473,0.10000000149011612,-0.9063971638679504,0.38151568510535083
GW190602_175927,GW191230_180458,211.00383564814925,18.687409521985934,0.8362395763397217,-0.3044517934322357,1.0,-0.9063971638679504,0.44282960689808065
GW190602_175927,GW200112_155838,223.91609953703704,87.31453604736923,2.176394462585449,-3.493464231491089,0.10000000149011612,-1.3033174276351929,0.06324061487313354
GW190602_175927,GW200128_022011,239.34774189814925,116.99502063282209,2.4999172687530518,-4.557963848114014,0.10000000149011612,-1.3033174276351929,0.04773419526578748
GW190602_175927,GW200129_065458,240.53855787037148,115.82841066220557,7.363647937774658,-26.364187240600586,-0.5,-1.3033174276351929,-0.2699140637802273
GW190602_175927,GW200202_154313,244.90539930555556,81.66724001895432,10.093565940856934,-48.862972259521484,-0.5,-1.3033174276351929,-0.5976507728507767
GW190602_175927,GW200208_130117,250.7929502314826,54.116510869548975,4.860729217529297,-10.374669075012207,-0.5,-1.3033174276351929,-0.0369969503091353
GW190602_175927,GW200209_085452,251.62181828703592,94.84309156944828,4.087235450744629,-8.382880210876465,-0.5,-1.0624562501907349,0.19417189518415637
GW190602_175927,GW200219_094415,261.6561122685174,41.13651840859971,1.30612051486969,-1.4940685033798218,0.5,-1.0624562501907349,0.2945202685084466
GW190602_175927,GW200224_222234,267.18272453703815,92.83470859495188,10.574751853942871,-53.99881362915039,-0.5,-1.0624562501907349,-0.47030913732999136
GW190602_175927,GW200225_060421,267.50340624999944,85.98631014061188,3.3090686798095703,-5.731433868408203,-0.5,-1.0624562501907349,0.23279514963220352
GW190602_175927,GW200302_015811,273.33245949074075,115.62597751558474,2.0098671913146973,-3.865790367126465,0.5,-1.0624562501907349,0.25997172209577124
GW190602_175927,GW200311_115853,282.74960995370316,72.42888324194597,9.898215293884277,-46.709259033203125,-0.5,-1.0624562501907349,-0.3641231974289379
GW190602_175927,GW200316_215756,288.16561458333223,75.8015555220174,2.9184694290161133,-4.514273643493652,0.10000000149011612,-1.0624562501907349,0.2505253553384047
GW190620_030421,GW190630_185205,10.658145833332782,91.22277029045053,3.7390458583831787,-7.120603561401367,-0.5,1.0945045948028564,2.0228960470683743
GW190620_030421,GW190701_203306,11.728300925926478,148.50725950083483,6.437179088592529,-20.73714828491211,-0.5,1.0493223667144775,1.7866242779301122
GW190620_030421,GW190706_222641,16.807175925925925,66.6730213566737,2.504655361175537,-3.441370964050293,0.10000000149011612,0.95906662940979,1.9628178694055156
GW190620_030421,GW190707_093326,17.27019444444389,54.86745260275144,2.2231388092041016,-2.62459659576416,0.10000000149011612,0.95906662940979,1.9747157093684362
GW190620_030421,GW190708_232457,18.847638888888888,72.70200201628728,2.022853374481201,-2.951110601425171,0.5,0.5892588496208191,1.6595798401490294
GW190620_030421,GW190720_000836,29.877956018519622,51.59510214120917,2.2063333988189697,-2.4795660972595215,0.10000000149011612,0.9485506415367126,1.9680022825019712
GW190620_030421,GW190725_174728,35.61327662037203,56.42558609206602,2.1667492389678955,-2.6082136631011963,0.10000000149011612,0.6552695035934448,1.7199774994273929
GW190620_030421,GW190727_060333,37.12445138889054,152.75835557987241,6.481203556060791,-21.0643253326416,-0.5,0.6552695035934448,1.4511298574001945
GW190620_030421,GW190728_064510,38.15334722222278,88.5337726255407,3.7520358562469482,-7.102480888366699,-0.5,0.6552695035934448,1.6545101264624331
GW190620_030421,GW190803_022701,43.974079861111115,94.89903764893985,3.8790323734283447,-7.659324645996094,-0.5,0.5659993290901184,1.5714742230375554
GW190620_030421,GW190828_063405,69.14565277777888,108.78482589195411,4.627513885498047,-10.763069152832031,-0.5,-0.2361980527639389,0.8529783251905542
GW190620_030421,GW190828_065509,69.16028356481482,117.79838748299899,4.933362007141113,-12.25636100769043,-0.5,-0.2361980527639389,0.8312257479833152
GW190620_030421,GW190910_112807,82.34983796296297,125.28555888889693,3.6227028369903564,-7.390161514282227,-0.5,-0.15858153998851776,0.9672545285109673
GW190620_030421,GW190915_235702,87.86992245370315,47.38701234828056,2.0021092891693115,-2.0739376544952393,0.5,-0.2258155196905136,0.9882657670887798
GW190620_030421,GW190924_021846,95.96835069444444,107.757838648351,4.573577880859375,-10.51941204071045,-0.5,-0.2258155196905136,0.8652417024759543
GW190620_030421,GW190925_232845,97.85027546296241,58.61153349441524,2.17004132270813,-2.68833327293396,0.10000000149011612,-0.2258155196905136,0.9793159505593478
GW190620_030421,GW190929_012149,100.92879745370536,114.12808970984426,4.495502948760986,-10.31468391418457,-0.5,-0.14472180604934692,0.9362858841761302
GW190620_030421,GW190930_133541,102.43842476851962,70.8116652012162,2.8042359352111816,-4.131078243255615,0.10000000149011612,-0.14472180604934692,1.0263616180913586
GW190620_030421,GW191105_143521,138.4798680555572,136.45162044592547,2.972973108291626,-5.813522815704346,0.10000000149011612,-0.7512125372886658,0.4928261479183544
GW190620_030421,GW191109_010717,141.9187025462974,69.0575428487627,1.7501651048660278,-2.6234219074249268,0.5,-0.7512125372886658,0.5392959093922836
GW190620_030421,GW191127_050227,160.08201620370426,92.63227544833104,2.4378013610839844,-3.987942934036255,0.10000000149011612,-0.7690701484680176,0.5044312301832425
GW190620_030421,GW191129_134029,162.44175694444388,72.2350219827335,1.8418582677841187,-2.775944232940674,0.5,-0.7690701484680176,0.522086248681388
GW190620_030421,GW191204_171526,167.5910266203709,166.99980543334757,4.6647138595581055,-11.777132034301758,-0.5,-0.7690701484680176,0.3909671831290408
GW190620_030421,GW191215_223052,178.81008101851853,165.30964780247126,4.500091075897217,-11.074277877807617,-0.5,-0.7690701484680176,0.4012055630243208
GW190620_030421,GW191216_213338,179.7703368055572,65.47817538402835,2.014221429824829,-2.7329354286193848,0.5,-0.7690701484680176,0.522712752022678
GW190620_030421,GW191219_163120,182.56040625000165,156.014648266676,3.117905378341675,-6.427666664123535,-0.5,-0.7690701484680176,0.4688921099299623
GW190620_030421,GW191222_033537,185.0217106481476,68.9239989901106,1.5471998453140259,-2.531452178955078,0.5,-0.9063971638679504,0.41038919836773996
GW190620_030421,GW191230_180458,193.6254293981498,165.36271837232223,5.289124965667725,-14.613821029663086,-0.5,-0.9063971638679504,0.2343869919562631
GW190620_030421,GW200112_155838,206.5376932870376,100.66431836507758,2.2031800746917725,-3.8122036457061768,0.10000000149011612,-0.9063971638679504,0.39173266778187565
GW190620_030421,GW200128_022011,221.9693356481498,52.93605952057943,1.0247902870178223,-2.155714273452759,1.0,-1.3033174276351929,0.08272743464753646
GW190620_030421,GW200129_065458,223.16015162037203,72.75532530313757,2.7010998725891113,-3.9762794971466064,0.10000000149011612,-1.3033174276351929,0.056207511257898746
GW190620_030421,GW200202_154313,227.52699305555612,92.70985956711321,3.9765207767486572,-7.94591760635376,-0.5,-1.3033174276351929,-0.0016176614800285094
GW190620_030421,GW200208_130117,233.41454398148315,115.49251561920269,4.706944942474365,-11.219422340393066,-0.5,-1.3033174276351929,-0.04930235502053165
GW190620_030421,GW200209_085452,234.24341203703648,83.68218680524309,2.6246321201324463,-4.109940528869629,0.10000000149011612,-1.3033174276351929,0.05426048937956007
GW190620_030421,GW200219_094415,244.27770601851796,146.675225180519,3.8255348205566406,-8.351826667785645,-0.5,-1.3033174276351929,-0.00753048298855552
GW190620_030421,GW200224_222234,249.80431828703868,77.14014282574567,3.273939371109009,-5.420022010803223,-0.5,-1.3033174276351929,0.03517671249373705
GW190620_030421,GW200225_060421,250.125,95.64864408015958,2.816467523574829,-4.758064270019531,0.10000000149011612,-1.3033174276351929,0.04481935992228819
GW190620_030421,GW200302_015811,255.9540532407413,55.310731879885275,0.898714542388916,-2.3847806453704834,1.0,-1.0624562501907349,0.2815453871582002
GW190620_030421,GW200311_115853,265.3712037037037,116.7427407656385,5.063169479370117,-12.835225105285645,-0.5,-1.0624562501907349,0.1293151990508505
GW190620_030421,GW200316_215756,270.7872083333328,106.99586957473355,3.15144944190979,-5.757095813751221,-0.5,-1.0624562501907349,0.23242133560144604
GW190630_185205,GW190701_203306,1.0701550925936965,62.84518527031262,7.5565505027771,-26.528667449951172,-0.5,0.91136634349823,1.58647355568065
GW190630_185205,GW190706_222641,6.1490300925931445,154.61704129832964,9.867332458496094,-47.9269905090332,-0.5,0.2738181948661804,0.7396731101228373
GW190630_185205,GW190707_093326,6.612048611111111,124.19902605610964,10.277315139770508,-51.53691864013672,-0.5,1.1633148193359375,1.4336420956616447
GW190630_185205,GW190708_232457,8.189493055556108,163.4693489532597,5.678767204284668,-16.585403442382812,-0.5,1.2453101873397827,2.01159470722577
GW190630_185205,GW190720_000836,19.21981018518684,52.27169385020146,5.710489749908447,-14.474569320678711,-0.5,0.5892588496208191,1.4917192008041755
GW190630_185205,GW190725_174728,24.955130787039245,37.90457193109264,2.5844993591308594,-2.4523210525512695,0.10000000149011612,1.0970654487609863,2.093047600890574
GW190630_185205,GW190727_060333,26.466305555557764,102.97751219166413,10.710022926330566,-55.62038040161133,-0.5,0.685893177986145,0.9734589955766115
GW190630_185205,GW190728_064510,27.495201388889992,16.156897859029787,1.669022798538208,0.3255407214164734,0.5,0.685893177986145,1.7884155392016101
GW190630_185205,GW190803_022701,33.31593402777833,143.16010930530695,12.300854682922363,-74.30552673339844,-0.5,0.9485506415367126,0.9217233858894446
GW190630_185205,GW190828_063405,58.4875069444461,147.7327570300904,15.609792709350586,-120.06925201416016,-0.5,0.21406562626361847,-0.36136361486881474
GW190630_185205,GW190828_065509,58.50213773148203,129.4274265827277,12.507225036621094,-76.63038635253906,-0.5,0.21406562626361847,0.2714043708568523
GW190630_185205,GW190910_112807,71.69169212963018,142.4438273670477,5.261477470397949,-14.18006706237793,-0.5,-0.2361980527639389,0.8032033862845762
GW190630_185205,GW190915_235702,77.21177662037037,133.16397719083153,13.511650085449219,-89.59982299804688,-0.5,-0.15858153998851776,-0.23028231118212983
GW190630_185205,GW190924_021846,85.31020486111166,159.41897847355042,16.61614227294922,-136.31182861328125,-0.5,-0.15858153998851776,-0.9107296767419707
GW190630_185205,GW190925_232845,87.19212962962963,135.30547372206232,8.289275169372559,-33.6826057434082,-0.5,-0.2258155196905136,0.5278266434271373
GW190630_185205,GW190929_012149,90.27065162037258,153.45935155476917,11.392731666564941,-63.839508056640625,-0.5,-0.2258155196905136,0.08853519228481793
GW190630_185205,GW190930_133541,91.78027893518684,49.16827104230652,3.7212607860565186,-5.827686309814453,-0.5,-0.2258155196905136,0.933585426353148
GW190630_185205,GW191105_143521,127.82172222222442,48.43959572579829,1.1948567628860474,-1.859847068786621,0.5,-0.667401909828186,0.6207610394823062
GW190630_185205,GW191109_010717,131.26055671296461,116.8992203995235,3.5345494747161865,-6.985395908355713,-0.5,-0.667401909828186,0.5460978740070126
GW190630_185205,GW191127_050227,149.42387037037147,76.22502725055818,2.4339253902435303,-3.5917885303497314,0.10000000149011612,-0.7512125372886658,0.5251898458913329
GW190630_185205,GW191129_134029,151.7836111111111,44.396151057907424,1.3540533781051636,-1.6382536888122559,0.5,-0.7512125372886658,0.5536467194283581
GW190630_185205,GW191204_171526,156.93288078703813,96.747355140237,3.381415605545044,-6.166025638580322,-0.5,-0.7512125372886658,0.4876912877465586
GW190630_185205,GW191215_223052,168.15193518518575,75.55120176817975,2.5376601219177246,-3.7484188079833984,0.10000000149011612,-0.7690701484680176,0.5079203452065447
GW190630_185205,GW191216_213338,169.11219097222443,36.21733762118107,1.486395239830017,-1.2324765920639038,0.5,-0.7690701484680176,0.5445697296672469
GW190630_185205,GW191219_163120,171.90226041666887,112.27982686006047,2.4854536056518555,-4.4512410163879395,0.10000000149011612,-0.7690701484680176,0.49768243069469487
GW190630_185205,GW191222_033537,174.36356481481482,108.73144113340129,2.7876036167144775,-4.954187393188477,0.10000000149011612,-0.7690701484680176,0.4903560799502905
GW190630_185205,GW191230_180458,182.96728356481702,78.43548820183858,3.4582619667053223,-5.964231967926025,-0.5,-0.7690701484680176,0.4756428994536254
GW190630_185205,GW200112_155838,195.87954745370482,9.455325419956608,0.2345903217792511,-1.161924958229065,1.0,-0.9063971638679504,0.43033891316015266
GW190630_185205,GW200128_022011,211.31118981481703,117.62110309290215,2.5047194957733154,-4.576816082000732,0.10000000149011612,-0.9063971638679504,0.38059466351298504
GW190630_185205,GW200129_065458,212.50200578703925,19.560410150751114,1.2074122428894043,-0.04040161520242691,0.5,-0.9063971638679504,0.4466759895525107
GW190630_185205,GW200202_154313,216.86884722222334,162.53167326324368,18.116409301757812,-162.231689453125,-0.5,-1.3033174276351929,-2.2490772944756094
GW190630_185205,GW200208_130117,222.75639814815037,135.79545783274068,11.518997192382812,-65.01937866210938,-0.5,-1.3033174276351929,-0.832998924332624
GW190630_185205,GW200209_085452,223.5852662037037,137.35831439786634,5.838526725769043,-17.101848602294922,-0.5,-1.3033174276351929,-0.1349908498794578
GW190630_185205,GW200219_094415,233.61956018518518,55.68352360478457,1.7547621726989746,-2.1957201957702637,0.5,-1.3033174276351929,0.08214467387567059
GW190630_185205,GW200224_222234,239.1461724537059,153.51061895467927,15.996536254882812,-126.20880889892578,-0.5,-1.3033174276351929,-1.72433694453466
GW190630_185205,GW200225_060421,239.46685416666722,121.04728990512062,4.607369422912598,-10.8923978805542,-0.5,-1.3033174276351929,-0.044538634661275334
GW190630_185205,GW200302_015811,245.29590740740852,106.22177691533932,1.8422222137451172,-3.5474276542663574,0.5,-1.3033174276351929,0.06245453711045984
GW190630_185205,GW200311_115853,254.71305787037093,27.4726344739827,3.3177335262298584,-3.4729177951812744,-0.5,-1.0624562501907349,0.2656946428537196
GW190630_185205,GW200316_215756,260.1290625,114.20156888493526,4.3487677574157715,-9.733458518981934,-0.5,-1.0624562501907349,0.17449820659749213
GW190701_203306,GW190706_222641,5.0788749999994485,132.21567372646697,9.785924911499023,-46.830562591552734,-0.5,1.429640769958496,1.725726246507852
GW190701_203306,GW190707_093326,5.541893518517415,154.66035835804587,16.971324920654297,-142.17376708984375,-0.5,0.2738181948661804,-0.6332067307719513
GW190701_203306,GW190708_232457,7.119337962962411,130.73025784615095,4.724576473236084,-11.542950630187988,-0.5,1.1633148193359375,2.0162287307724016
GW190701_203306,GW190720_000836,18.149655092593143,96.97266259038821,21.265413284301758,-222.88502502441406,-0.5,0.95906662940979,-1.2337876783019315
GW190701_203306,GW190725_174728,23.884975694445547,100.69760187690305,8.164948463439941,-32.09916305541992,-0.5,1.0970654487609863,1.6611861281851144
GW190701_203306,GW190727_060333,25.396150462964066,57.234075584120426,10.545674324035645,-52.72991180419922,-0.5,0.685893177986145,1.0155640543604947
GW190701_203306,GW190728_064510,26.425046296296298,61.47751502109844,11.092449188232422,-58.68745040893555,-0.5,0.685893177986145,0.9287814083271629
GW190701_203306,GW190803_022701,32.24577893518463,96.368709943219,11.32152271270752,-62.112815856933594,-0.5,0.9485506415367126,1.0993329294243845
GW190701_203306,GW190828_063405,57.4173518518524,102.47896302376657,19.87914276123047,-194.61155700683594,-0.5,0.21406562626361847,-1.4472111263805494
GW190701_203306,GW190828_065509,57.431982638888336,93.27483915487834,14.047155380249023,-96.18897247314453,-0.5,0.21406562626361847,-0.01350286497163622
GW190701_203306,GW190910_112807,70.62153703703649,79.76950610901211,3.081876516342163,-4.997609615325928,-0.5,-0.2361980527639389,0.9369629818514627
GW190701_203306,GW190915_235702,76.14162152777668,141.64819229101127,24.24385643005371,-291.1540832519531,-0.5,-0.15858153998851776,-3.166295518082515
GW190701_203306,GW190924_021846,84.24004976851796,96.61250671545343,17.92354965209961,-157.73741149902344,-0.5,-0.15858153998851776,-1.222833197842606
GW190701_203306,GW190925_232845,86.12197453703594,152.8483501523765,10.716121673583984,-56.47444534301758,-0.5,-0.2258155196905136,0.1958210485579937
GW190701_203306,GW190929_012149,89.20049652777888,94.81684998265709,8.712190628051758,-36.46700668334961,-0.5,-0.2258155196905136,0.48726665763137494
GW190701_203306,GW190930_133541,90.71012384259315,78.39361914222641,7.421302795410156,-25.994068145751953,-0.5,-0.2258155196905136,0.6398245138766725
GW190701_203306,GW191105_143521,126.75156712963073,33.3169114505135,0.8380441069602966,-1.4580813646316528,1.0,-0.667401909828186,0.6266135052748557
GW190701_203306,GW191109_010717,130.19040162037092,137.153531666171,4.271786212921143,-9.803638458251953,-0.5,-0.667401909828186,0.5050449221303299
GW190701_203306,GW191127_050227,148.35371527777778,65.23314234755414,2.1532416343688965,-2.881634473800659,0.10000000149011612,-0.7512125372886658,0.5355345624273931
GW190701_203306,GW191129_134029,150.7134560185174,96.94054021072165,3.0472517013549805,-5.304009914398193,-0.5,-0.7512125372886658,0.5002481523227094
GW190701_203306,GW191204_171526,155.86272569444444,43.96177151726212,1.5992724895477295,-1.6478025913238525,0.5,-0.7512125372886658,0.5535076218779014
GW190701_203306,GW191215_223052,167.08178009259203,17.024424091175202,0.593298077583313,-0.6308390498161316,1.0,-0.7690701484680176,0.5533337010543132
GW190701_203306,GW191216_213338,168.04203587963073,83.21587613022798,3.612274646759033,-6.539888381958008,-0.5,-0.7690701484680176,0.46725739159035484
GW190701_203306,GW191219_163120,170.83210532407517,51.18410233809282,1.1509263515472412,-1.9934625625610352,1.0,-0.7690701484680176,0.5334845516271952
GW190701_203306,GW191222_033537,173.29340972222113,133.935870529313,3.5071568489074707,-7.176609039306641,-0.5,-0.7690701484680176,0.45798236928754227
GW190701_203306,GW191230_180458,181.89712847222333,31.41474816289455,1.478581428527832,-0.9469133019447327,0.5,-0.7690701484680176,0.5487294908657432
GW190701_203306,GW200112_155838,194.80939236111112,54.12597068154945,1.369705080986023,-2.0329065322875977,0.5,-0.9063971638679504,0.41765144428114553
GW190701_203306,GW200128_022011,210.24103472222333,153.98444283778142,3.326932907104492,-6.945265769958496,-0.5,-0.9063971638679504,0.34609378243528865
GW190701_203306,GW200129_065458,211.43185069444556,78.81335475729121,5.580559730529785,-14.6083345413208,-0.5,-0.9063971638679504,0.23446691287786586
GW190701_203306,GW200202_154313,215.79869212962964,107.16865287016736,25.622718811035156,-324.8651428222656,-0.5,-1.3033174276351929,-4.618136456877316
GW190701_203306,GW200208_130117,221.68624305555667,95.95036085655572,11.007554054260254,-58.6550407409668,-0.5,-1.3033174276351929,-0.740290488568913
GW190701_203306,GW200209_085452,222.51511111111,102.98124147495096,4.649905681610107,-10.747633934020996,-0.5,-1.3033174276351929,-0.04242987814891447
GW190701_203306,GW200219_094415,232.54940509259148,20.824596203850433,0.6777912378311157,-0.8212249875068665,1.0,-1.3033174276351929,0.10216675665972536
GW190701_203306,GW200224_222234,238.0760173611122,133.8590035803937,24.81494140625,-305.00274658203125,-0.5,-1.3033174276351929,-4.3288036607927625
GW190701_203306,GW200225_060421,238.39669907407352,84.35175024957944,3.3680078983306885,-5.8545098304748535,-0.5,-1.3033174276351929,0.02884758814188132
GW190701_203306,GW200302_015811,244.22575231481483,145.4324176195218,2.546499729156494,-5.073737144470215,0.10000000149011612,-1.3033174276351929,0.040220996547185806
GW190701_203306,GW200311_115853,253.64290277777724,35.40272827963033,14.996421813964844,-107.90571594238281,-0.5,-1.0624562501907349,-1.255563574201523
GW190701_203306,GW200316_215756,259.0589074074063,71.85007935130075,2.8702659606933594,-4.300990581512451,0.10000000149011612,-1.0624562501907349,0.25363222038802513
GW190706_222641,GW190707_093326,0.4630185185179666,53.38596066611358,3.3145759105682373,-4.793066501617432,-0.5,1.7792835235595703,2.631535757022644
GW190706_222641,GW190708_232457,2.040462962962963,10.324969864518373,0.33640342950820923,-0.6460254192352295,1.0,1.983432412147522,2.863287249755953
GW190706_222641,GW190720_000836,13.070780092593697,102.54796842495121,7.303201675415039,-25.693836212158203,-0.5,1.0493223667144775,1.7144208861558807
GW190706_222641,GW190725_174728,18.8061006944461,123.02180197152292,6.7878804206848145,-22.573528289794922,-0.5,0.5892588496208191,1.3737427786461196
GW190706_222641,GW190727_060333,20.31727546296462,102.31044176637484,7.131345748901367,-24.496492385864258,-0.5,0.5892588496208191,1.3457312249565943
GW190706_222641,GW190728_064510,21.34617129629685,142.59036224550115,9.908651351928711,-48.16524124145508,-0.5,0.5892588496208191,1.0009518134805908
GW190706_222641,GW190803_022701,27.166903935185186,36.37074366993956,2.305720329284668,-1.916339635848999,0.10000000149011612,0.685893177986145,1.7557583761680422
GW190706_222641,GW190828_063405,52.33847685185295,56.51885232518254,3.9673891067504883,-6.92444372177124,-0.5,0.3182103931903839,1.3742099355105322
GW190706_222641,GW190828_065509,52.353107638888886,74.38247443892053,5.009624004364014,-11.685309410095215,-0.5,0.3182103931903839,1.304859059376287
GW190706_222641,GW190910_112807,65.54266203703703,58.70308535005009,2.017871141433716,-2.518223524093628,0.5,-0.2361980527639389,0.9730798582682293
GW190706_222641,GW190915_235702,71.06274652777722,21.55874933207301,1.4859066009521484,-0.19489558041095734,0.5,-0.2361980527639389,1.0069234570987373
GW190706_222641,GW190924_021846,79.16117476851852,41.34958957485284,2.8849973678588867,-3.228105306625366,0.10000000149011612,-0.15858153998851776,1.0278826292424945
GW190706_222641,GW190925_232845,81.04309953703648,42.86942619349116,2.1996936798095703,-2.100430965423584,0.10000000149011612,-0.15858153998851776,1.0443093063798583
GW190706_222641,GW190929_012149,84.12162152777944,51.629741445584884,3.0069468021392822,-3.9486327171325684,0.10000000149011612,-0.15858153998851776,1.017386805485071
GW190706_222641,GW190930_133541,85.63124884259369,108.8865957105873,6.416726112365723,-19.991409301757812,-0.5,-0.15858153998851776,0.7836938839438647
GW190706_222641,GW191105_143521,121.67269212963129,156.20197303485276,3.7266297340393066,-8.156599044799805,-0.5,-0.667401909828186,0.5290371188920813
GW190706_222641,GW191109_010717,125.11152662037148,68.16418825627088,1.9618390798568726,-2.7619032859802246,0.5,-0.667401909828186,0.607620910547742
GW190706_222641,GW191127_050227,143.27484027777834,91.84226844817069,2.7765090465545654,-4.5936808586120605,0.10000000149011612,-0.7512125372886658,0.5105954180486033
GW190706_222641,GW191129_134029,145.63458101851796,130.688197541242,3.7910091876983643,-8.007662773132324,-0.5,-0.7512125372886658,0.46086441272763645
GW190706_222641,GW191204_171526,150.783850694445,107.35384661932308,3.5165059566497803,-6.761655330657959,-0.5,-0.7512125372886658,0.47901483188718386
GW190706_222641,GW191215_223052,162.00290509259258,124.44862848913858,3.9359099864959717,-8.394618034362793,-0.5,-0.7690701484680176,0.44023979966334587
GW190706_222641,GW191216_213338,162.9631608796313,118.92538235642944,4.472423076629639,-10.303839683532715,-0.5,-0.7690701484680176,0.41242843030900156
GW190706_222641,GW191219_163120,165.75323032407573,89.35029442005904,1.9251271486282349,-3.269625425338745,0.5,-0.7690701484680176,0.5148948626047398
GW190706_222641,GW191222_033537,168.21453472222166,75.9117742846539,1.8774909973144531,-2.9031803607940674,0.5,-0.7690701484680176,0.5202328174946602
GW190706_222641,GW191230_180458,176.8182534722239,125.48072471424088,5.008083343505859,-12.724069595336914,-0.5,-0.7690701484680176,0.37717327382736243
GW190706_222641,GW200112_155838,189.73051736111165,162.7071408230213,3.9029340744018555,-8.818316459655762,-0.5,-0.9063971638679504,0.31880931047613803
GW190706_222641,GW200128_022011,205.1621597222239,59.48990948205722,1.2354656457901,-2.253328323364258,0.5,-0.9063971638679504,0.4144405903459598
GW190706_222641,GW200129_065458,206.3529756944461,135.2171730364724,6.974926948547363,-23.995346069335938,-0.5,-0.9063971638679504,0.097727606128112
GW190706_222641,GW200202_154313,210.71981712963017,26.350777610355397,1.892543077468872,-0.7994353175163269,0.5,-0.9063971638679504,0.4356192499347585
GW190706_222641,GW200208_130117,216.6073680555572,68.27843000032851,4.298140525817871,-8.509251594543457,-0.5,-1.3033174276351929,-0.009823670259685446
GW190706_222641,GW200209_085452,217.43623611111056,33.146470909965,1.2835742235183716,-1.0677798986434937,0.5,-1.3033174276351929,0.09857522515643996
GW190706_222641,GW200219_094415,227.47053009259204,146.3096734561399,4.3711628913879395,-10.3163480758667,-0.5,-1.3033174276351929,-0.0361473963303946
GW190706_222641,GW200224_222234,232.99714236111276,36.47071714882104,2.5443246364593506,-2.3035058975219727,0.10000000149011612,-1.3033174276351929,0.08057457437264154
GW190706_222641,GW200225_060421,233.31782407407408,53.24339071247332,1.8781920671463013,-2.1943538188934326,0.5,-1.3033174276351929,0.08216457769983643
GW190706_222641,GW200302_015811,239.14687731481536,72.20164284825965,1.2313852310180664,-2.642224073410034,0.5,-1.3033174276351929,0.0756405132589158
GW190706_222641,GW200311_115853,248.56402777777777,158.51042671015534,11.751432418823242,-67.99320220947266,-0.5,-1.3033174276351929,-0.8763182032158929
GW190706_222641,GW200316_215756,253.98003240740687,64.34712337823092,2.270763397216797,-3.0079586505889893,0.10000000149011612,-1.0624562501907349,0.2724676388076247
GW190707_093326,GW190708_232457,1.5774444444449964,49.04759184495615,1.6897715330123901,-1.905482530593872,0.5,1.0566281080245972,2.067074271695344
GW190707_093326,GW190720_000836,12.60776157407573,105.80008103598273,10.705477714538574,-55.62664031982422,-0.5,1.0493223667144775,1.2783938427733221
GW190707_093326,GW190725_174728,18.343082175928135,89.05432866294404,5.885186195373535,-16.492746353149414,-0.5,0.95906662940979,1.7727002779324423
GW190707_093326,GW190727_060333,19.854256944446654,98.22670581257006,9.525794982910156,-43.778358459472656,-0.5,0.5892588496208191,1.064854932019484
GW190707_093326,GW190728_064510,20.883152777778882,132.84429701691826,12.807161331176758,-80.43145751953125,-0.5,0.5892588496208191,0.530934275722791
GW190707_093326,GW190803_022701,26.70388541666722,88.02530602296827,7.203362941741943,-24.691795349121094,-0.5,0.685893177986145,1.4239914431193237
GW190707_093326,GW190828_063405,51.87545833333499,57.8150992862459,5.684283256530762,-14.536050796508789,-0.5,0.3182103931903839,1.2633327014147933
GW190707_093326,GW190828_065509,51.890089120370924,63.07950173997908,5.735298156738281,-14.983757972717285,-0.5,0.3182103931903839,1.2568110125131726
GW190707_093326,GW190910_112807,65.07964351851908,88.30958532641337,3.2314538955688477,-5.578402996063232,-0.5,-0.2361980527639389,0.9285026445002356
GW190707_093326,GW190915_235702,70.59972800925927,55.01552427376815,5.2215704917907715,-12.083456039428711,-0.5,-0.2361980527639389,0.8337444308914095
GW190707_093326,GW190924_021846,78.69815625000055,74.81320665854905,7.268903732299805,-24.822681427001953,-0.5,-0.15858153998851776,0.713317406919874
GW190707_093326,GW190925_232845,80.58008101851851,11.34534463123127,0.6776272654533386,0.3930566906929016,1.0,-0.15858153998851776,1.080631598354132
GW190707_093326,GW190929_012149,83.65860300926147,70.1596758336143,5.020122051239014,-11.616874694824219,-0.5,-0.15858153998851776,0.9056845785420695
GW190707_093326,GW190930_133541,85.16823032407574,125.64025061249569,9.152094841003418,-40.860721588134766,-0.5,-0.15858153998851776,0.47969348020869385
GW190707_093326,GW191105_143521,121.20967361111332,129.1958695094859,3.1734936237335205,-6.189947128295898,-0.5,-0.667401909828186,0.5576850670572926
GW190707_093326,GW191109_010717,124.64850810185351,18.661861199395503,0.560711145401001,-0.9086843132972717,1.0,-0.667401909828186,0.6346164966108754
GW190707_093326,GW191127_050227,142.81182175926037,138.09575626217426,4.378631114959717,-10.230050086975098,-0.5,-0.7512125372886658,0.42849120217842507
GW190707_093326,GW191129_134029,145.1715625,81.05670989961438,2.456368923187256,-3.7512269020080566,0.10000000149011612,-0.7512125372886658,0.5228673290450712
GW190707_093326,GW191204_171526,150.32083217592702,112.16456058762734,3.887442111968994,-8.021957397460938,-0.5,-0.7512125372886658,0.4606561848997373
GW190707_093326,GW191215_223052,161.53988657407461,138.4685616474519,4.61497163772583,-11.193078994750977,-0.5,-0.7690701484680176,0.39947500348218645
GW190707_093326,GW191216_213338,162.50014236111332,116.9724673481827,4.745510101318359,-11.410836219787598,-0.5,-0.7690701484680176,0.39630296391428005
GW190707_093326,GW191219_163120,165.29021180555776,110.75935844892393,2.44350004196167,-4.354626178741455,0.10000000149011612,-0.7690701484680176,0.4990898057556599
GW190707_093326,GW191222_033537,167.75151620370372,24.30654126535831,0.6203358173370361,-1.2703109979629517,1.0,-0.7690701484680176,0.5440186010765891
GW190707_093326,GW191230_180458,176.35523495370592,123.2475943651052,5.362186431884766,-14.387590408325195,-0.5,-0.7690701484680176,0.35294099478382085
GW190707_093326,GW200112_155838,189.2674988425937,129.9078347681897,3.2093820571899414,-6.292983531951904,-0.5,-0.9063971638679504,0.3555954881447157
GW190707_093326,GW200128_022011,204.69914120370592,6.6280061790702645,0.14070002734661102,-1.4561796188354492,1.0,-0.9063971638679504,0.42605254596233705
GW190707_093326,GW200129_065458,205.88995717592815,114.6471704263869,6.8968305587768555,-23.14615249633789,-0.5,-0.9063971638679504,0.11009769219027883
GW190707_093326,GW200202_154313,210.2567986111122,71.27735432901684,7.337313175201416,-25.206716537475586,-0.5,-0.9063971638679504,0.08008173901308942
GW190707_093326,GW200208_130117,216.14434953703923,61.56360955558645,4.9794464111328125,-11.168370246887207,-0.5,-1.3033174276351929,-0.0485586861911837
GW190707_093326,GW200209_085452,216.9732175925926,86.52661225490573,3.6326146125793457,-6.680366516113281,-0.5,-1.3033174276351929,0.0168174473103907
GW190707_093326,GW200219_094415,227.00751157407407,138.1234868302045,4.323009490966797,-10.014021873474121,-0.5,-1.3033174276351929,-0.03174345209275625
GW190707_093326,GW200224_222234,232.5341238425948,30.905287767797887,3.0021626949310303,-2.911102533340454,0.10000000149011612,-1.3033174276351929,0.0717237976885663
GW190707_093326,GW200225_060421,232.8548055555561,106.62886302006125,4.018363952636719,-8.3720064163208,-0.5,-1.3033174276351929,-0.007824438611902351
GW190707_093326,GW200302_015811,238.6838587962974,19.05622436924099,0.3298075199127197,-1.909089207649231,1.0,-1.3033174276351929,0.08631998808421232
GW190707_093326,GW200311_115853,248.1010092592598,147.24811412734297,16.216575622558594,-129.64224243164062,-0.5,-1.3033174276351929,-1.774351298904379
GW190707_093326,GW200316_215756,253.5170138888889,117.41724926693394,4.426889419555664,-10.096172332763672,-0.5,-1.0624562501907349,0.1692146043246012
GW190708_232457,GW190720_000836,11.030317129630733,112.3405677323494,4.021753311157227,-8.488306999206543,-0.5,1.0945045948028564,2.002972899071103
GW190708_232457,GW190725_174728,16.76563773148314,127.84453024257722,4.234350204467773,-9.521452903747559,-0.5,0.95906662940979,1.8742501514545293
GW190708_232457,GW190727_060333,18.276812500001654,93.30267217574614,3.3218190670013428,-5.9293365478515625,-0.5,0.95906662940979,1.926576016699688
GW190708_232457,GW190728_064510,19.305708333333886,152.88997332517857,5.438934803009033,-15.204700469970703,-0.5,0.5892588496208191,1.4810834807038404
GW190708_232457,GW190803_022701,25.126440972222223,38.97772100820129,1.3513704538345337,-1.3782662153244019,0.5,0.685893177986145,1.7635964177304093
GW190708_232457,GW190828_063405,50.29801388888999,46.403830522919314,1.6551215648651123,-1.7781519889831543,0.5,0.3182103931903839,1.4491752598603818
GW190708_232457,GW190828_065509,50.312644675925924,64.12394011691158,2.2620933055877686,-2.9890103340148926,0.10000000149011612,0.3182103931903839,1.4315368527722843
GW190708_232457,GW190910_112807,63.50219907407408,52.84248251385567,1.3976644277572632,-1.9831818342208862,0.5,-0.2361980527639389,0.980873737026881
GW190708_232457,GW190915_235702,69.02228356481426,30.771679022348682,1.0923161506652832,-1.0145891904830933,1.0,-0.2361980527639389,0.9949830929419494
GW190708_232457,GW190924_021846,77.12071180555556,35.29432634731306,1.2568891048431396,-1.2014732360839844,0.5,-0.15858153998851776,1.0574043000677187
GW190708_232457,GW190925_232845,79.00263657407352,37.84496145511135,1.219590425491333,-1.3550891876220703,0.5,-0.15858153998851776,1.0551665976150975
GW190708_232457,GW190929_012149,82.08115856481648,43.051928848113896,1.4530019760131836,-1.5745810270309448,0.5,-0.15858153998851776,1.051969290158041
GW190708_232457,GW190930_133541,83.59078587963073,119.20214162159836,4.038884162902832,-8.667420387268066,-0.5,-0.15858153998851776,0.948648874058449
GW190708_232457,GW191105_143521,119.63222916666832,148.0050766722988,3.0596446990966797,-6.180031776428223,-0.5,-0.667401909828186,0.5578295026251536
GW190708_232457,GW191109_010717,123.07106365740852,61.54395910134432,1.4545214176177979,-2.28938889503479,0.5,-0.667401909828186,0.6145039627368579
GW190708_232457,GW191127_050227,141.23437731481536,100.1526279132169,2.4454565048217773,-4.1564788818359375,0.10000000149011612,-0.7512125372886658,0.5169640791539583
GW190708_232457,GW191129_134029,143.59411805555501,129.5551101390719,3.07810640335083,-5.958375930786133,-0.5,-0.7512125372886658,0.49071609250000187
GW190708_232457,GW191204_171526,148.74338773148204,99.76129222472102,2.562962532043457,-4.349044322967529,0.10000000149011612,-0.7512125372886658,0.5141590048397626
GW190708_232457,GW191215_223052,159.96244212962964,119.90496808719267,3.013821601867676,-5.649964809417725,0.10000000149011612,-0.7690701484680176,0.48022078595780093
GW190708_232457,GW191216_213338,160.9226979166683,128.86017937215811,3.5875234603881836,-7.339117527008057,-0.5,-0.7690701484680176,0.45561513048284663
GW190708_232457,GW191219_163120,163.71276736111275,83.49473226347209,1.5958895683288574,-2.9295594692230225,0.5,-0.7690701484680176,0.5198485566477989
GW190708_232457,GW191222_033537,166.1740717592587,69.62052802129017,1.478314995765686,-2.5384438037872314,0.5,-0.7690701484680176,0.5255458847900993
GW190708_232457,GW191230_180458,174.7777905092609,118.07327527633532,3.393125057220459,-6.597179889678955,-0.5,-0.7690701484680176,0.46642283407169943
GW190708_232457,GW200112_155838,187.6900543981487,172.5901376840846,3.58241605758667,-7.908039569854736,-0.5,-0.9063971638679504,0.33206918881870073
GW190708_232457,GW200128_022011,203.1216967592609,55.54773602899013,1.0311936140060425,-2.24615478515625,1.0,-0.9063971638679504,0.4145450862910834
GW190708_232457,GW200129_065458,204.31251273148314,143.95487011712962,4.648725986480713,-11.412562370300293,-0.5,-0.9063971638679504,0.2810192868566693
GW190708_232457,GW200202_154313,208.67935416666722,23.822313296602964,0.8546401858329773,-0.7620229721069336,1.0,-0.9063971638679504,0.43616423042827285
GW190708_232457,GW200208_130117,214.56690509259425,58.07631987105304,2.0092689990997314,-2.487978219985962,0.5,-0.9063971638679504,0.4110224775528526
GW190708_232457,GW200209_085452,215.39577314814758,39.18583687221158,1.1083613634109497,-1.4865211248397827,1.0,-0.9063971638679504,0.42561056541459896
GW190708_232457,GW200219_094415,225.43006712962907,140.5815626294654,3.40615177154541,-6.982767581939697,-0.5,-1.3033174276351929,0.012412412547401108
GW190708_232457,GW200224_222234,230.95667939814982,27.31569380232873,0.9727300405502319,-0.884745180606842,1.0,-1.3033174276351929,0.1012414667372426
GW190708_232457,GW200225_060421,231.2773611111111,58.69772365155163,1.5762548446655273,-2.218411445617676,0.5,-1.3033174276351929,0.08181413355789635
GW190708_232457,GW200302_015811,237.1064143518524,68.0944178738992,1.0738381147384644,-2.6172993183135986,1.0,-1.3033174276351929,0.07600358874067292
GW190708_232457,GW200311_115853,246.52356481481482,163.58882262222156,5.914396286010742,-17.87139892578125,-0.5,-1.3033174276351929,-0.14620078367239303
GW190708_232457,GW200316_215756,251.9395694444439,68.54424730244708,1.8410849571228027,-2.670468807220459,0.5,-1.0624562501907349,0.27738380697036413
GW190720_000836,GW190725_174728,5.735320601852404,42.593274815158374,3.298703908920288,-4.298480033874512,-0.5,0.2738181948661804,1.3752036257819582
GW190720_000836,GW190727_060333,7.246495370370922,152.58264213328468,22.982511520385742,-261.6252746582031,-0.5,1.1633148193359375,-1.626686111283703
GW190720_000836,GW190728_064510,8.275391203703151,41.70291184552302,6.193408489227295,-16.73474884033203,-0.5,1.2453101873397827,2.0094192133403204
GW190720_000836,GW190803_022701,14.096123842591489,106.00612052248533,11.36007308959961,-62.73383712768555,-0.5,0.9412388801574707,1.084149838283377
GW190720_000836,GW190828_063405,39.26769675925926,158.05671090396973,24.625139236450195,-300.65850830078125,-0.5,0.6552695035934448,-2.6216801776388508
GW190720_000836,GW190828_065509,39.28232754629519,168.2334468804786,21.955509185791016,-238.83628845214844,-0.5,0.6552695035934448,-1.721124398133975
GW190720_000836,GW190910_112807,52.47188194444334,143.06004703396624,5.467744827270508,-15.218337059020996,-0.5,0.3182103931903839,1.2533939312042355
GW190720_000836,GW190915_235702,57.99196643518353,81.61744793990492,11.688451766967773,-65.9382553100586,-0.5,0.21406562626361847,0.42715517419430665
GW190720_000836,GW190924_021846,66.09039467592483,135.71322235513372,20.535032272338867,-208.3620147705078,-0.5,-0.2361980527639389,-2.025418357034094
GW190720_000836,GW190925_232845,67.97231944444279,110.17818448263672,7.461064338684082,-26.9599666595459,-0.5,-0.2361980527639389,0.6170403453601219
GW190720_000836,GW190929_012149,71.05084143518573,151.59632183599982,13.141753196716309,-84.98511505126953,-0.5,-0.2361980527639389,-0.2282040161127758
GW190720_000836,GW190930_133541,72.56046875,20.590612705906015,1.8328598737716675,-0.25902625918388367,0.5,-0.2361980527639389,1.0059892743153638
GW190720_000836,GW191105_143521,108.6019120370376,98.94042642989055,2.4772863388061523,-4.184605121612549,0.10000000149011612,-0.14472180604934692,1.0255818994112267
GW190720_000836,GW191109_010717,112.04074652777778,116.35933492676901,3.598696708679199,-7.168954849243164,-0.5,-0.14472180604934692,0.9821092871067532
GW190720_000836,GW191127_050227,130.20406018518463,54.683075061201535,1.7907921075820923,-2.1826837062835693,0.5,-0.667401909828186,0.6160583225555178
GW190720_000836,GW191129_134029,132.56380092592428,69.70943659371623,2.1756021976470947,-3.0421059131622314,0.10000000149011612,-0.667401909828186,0.6035392373894659
GW190720_000836,GW191204_171526,137.7130706018513,140.8570924605837,5.075327396392822,-13.267607688903809,-0.5,-0.7512125372886658,0.3842435180820999
GW190720_000836,GW191215_223052,148.9321249999989,113.9680037360775,3.936960220336914,-8.222269058227539,-0.5,-0.7512125372886658,0.4577382724687819
GW190720_000836,GW191216_213338,149.89238078703758,16.6290620061636,0.7120988965034485,-0.29634639620780945,1.0,-0.7512125372886658,0.5731940985239892
GW190720_000836,GW191219_163120,152.68245023148202,141.21513097687577,3.163691759109497,-6.3429856300354,-0.5,-0.7512125372886658,0.48511353587294115
GW190720_000836,GW191222_033537,155.14375462962798,112.81450089847824,2.9393880367279053,-5.356511116027832,0.10000000149011612,-0.7512125372886658,0.499483374534492
GW190720_000836,GW191230_180458,163.74747337963018,124.91869576819721,5.786511421203613,-16.627546310424805,-0.5,-0.7690701484680176,0.32031186502415127
GW190720_000836,GW200112_155838,176.65973726851797,60.305720936901885,1.518993854522705,-2.2578518390655518,0.5,-0.7690701484680176,0.5296332293748041
GW190720_000836,GW200128_022011,192.09137962963018,102.61974005274969,2.209636926651001,-3.8590750694274902,0.10000000149011612,-0.9063971638679504,0.39104989819467545
GW190720_000836,GW200129_065458,193.2821956018524,34.017975727301945,2.3250036239624023,-1.8105791807174683,0.10000000149011612,-0.9063971638679504,0.4208900562541338
GW190720_000836,GW200202_154313,197.6490370370365,119.2412376244075,21.04094886779785,-218.57154846191406,-0.5,-0.9063971638679504,-2.736637190991377
GW190720_000836,GW200208_130117,203.53658796296352,167.07668604264524,17.552593231201172,-152.294677734375,-0.5,-0.9063971638679504,-1.771191124393968
GW190720_000836,GW200209_085452,204.36545601851685,94.21141518443798,4.191897392272949,-8.75220012664795,-0.5,-0.9063971638679504,0.319772418011837
GW190720_000836,GW200219_094415,214.39974999999833,101.89526188748644,3.29105806350708,-6.022427082061768,-0.5,-0.9063971638679504,0.35953664676418046
GW190720_000836,GW200224_222234,219.92636226851906,127.30225420361323,19.252761840820312,-182.85366821289062,-0.5,-1.3033174276351929,-2.54947482472289
GW190720_000836,GW200225_060421,220.24704398148037,89.06659568269339,3.5155224800109863,-6.385264873504639,-0.5,-1.3033174276351929,0.021116152378621467
GW190720_000836,GW200302_015811,226.07609722222168,100.41892332857736,1.7543920278549194,-3.3748254776000977,0.5,-1.3033174276351929,0.06496880929499965
GW190720_000836,GW200311_115853,235.4932476851841,69.70275666870795,15.510448455810547,-117.03388214111328,-0.5,-1.3033174276351929,-1.590687047482885
GW190720_000836,GW200316_215756,240.90925231481316,92.02011291377949,3.6338648796081543,-6.807331085205078,-0.5,-1.3033174276351929,0.014967971882819286
GW190725_174728,GW190727_060333,1.5111747685185186,126.7251168791255,9.56904125213623,-44.69166946411133,-0.5,1.0566281080245972,1.4438137672958526
GW190725_174728,GW190728_064510,2.540070601850748,43.842796452109674,3.298733711242676,-4.356389045715332,-0.5,2.0915067195892334,2.899945634167237
GW190725_174728,GW190803_022701,8.360803240739084,145.6198243499686,9.853981971740723,-47.67814636230469,-0.5,1.2453101873397827,1.5586709945905277
GW190725_174728,GW190828_063405,33.53237615740686,140.06179889400576,10.664017677307129,-55.752479553222656,-0.5,0.9485506415367126,1.1919830741769628
GW190725_174728,GW190828_065509,33.54700694444279,129.49512741778085,9.39408016204834,-43.11292266845703,-0.5,0.9485506415367126,1.376101762098973
GW190725_174728,GW190910_112807,46.73656134259094,174.33857048895948,6.103519916534424,-19.072168350219727,-0.5,0.3182103931903839,1.1972557004674025
GW190725_174728,GW190915_235702,52.25664583333113,103.41459648722076,7.706681251525879,-28.631208419799805,-0.5,0.3182103931903839,1.0580104775967878
GW190725_174728,GW190924_021846,60.35507407407242,162.67501161316554,12.2976655960083,-74.52240753173828,-0.5,0.21406562626361847,0.30211100861256535
GW190725_174728,GW190925_232845,62.23699884259039,99.24096841374944,5.30941104888916,-13.692485809326172,-0.5,0.21406562626361847,1.1882121176971956
GW190725_174728,GW190929_012149,65.31552083333334,156.9807375436393,9.654674530029297,-45.92515563964844,-0.5,-0.2361980527639389,0.3407770441190679
GW190725_174728,GW190930_133541,66.82514814814759,56.1776399799108,3.5007786750793457,-5.420215606689453,-0.5,-0.2361980527639389,0.9308069384594972
GW190725_174728,GW191105_143521,102.86659143518519,80.10206118951086,1.9278305768966675,-3.0535008907318115,0.5,-0.14472180604934692,1.0420585392801296
GW190725_174728,GW191109_010717,106.30542592592538,88.30858128860538,2.574280023574829,-4.1254167556762695,0.10000000149011612,-0.14472180604934692,1.026444088202795
GW190725_174728,GW191127_050227,124.46873958333222,93.31540364835904,2.861124038696289,-4.803979873657227,0.10000000149011612,-0.667401909828186,0.5778742615641439
GW190725_174728,GW191129_134029,126.82848032407186,27.255161250809493,0.8009435534477234,-1.1165937185287476,1.0,-0.667401909828186,0.6315879088805569
GW190725_174728,GW191204_171526,131.9777499999989,127.51542440760933,4.246854782104492,-9.563427925109863,-0.5,-0.667401909828186,0.5085440359513591
GW190725_174728,GW191215_223052,143.1968043981465,112.12180360342306,3.6013033390045166,-7.102695941925049,-0.5,-0.7512125372886658,0.47404694017649424
GW190725_174728,GW191216_213338,144.15706018518517,37.74806497645097,1.4511719942092896,-1.3114985227584839,0.5,-0.7512125372886658,0.5584065170220596
GW190725_174728,GW191219_163120,146.94712962962964,147.43639512200355,3.199326992034912,-6.520182132720947,-0.5,-0.7512125372886658,0.48253233877273627
GW190725_174728,GW191222_033537,149.40843402777557,81.42120294467212,2.0327680110931396,-3.1879706382751465,0.5,-0.7512125372886658,0.5310722056232486
GW190725_174728,GW191230_180458,158.01215277777777,110.50636141187749,4.521421432495117,-10.35554313659668,-0.5,-0.7512125372886658,0.42666316217272626
GW190725_174728,GW200112_155838,170.92441666666556,46.620081142231086,1.1282225847244263,-1.8206419944763184,1.0,-0.7690701484680176,0.5360020050895112
GW190725_174728,GW200128_022011,186.35605902777777,82.93083184559583,1.7336969375610352,-2.9797773361206055,0.5,-0.9063971638679504,0.4038585074224556
GW190725_174728,GW200129_065458,187.546875,25.967783290383395,1.3972831964492798,-0.5622770190238953,0.5,-0.9063971638679504,0.4390739022731544
GW190725_174728,GW200202_154313,191.91371643518409,149.1196679221965,11.664856910705566,-66.87220764160156,-0.5,-0.9063971638679504,-0.5268537432714312
GW190725_174728,GW200208_130117,197.80126736111112,134.1742168105898,9.006999969482422,-39.70671844482422,-0.5,-0.9063971638679504,-0.1311377958477783
GW190725_174728,GW200209_085452,198.63013541666447,132.87387173602443,5.2670698165893555,-14.068286895751953,-0.5,-0.9063971638679504,0.24233371270510923
GW190725_174728,GW200219_094415,208.66442939814593,90.62148141705762,2.744965076446533,-4.502685546875,0.10000000149011612,-0.9063971638679504,0.38167451282943987
GW190725_174728,GW200224_222234,214.19104166666668,119.94880424128581,9.066585540771484,-40.00784683227539,-0.5,-0.9063971638679504,-0.13552429167979646
GW190725_174728,GW200225_060421,214.51172337962797,131.61314175864513,4.733243465423584,-11.593732833862305,-0.5,-0.9063971638679504,0.27838020161457
GW190725_174728,GW200302_015811,220.34077662036927,73.80643677488916,1.2643646001815796,-2.6744844913482666,0.5,-1.3033174276351929,0.07517058018477757
GW190725_174728,GW200311_115853,229.75792708333168,65.37409696145569,5.3112568855285645,-12.866742134094238,-0.5,-1.3033174276351929,-0.07329863604283426
GW190725_174728,GW200316_215756,235.17393171296075,133.82377346465478,4.814686298370361,-11.981731414794922,-0.5,-1.3033174276351929,-0.06040680653331221
GW190727_060333,GW190728_064510,1.0288958333322296,111.30073290291749,15.146162986755371,-112.43352508544922,-0.5,0.91136634349823,0.3351093015240252
GW190727_060333,GW190803_022701,6.849628472220567,87.56837319768358,8.949690818786621,-38.351505279541016,-0.5,1.1633148193359375,1.6257121998429305
GW190727_060333,GW190828_063405,32.021201388888336,49.196469478294915,6.967348575592041,-21.922569274902344,-0.5,0.9485506415367126,1.6847787275175552
GW190727_060333,GW190828_065509,32.03583217592427,36.2609722846937,4.4176716804504395,-7.709593772888184,-0.5,0.9485506415367126,1.8918171881816803
GW190727_060333,GW190910_112807,45.22538657407242,48.85678368030268,1.8556022644042969,-2.004420757293701,0.5,0.5659993290901184,1.653848430757438
GW190727_060333,GW190915_235702,50.745471064812605,123.84630142699184,16.343856811523438,-131.35263061523438,-0.5,0.3182103931903839,-0.4383183611856769
GW190727_060333,GW190924_021846,58.8438993055539,63.32203492721706,8.752822875976562,-36.005088806152344,-0.5,0.21406562626361847,0.8631874965530881
GW190727_060333,GW190925_232845,60.725824074071866,95.9217355337442,6.370376110076904,-19.456016540527344,-0.5,0.21406562626361847,1.1042555576926303
GW190727_060333,GW190929_012149,63.804346064814816,50.704039077183886,4.25907564163208,-7.765193462371826,-0.5,-0.2361980527639389,0.8966479683365178
GW190727_060333,GW190930_133541,65.31397337962908,135.61565993302926,11.677713394165039,-66.8302001953125,-0.5,-0.2361980527639389,0.03625613332834127
GW190727_060333,GW191105_143521,101.35541666666667,54.75104227363233,1.367159128189087,-2.056107997894287,0.5,-0.14472180604934692,1.0565874244654418
GW190727_060333,GW191109_010717,104.79425115740686,83.75227820650576,2.5795812606811523,-4.02901554107666,0.10000000149011612,-0.14472180604934692,1.0278483514461974
GW190727_060333,GW191127_050227,122.95756481481371,113.14191284653197,3.6881465911865234,-7.389673709869385,-0.5,-0.667401909828186,0.5402088148375088
GW190727_060333,GW191129_134029,125.31730555555335,101.88400573573426,3.1664295196533203,-5.697021961212158,-0.5,-0.667401909828186,0.5648654402170974
GW190727_060333,GW191204_171526,130.4665752314804,14.363286767889853,0.5146491527557373,-0.5317455530166626,1.0,-0.667401909828186,0.6401073117242964
GW190727_060333,GW191215_223052,141.68562962962798,40.36166418311303,1.387121558189392,-1.4447755813598633,0.5,-0.7512125372886658,0.5564650884274094
GW190727_060333,GW191216_213338,142.64588541666666,136.36945327021022,5.793862342834473,-16.842979431152344,-0.5,-0.7512125372886658,0.3321615693225142
GW190727_060333,GW191219_163120,145.4359548611111,28.507580595516174,0.6372816562652588,-1.5459141731262207,1.0,-0.7512125372886658,0.5549918164619383
GW190727_060333,GW191222_033537,147.89725925925705,84.41920519782249,2.1931095123291016,-3.447237014770508,0.10000000149011612,-0.7512125372886658,0.5272955079511843
GW190727_060333,GW191230_180458,156.50097800925926,27.723585869372723,1.2724493741989136,-0.713666558265686,0.5,-0.7512125372886658,0.567115053081019
GW190727_060333,GW200112_155838,169.41324189814705,94.09649725165252,2.3636386394500732,-3.9030542373657227,0.10000000149011612,-0.7690701484680176,0.5056677921602867
GW190727_060333,GW200128_022011,184.84488425925926,99.8386919283956,2.145451545715332,-3.723315954208374,0.5,-0.9063971638679504,0.39302748256693487
GW190727_060333,GW200129_065458,186.03570023148148,122.47041446020613,8.206060409545898,-32.8171272277832,-0.5,-0.9063971638679504,-0.03077806751509333
GW190727_060333,GW200202_154313,190.40254166666557,80.71436032784584,12.6399564743042,-77.33377075195312,-0.5,-0.9063971638679504,-0.6792458952315076
GW190727_060333,GW200208_130117,196.2900925925926,39.886723564081606,4.003414630889893,-6.352879047393799,-0.5,-0.9063971638679504,0.3547229984034918
GW190727_060333,GW200209_085452,197.11896064814593,100.31996754788221,4.425913333892822,-9.77755355834961,-0.5,-0.9063971638679504,0.30483623549987066
GW190727_060333,GW200219_094415,207.1532546296274,50.70818500201008,1.6304466724395752,-1.9450678825378418,0.5,-0.9063971638679504,0.41893097781924443
GW190727_060333,GW200224_222234,212.67986689814813,80.04644978928863,11.059992790222168,-58.861690521240234,-0.5,-0.9063971638679504,-0.4101656413684763
GW190727_060333,GW200225_060421,213.00054861110945,96.63934252870243,3.7889490127563477,-7.397284984588623,-0.5,-0.9063971638679504,0.3395092806626397
GW190727_060333,GW200302_015811,218.82960185185075,98.02119908082273,1.7102429866790771,-3.300985336303711,0.5,-1.3033174276351929,0.06604442848445502
GW190727_060333,GW200311_115853,228.24675231481316,82.95547516812124,15.442878723144531,-116.34498596191406,-0.5,-1.3033174276351929,-1.5806519915244341
GW190727_060333,GW200316_215756,233.66275694444224,88.41714714546274,3.4682421684265137,-6.232611179351807,-0.5,-1.3033174276351929,0.02333983776016707
GW190728_064510,GW190803_022701,5.820732638888337,127.6844169480538,12.964487075805664,-82.3550796508789,-0.5,0.2738181948661804,0.23816386749275653
GW190728_064510,GW190828_063405,30.992305555556108,160.18148713211232,22.403644561767578,-248.6372528076172,-0.5,0.9485506415367126,-1.6177429071616678
GW190728_064510,GW190828_065509,31.00693634259204,142.95994378149055,17.255962371826172,-146.85433959960938,-0.5,0.9485506415367126,-0.13508519980757594
GW190728_064510,GW190910_112807,44.19649074074019,138.7794855188492,5.266115665435791,-14.15059757232666,-0.5,0.5659993290901184,1.4769167424995964
GW190728_064510,GW190915_235702,49.71657523148038,122.87739811209052,16.04069709777832,-126.46553039550781,-0.5,0.3182103931903839,-0.3671286439825405
GW190728_064510,GW190924_021846,57.81500347222167,151.3360233267306,20.671045303344727,-211.36903381347656,-0.5,0.21406562626361847,-1.6913149878253249
GW190728_064510,GW190925_232845,59.69692824073964,142.52260676893462,9.439014434814453,-43.71821975708008,-0.5,0.21406562626361847,0.7508313781066309
GW190728_064510,GW190929_012149,62.77545023148259,156.10158291443193,13.054354667663574,-83.91227722167969,-0.5,0.21406562626361847,0.16533006741086576
GW190728_064510,GW190930_133541,64.28507754629685,34.01091672679474,2.915037155151367,-2.9037418365478516,0.10000000149011612,-0.2361980527639389,0.9674640659974945
GW190728_064510,GW191105_143521,100.32652083333444,57.29685185278201,1.4301666021347046,-2.1450207233428955,0.5,-0.14472180604934692,1.055292245014262
GW190728_064510,GW191109_010717,103.76535532407462,130.08072051646107,4.00410795211792,-8.719532012939453,-0.5,-0.14472180604934692,0.9595222426791361
GW190728_064510,GW191127_050227,121.92866898148148,60.45433902305219,1.9693422317504883,-2.5289552211761475,0.5,-0.667401909828186,0.6110142329906667
GW190728_064510,GW191129_134029,124.28840972222112,57.967569599088094,1.8004639148712158,-2.3059370517730713,0.5,-0.667401909828186,0.6142629080120794
GW190728_064510,GW191204_171526,129.43767939814813,101.92173570070942,3.6489906311035156,-7.058498382568359,-0.5,-0.667401909828186,0.5450330003125788
GW190728_064510,GW191215_223052,140.65673379629575,76.98254987102597,2.6437134742736816,-3.9788219928741455,0.10000000149011612,-0.7512125372886658,0.5195519826377724
GW190728_064510,GW191216_213338,141.61698958333443,25.128411097996775,1.0664047002792358,-0.6294451355934143,1.0,-0.7512125372886658,0.5683418949694428
GW190728_064510,GW191219_163120,144.40705902777887,112.6391494519165,2.5172338485717773,-4.511713981628418,0.10000000149011612,-0.7512125372886658,0.5117894182798521
GW190728_064510,GW191222_033537,146.86836342592483,122.23301074503483,3.1741154193878174,-6.080728054046631,-0.5,-0.7512125372886658,0.48893380593690666
GW190728_064510,GW191230_180458,155.47208217592703,84.29356386804011,3.863750457763672,-7.371041774749756,-0.5,-0.7512125372886658,0.4701379833119878
GW190728_064510,GW200112_155838,168.38434606481482,20.36833102955712,0.51143479347229,-1.2412389516830444,1.0,-0.7690701484680176,0.5444420895789998
GW190728_064510,GW200128_022011,183.81598842592703,126.77362488261093,2.723468065261841,-5.131056308746338,0.10000000149011612,-0.7690701484680176,0.48777965476675006
GW190728_064510,GW200129_065458,185.00680439814926,18.28255859666989,1.2215571403503418,0.10083375871181488,0.5,-0.9063971638679504,0.44873334583250873
GW190728_064510,GW200202_154313,189.37364583333334,147.04193803705698,22.678709030151367,-254.64190673828125,-0.5,-0.9063971638679504,-3.2620691423856676
GW190728_064510,GW200208_130117,195.26119675926037,148.89319250969723,14.850263595581055,-108.61700439453125,-0.5,-0.9063971638679504,-1.1349444600420706
GW190728_064510,GW200209_085452,196.0900648148137,121.20590055802666,5.340804100036621,-14.247745513916016,-0.5,-0.9063971638679504,0.2397195636796407
GW190728_064510,GW200219_094415,206.12435879629518,60.85905505213213,1.9555578231811523,-2.529296636581421,0.5,-0.9063971638679504,0.4104205978572329
GW190728_064510,GW200224_222234,211.6509710648159,163.5776484327394,22.334068298339844,-247.12905883789062,-0.5,-0.9063971638679504,-3.152630519608885
GW190728_064510,GW200225_060421,211.97165277777722,105.49989422196067,4.132339954376221,-8.759271621704102,-0.5,-0.9063971638679504,0.31966940851528136
GW190728_064510,GW200302_015811,217.80070601851853,117.11318290546332,2.042961597442627,-3.9257497787475586,0.5,-1.3033174276351929,0.05694357072086259
GW190728_064510,GW200311_115853,227.21785648148094,28.67581498496276,5.225228309631348,-10.798040390014648,-0.5,-1.3033174276351929,-0.043164142065360456
GW190728_064510,GW200316_215756,232.63386111111,99.86722162855875,3.9135844707489014,-7.878270149230957,-0.5,-1.3033174276351929,-0.0006322502697887478
GW190803_022701,GW190828_063405,25.17157291666777,62.0633471763996,6.440634727478027,-19.01336669921875,-0.5,0.685893177986145,1.5067083328022928
GW190803_022701,GW190828_065509,25.186203703703704,78.4642501284335,7.468626022338867,-26.335474014282227,-0.5,0.685893177986145,1.4000482019160163
GW190803_022701,GW190910_112807,38.37575810185185,39.25197017885023,1.446617841720581,-1.3893214464187622,0.5,0.6552695035934448,1.7377329348196267
GW190803_022701,GW190915_235702,43.89584259259204,48.72188744419492,4.862035751342773,-10.170461654663086,-0.5,0.5659993290901184,1.5348948353704581
GW190803_022701,GW190924_021846,51.99427083333333,30.499567700909957,3.1236631870269775,-3.177471160888672,-0.5,0.3182103931903839,1.4287915698098317
GW190803_022701,GW190925_232845,53.8761956018513,76.7996647258097,4.676249980926514,-10.272488594055176,-0.5,0.3182103931903839,1.325439426021238
GW190803_022701,GW190929_012149,56.95471759259425,46.846976611364326,3.4468071460723877,-4.900538921356201,-0.5,0.21406562626361847,1.3162831996228692
GW190803_022701,GW190930_133541,58.46434490740851,99.20103912786155,7.4382452964782715,-26.586196899414062,-0.5,0.21406562626361847,1.0003912003979676
GW190803_022701,GW191105_143521,94.5057881944461,126.59724207748452,3.1196484565734863,-6.0141072273254395,-0.5,-0.2258155196905136,0.9308698584700121
GW190803_022701,GW191109_010717,97.94462268518629,99.13040814165446,2.99280047416687,-5.220303535461426,0.10000000149011612,-0.2258155196905136,0.9424330877466498
GW190803_022701,GW191127_050227,116.10793634259315,67.2394421143537,2.1434195041656494,-2.9302620887756348,0.5,-0.14472180604934692,1.043853741969917
GW190803_022701,GW191129_134029,118.46767708333279,166.4307140717021,5.068284034729004,-13.568327903747559,-0.5,-0.667401909828186,0.4502052084079336
GW190803_022701,GW191204_171526,123.61694675925982,84.87200575865931,2.9604220390319824,-4.835097312927246,0.10000000149011612,-0.667401909828186,0.5774209781031711
GW190803_022701,GW191215_223052,134.8360011574074,92.09794974956094,3.087721824645996,-5.299274444580078,-0.5,-0.667401909828186,0.5706593736242727
GW190803_022701,GW191216_213338,135.7962569444461,116.87818341687985,4.783570766448975,-11.574586868286133,-0.5,-0.667401909828186,0.47924776004578984
GW190803_022701,GW191219_163120,138.58632638889054,63.596000645015444,1.4066439867019653,-2.3534345626831055,0.5,-0.7512125372886658,0.5432287779352724
GW190803_022701,GW191222_033537,141.0476307870365,107.3582384309594,2.749429225921631,-4.8506598472595215,0.10000000149011612,-0.7512125372886658,0.5068520404409339
GW190803_022701,GW191230_180458,149.6513495370387,99.5865964763196,4.376862525939941,-9.569276809692383,-0.5,-0.7512125372886658,0.4381165956899537
GW190803_022701,GW200112_155838,162.5636134259265,141.06243526779096,3.4962782859802246,-7.248411178588867,-0.5,-0.7690701484680176,0.4569364373933181
GW190803_022701,GW200128_022011,177.9952557870387,94.51253090418717,2.0111284255981445,-3.4638147354125977,0.5,-0.7690701484680176,0.5120661336148515
GW190803_022701,GW200129_065458,179.18607175926093,136.24600443115142,8.357924461364746,-34.25137710571289,-0.5,-0.7690701484680176,0.06358794410102253
GW190803_022701,GW200202_154313,183.55291319444498,19.419404310430785,2.121668577194214,-0.4203016757965088,0.5,-0.7690701484680176,0.5564005700447728
GW190803_022701,GW200208_130117,189.440464120372,72.37960342708433,6.068327903747559,-17.111408233642578,-0.5,-0.9063971638679504,0.19800498243172326
GW190803_022701,GW200209_085452,190.26933217592537,12.75490528439879,0.5405547022819519,-0.20967352390289307,1.0,-0.9063971638679504,0.4442102289237067
GW190803_022701,GW200219_094415,200.30362615740685,113.72947303969315,3.5781359672546387,-7.0609130859375,-0.5,-0.9063971638679504,0.34440916387833426
GW190803_022701,GW200224_222234,205.83023842592758,62.55053090951827,6.4047532081604,-18.809722900390625,-0.5,-0.9063971638679504,0.17326586610263417
GW190803_022701,GW200225_060421,206.1509201388889,22.187306028179897,0.8425017595291138,-0.6381273865699768,1.0,-0.9063971638679504,0.4379690003942112
GW190803_022701,GW200302_015811,211.9799733796302,107.06980637249893,1.8560124635696411,-3.573915719985962,0.5,-0.9063971638679504,0.39520377524483924
GW190803_022701,GW200311_115853,221.3971238425926,124.67526782617794,14.707967758178711,-106.17822265625,-0.5,-1.3033174276351929,-1.4325541478010768
GW190803_022701,GW200316_215756,226.81312847222168,29.822023180528447,1.132918357849121,-0.9240756034851074,1.0,-1.3033174276351929,0.1006685458728655
GW190828_063405,GW190828_065509,0.014630787035933247,18.32061470317791,2.2812914848327637,-0.5101389288902283,0.10000000149011612,0.5836789608001709,1.6904539396037999
GW190828_063405,GW190910_112807,13.204185185184082,35.153658601356646,1.3379335403442383,-1.1736609935760498,0.5,1.0493223667144775,2.0716029084390017
GW190828_063405,GW190915_235702,18.72426967592427,76.84481910641266,10.405441284179688,-51.8769416809082,-0.5,0.5892588496208191,0.9468839833262485
GW190828_063405,GW190924_021846,26.822697916665565,32.10487730682181,4.56514835357666,-8.062827110290527,-0.5,0.685893177986145,1.6662233379194107
GW190828_063405,GW190925_232845,28.70462268518353,50.93844092421497,3.4046285152435303,-4.948134899139404,-0.5,0.685893177986145,1.711594631266668
GW190828_063405,GW190929_012149,31.78314467592648,17.2751535054172,1.4660637378692627,0.250529021024704,0.5,0.9485506415367126,2.007771202857607
GW190828_063405,GW190930_133541,33.29277199074074,161.26438630426117,14.03698444366455,-97.14258575439453,-0.5,0.9485506415367126,0.5890590859240529
GW190828_063405,GW191105_143521,69.33421527777833,102.88467626046533,2.5713882446289062,-4.425767421722412,0.10000000149011612,-0.2361980527639389,0.9452929284899896
GW190828_063405,GW191109_010717,72.77304976851852,52.9769962593699,1.633932113647461,-2.034026861190796,0.5,-0.2361980527639389,0.9801330845073023
GW190828_063405,GW191127_050227,90.93636342592538,125.92613501039574,4.111176490783691,-9.036280632019043,-0.5,-0.2258155196905136,0.8868462738603607
GW190828_063405,GW191129_134029,93.29610416666502,117.20996668600239,3.6478190422058105,-7.334389686584473,-0.5,-0.2258155196905136,0.911637485349542
GW190828_063405,GW191204_171526,98.44537384259205,59.68888655295803,2.142670154571533,-2.691126823425293,0.5,-0.2258155196905136,0.9792752572932946
GW190828_063405,GW191215_223052,109.66442824073964,85.90535873856888,2.957369804382324,-4.8523335456848145,0.10000000149011612,-0.14472180604934692,1.0158551912323508
GW190828_063405,GW191216_213338,110.62468402777833,174.2435215764696,7.4223175048828125,-27.598745346069336,-0.5,-0.14472180604934692,0.6845113368707837
GW190828_063405,GW191219_163120,113.41475347222277,53.01615714897617,1.1860202550888062,-2.044731855392456,0.5,-0.14472180604934692,1.0567531391696952
GW190828_063405,GW191222_033537,115.87605787036871,59.12504760678431,1.5374926328659058,-2.2223684787750244,0.5,-0.14472180604934692,1.0541655308917883
GW190828_063405,GW191230_180458,124.47977662037093,76.62970912869228,3.5278470516204834,-6.1208696365356445,-0.5,-0.667401909828186,0.5586913093855479
GW190828_063405,GW200112_155838,137.39204050925872,140.7739553980063,3.5393614768981934,-7.3713812828063965,-0.5,-0.7512125372886658,0.47013303774478976
GW190828_063405,GW200128_022011,152.82368287037093,62.53167958740904,1.344649076461792,-2.3245441913604736,0.5,-0.7512125372886658,0.5436496200035504
GW190828_063405,GW200129_065458,154.01449884259316,161.6647719934073,10.902975082397461,-58.57183074951172,-0.5,-0.7512125372886658,-0.2756968724943276
GW190828_063405,GW200202_154313,158.3813402777772,44.82691742848179,7.281810283660889,-23.888662338256836,-0.5,-0.7512125372886658,0.22952807479438167
GW190828_063405,GW200208_130117,164.26889120370424,11.937743159645755,1.215956211090088,0.950953483581543,0.5,-0.7690701484680176,0.5763754554820368
GW190828_063405,GW200209_085452,165.0977592592576,71.70704152970235,3.172473669052124,-5.0098724365234375,-0.5,-0.7690701484680176,0.4895449235775485
GW190828_063405,GW200219_094415,175.13205324073908,99.88541042231849,3.2164597511291504,-5.785714626312256,-0.5,-0.7690701484680176,0.47824333703295774
GW190828_063405,GW200224_222234,180.6586655092598,31.69108395633493,4.504327774047852,-7.787900924682617,-0.5,-0.7690701484680176,0.4490777644110491
GW190828_063405,GW200225_060421,180.97934722222112,82.89561539023525,3.2573156356811523,-5.519833087921143,-0.5,-0.7690701484680176,0.48211639685915
GW190828_063405,GW200302_015811,186.80840046296242,68.61753523224131,1.1977423429489136,-2.554935932159424,0.5,-0.9063971638679504,0.4100471137624893
GW190828_063405,GW200311_115853,196.22555092592484,132.15130602372878,25.929086685180664,-333.1573486328125,-0.5,-0.9063971638679504,-4.4057927930669525
GW190828_063405,GW200316_215756,201.6415555555539,84.56131411369377,3.3243677616119385,-5.739528656005859,-0.5,-0.9063971638679504,0.363657589254134
GW190828_065509,GW190910_112807,13.189554398148148,44.92210635984967,1.6884307861328125,-1.7290831804275513,0.5,1.0493223667144775,2.063512149782017
GW190828_065509,GW190915_235702,18.709638888888335,93.9070209738872,11.062800407409668,-59.211631774902344,-0.5,0.5892588496208191,0.8400405608287036
GW190828_065509,GW190924_021846,26.80806712962963,47.96484293696905,5.860989093780518,-15.121319770812988,-0.5,0.685893177986145,1.5634032454738493
GW190828_065509,GW190925_232845,28.689991898147596,59.705641006992074,3.843081474304199,-6.612364768981934,-0.5,0.685893177986145,1.6873520234893857
GW190828_065509,GW190929_012149,31.768513888890546,31.64112453765087,2.530369281768799,-1.9949923753738403,0.10000000149011612,0.9485506415367126,1.9750610013074232
GW190828_065509,GW190930_133541,33.278141203704806,171.1102679173746,13.994315147399902,-96.6691665649414,-0.5,0.9485506415367126,0.5959553181886721
GW190828_065509,GW191105_143521,69.3195844907424,86.48291953478517,2.1497318744659424,-3.4413042068481445,0.5,-0.2361980527639389,0.9596334688335045
GW190828_065509,GW191109_010717,72.75841898148259,51.88113680327096,1.5869667530059814,-1.9749164581298828,0.5,-0.2361980527639389,0.9809941376243807
GW190828_065509,GW191127_050227,90.92173263888944,135.95975120303618,4.397885322570801,-10.274590492248535,-0.5,-0.2258155196905136,0.8688079843233958
GW190828_065509,GW191129_134029,93.28147337962908,103.3703095406424,3.1901519298553467,-5.786456108093262,-0.5,-0.2258155196905136,0.9341860210348188
GW190828_065509,GW191204_171526,98.4307430555561,49.382185736922146,1.7530136108398438,-1.954458236694336,0.5,-0.2258155196905136,0.9900062073462782
GW190828_065509,GW191215_223052,109.6497974537037,76.2675724988982,2.5987448692321777,-3.876599073410034,0.10000000149011612,-0.14472180604934692,1.0300685811821235
GW190828_065509,GW191216_213338,110.6100532407424,164.5003250273381,6.898509979248047,-23.879358291625977,-0.5,-0.14472180604934692,0.7386911368892176
GW190828_065509,GW191219_163120,113.40012268518684,50.548088782959574,1.1258832216262817,-1.983944296836853,1.0,-0.14472180604934692,1.0576386231803514
GW190828_065509,GW191222_033537,115.86142708333279,55.498073723534965,1.4347047805786133,-2.081390380859375,0.5,-0.14472180604934692,1.0562191394676756
GW190828_065509,GW191230_180458,124.46514583333499,63.73058952261054,2.8810112476348877,-4.084582805633545,0.10000000149011612,-0.667401909828186,0.5883536197779675
GW190828_065509,GW200112_155838,137.37740972222278,122.8468808268789,3.0716774463653564,-5.836454391479492,-0.5,-0.7512125372886658,0.49249210680582195
GW190828_065509,GW200128_022011,152.809052083335,65.90517832037004,1.4114865064620972,-2.424717426300049,0.5,-0.7512125372886658,0.5421904102582936
GW190828_065509,GW200129_065458,153.99986805555722,144.7135538697563,9.3927583694458,-43.3230094909668,-0.5,-0.7512125372886658,-0.05356938906454706
GW190828_065509,GW200202_154313,158.3667094907413,62.52894751174103,8.399947166442871,-33.035789489746094,-0.5,-0.7512125372886658,0.09628313078705661
GW190828_065509,GW200208_130117,164.25426041666833,6.441884377961063,0.6035999059677124,1.341080904006958,1.0,-0.7690701484680176,0.5820583879950983
GW190828_065509,GW200209_085452,165.08312847222166,89.08691549547419,3.875519275665283,-7.521113872528076,-0.5,-0.7690701484680176,0.45296401473177667
GW190828_065509,GW200219_094415,175.11742245370314,85.76217065280873,2.736926555633545,-4.376291275024414,0.10000000149011612,-0.7690701484680176,0.4987742132758215
GW190828_065509,GW200224_222234,180.64403472222386,44.690054097893075,5.459057807922363,-12.847029685974121,-0.5,-0.7690701484680176,0.3753821310870516
GW190828_065509,GW200225_060421,180.96471643518518,97.7082261526744,3.78847599029541,-7.417742729187012,-0.5,-0.7690701484680176,0.4544698079691879
GW190828_065509,GW200302_015811,186.79376967592648,67.81480358965722,1.180584192276001,-2.5398547649383545,0.5,-0.9063971638679504,0.41026679905259805
GW190828_065509,GW200311_115853,196.2109201388889,117.11826456620581,17.75906753540039,-155.20623779296875,-0.5,-0.9063971638679504,-1.8136034195940107
GW190828_065509,GW200316_215756,201.62692476851797,96.66858939872841,3.7499232292175293,-7.271492004394531,-0.5,-0.9063971638679504,0.3413416897157649
GW190910_112807,GW190915_235702,5.520084490740189,79.10412957063699,2.994316577911377,-4.772487163543701,0.10000000149011612,0.2738181948661804,1.3682988290730198
GW190910_112807,GW190924_021846,13.61851273148148,17.568344498181876,0.6674461960792542,-0.5049557089805603,1.0,0.9412388801574707,1.9906294009867154
GW190910_112807,GW190925_232845,15.500437499999448,78.61325070517734,2.669501543045044,-4.069839000701904,0.10000000149011612,0.9412388801574707,1.9387002360443955
GW190910_112807,GW190929_012149,18.578959490742395,18.816506927488344,0.6727805733680725,-0.6298810839653015,1.0,0.5892588496208191,1.693392871493164
GW190910_112807,GW190930_133541,20.08858680555666,129.19653886802456,4.6397905349731445,-11.158581733703613,-0.5,0.5892588496208191,1.5400227362244243
GW190910_112807,GW191105_143521,56.13003009259425,97.72704332383778,2.062889337539673,-3.5853207111358643,0.5,0.21406562626361847,1.335441802523638
GW190910_112807,GW191109_010717,59.56886458333444,87.59083768986376,2.1277544498443604,-3.4403111934661865,0.5,0.21406562626361847,1.337554136236992
GW190910_112807,GW191127_050227,77.73217824074129,91.99249162877595,2.313162088394165,-3.782965660095215,0.10000000149011612,-0.15858153998851776,1.01980005473516
GW190910_112807,GW191129_134029,80.09191898148093,147.15357064885166,3.5946638584136963,-7.626279354095459,-0.5,-0.15858153998851776,0.9638150323911476
GW190910_112807,GW191204_171526,85.24118865740796,49.41950247545251,1.311733365058899,-1.859736680984497,0.5,-0.15858153998851776,1.0478154669395425
GW190910_112807,GW191215_223052,96.46024305555555,67.1073325954273,1.740169882774353,-2.5601398944854736,0.5,-0.2258155196905136,0.981183325883927
GW190910_112807,GW191216_213338,97.42049884259424,147.44547927359966,4.266205787658691,-9.927145004272461,-0.5,-0.2258155196905136,0.8738691749927998
GW190910_112807,GW191219_163120,100.2105682870387,30.74758553005146,0.5982489585876465,-1.799493670463562,1.0,-0.14472180604934692,1.0603254901032872
GW190910_112807,GW191222_033537,102.67187268518464,94.17003789844605,2.0441813468933105,-3.490971088409424,0.5,-0.14472180604934692,1.0356859710377677
GW190910_112807,GW191230_180458,111.27559143518684,67.02427066493077,2.0070431232452393,-2.7723188400268555,0.5,-0.14472180604934692,1.0461544795662496
GW190910_112807,GW200112_155838,124.18785532407463,133.28334157676667,2.8253891468048096,-5.440497398376465,0.10000000149011612,-0.667401909828186,0.5686021982664244
GW190910_112807,GW200128_022011,139.61949768518684,94.19128661695396,1.778141736984253,-3.2618348598480225,0.5,-0.7512125372886658,0.5299962356597154
GW190910_112807,GW200129_065458,140.81031365740907,157.038657547801,5.344934463500977,-14.786271095275879,-0.5,-0.7512125372886658,0.3621213569711029
GW190910_112807,GW200202_154313,145.17715509259315,33.33029862128672,1.2769639492034912,-1.080704689025879,0.5,-0.7512125372886658,0.56176845907705
GW190910_112807,GW200208_130117,151.06470601852018,40.38088775053203,1.4846705198287964,-1.4498738050460815,0.5,-0.7512125372886658,0.5563908233036873
GW190910_112807,GW200209_085452,151.8935740740735,51.92501052340454,1.5283523797988892,-1.9605741500854492,0.5,-0.7512125372886658,0.5489515215696764
GW190910_112807,GW200219_094415,161.927868055555,88.00122960614398,2.1947178840637207,-3.5324108600616455,0.10000000149011612,-0.7690701484680176,0.5110669032951447
GW190910_112807,GW200224_222234,167.45448032407572,57.6254590839405,2.1892037391662598,-2.6785831451416016,0.10000000149011612,-0.7690701484680176,0.523504494265759
GW190910_112807,GW200225_060421,167.77516203703703,54.01828250400044,1.5033926963806152,-2.0347142219543457,0.5,-0.7690701484680176,0.5328836443745638
GW190910_112807,GW200302_015811,173.60421527777834,102.56007835034964,1.636950969696045,-3.3564541339874268,0.5,-0.7690701484680176,0.513630040739851
GW190910_112807,GW200311_115853,183.02136574074075,115.15175748151076,4.450852870941162,-10.152778625488281,-0.5,-0.7690701484680176,0.4146289159792528
GW190910_112807,GW200316_215756,188.43737037036982,51.746585491716296,1.4405163526535034,-1.9416804313659668,0.5,-0.9063971638679504,0.41898032235488375
GW190915_235702,GW190924_021846,8.098428240741292,62.23322081124699,8.241623878479004,-31.746986389160156,-0.5,1.2453101873397827,1.7907380122932142
GW190915_235702,GW190925_232845,9.98035300925926,47.74802199686158,3.1388137340545654,-4.111684322357178,-0.5,1.549420952796936,2.4485377547699145
GW190915_235702,GW190929_012149,13.058875000002208,73.18672688130474,6.048511505126953,-17.02007293701172,-0.5,1.0493223667144775,1.8407704036370627
GW190915_235702,GW190930_133541,14.56850231481647,90.83102479060445,7.689049243927002,-28.240568161010742,-0.5,0.9412388801574707,1.586608546463234
GW190915_235702,GW191105_143521,50.60994560185406,174.9333433618842,4.3618059158325195,-10.63713550567627,-0.5,0.3182103931903839,1.3201276645778122
GW190915_235702,GW191109_010717,54.04878009259425,73.16743159689945,2.248579263687134,-3.2343811988830566,0.10000000149011612,0.3182103931903839,1.427962569108253
GW190915_235702,GW191127_050227,72.2120937500011,83.91794444482443,2.728739023208618,-4.316431045532227,0.10000000149011612,-0.2361980527639389,0.9468856164544346
GW190915_235702,GW191129_134029,74.57183449074074,117.78315616114986,3.6523077487945557,-7.358071327209473,-0.5,-0.15858153998851776,0.9677219818554852
GW190915_235702,GW191204_171526,79.72110416666777,128.39983828247762,4.586915493011475,-10.925203323364258,-0.5,-0.15858153998851776,0.9157600603447519
GW190915_235702,GW191215_223052,90.94015856481536,140.80249192835862,4.825679302215576,-12.131827354431152,-0.5,-0.2258155196905136,0.8417538702161514
GW190915_235702,GW191216_213338,91.90041435185405,98.20012954650954,4.154663562774658,-8.697588920593262,-0.5,-0.2258155196905136,0.8917799494699018
GW190915_235702,GW191219_163120,94.69048379629851,109.10966968887992,2.4362783432006836,-4.312912940979004,0.10000000149011612,-0.2258155196905136,0.9556509218220074
GW190915_235702,GW191222_033537,97.15178819444445,79.3115077742169,2.0571706295013428,-3.161501884460449,0.5,-0.2258155196905136,0.9724233684289458
GW190915_235702,GW191230_180458,105.75550694444665,146.06467457061154,6.6712212562561035,-22.16651153564453,-0.5,-0.14472180604934692,0.763641940164836
GW190915_235702,GW200112_155838,118.66777083333444,141.8294655115834,3.5574076175689697,-7.440184116363525,-0.5,-0.667401909828186,0.5394730366884095
GW190915_235702,GW200128_022011,134.09941319444664,59.38451966316392,1.274747610092163,-2.2364847660064697,0.5,-0.667401909828186,0.6152746099131123
GW190915_235702,GW200129_065458,135.29022916666887,113.68045277201996,7.538288116455078,-27.58111000061035,-0.5,-0.667401909828186,0.24608293756147015
GW190915_235702,GW200202_154313,139.65707060185295,45.82128368860893,6.796143054962158,-20.65199089050293,-0.5,-0.7512125372886658,0.27667622291604205
GW190915_235702,GW200208_130117,145.54462152777998,88.19274811047113,8.650247573852539,-35.798683166503906,-0.5,-0.7512125372886658,0.05603643833806738
GW190915_235702,GW200209_085452,146.37348958333334,39.618860620306634,1.7399944067001343,-1.5060601234436035,0.5,-0.7512125372886658,0.5555723649260056
GW190915_235702,GW200219_094415,156.40778356481482,161.78158188859285,5.189305305480957,-14.085162162780762,-0.5,-0.7512125372886658,0.37233431442825793
GW190915_235702,GW200224_222234,161.93439583333554,51.23792422875252,6.782914638519287,-20.789533615112305,-0.5,-0.7690701484680176,0.2596847679927085
GW190915_235702,GW200225_060421,162.25507754629686,57.35685506464058,2.240748405456543,-2.7368645668029785,0.10000000149011612,-0.7690701484680176,0.52265551680679
GW190915_235702,GW200302_015811,168.08413078703813,70.90013664153538,1.236162781715393,-2.6039929389953613,0.5,-0.7690701484680176,0.524591039546791
GW190915_235702,GW200311_115853,177.50128125000055,147.4136232713107,25.455068588256836,-321.234375,-0.5,-0.7690701484680176,-4.1168539424264665
GW190915_235702,GW200316_215756,182.91728587962962,69.91176045731035,2.7325282096862793,-3.9587912559509277,0.10000000149011612,-0.7690701484680176,0.504855878671218
GW190924_021846,GW190925_232845,1.8819247685179665,64.1719973279118,4.2655720710754395,-8.260956764221191,-0.5,1.983432412147522,2.752361591472403
GW190924_021846,GW190929_012149,4.960446759260915,16.376181082333048,1.3775252103805542,0.358710378408432,0.5,1.429640769958496,2.4131259000269503
GW190924_021846,GW190930_133541,6.470074074075177,129.28690227074384,11.149307250976562,-60.7962646484375,-0.5,1.1633148193359375,1.2987624749908404
GW190924_021846,GW191105_143521,42.511517361112766,114.9179874269779,2.8699138164520264,-5.239499568939209,0.10000000149011612,0.5659993290901184,1.606723482347072
GW190924_021846,GW191109_010717,45.95035185185296,78.4306114467712,2.4161319732666016,-3.6203627586364746,0.10000000149011612,0.5659993290901184,1.6303092257237628
GW190924_021846,GW191127_050227,64.11366550925982,94.57332641798945,3.083512544631958,-5.342060089111328,-0.5,-0.2361980527639389,0.9319454191421305
GW190924_021846,GW191129_134029,66.47340624999944,148.90632013328198,4.628720283508301,-11.39602279663086,-0.5,-0.2361980527639389,0.843758176456372
GW190924_021846,GW191204_171526,71.62267592592647,66.18109747227103,2.371936321258545,-3.2118406295776367,0.10000000149011612,-0.2361980527639389,0.962976033225446
GW190924_021846,GW191215_223052,82.84173032407408,84.61908385369374,2.9088175296783447,-4.712859153747559,0.10000000149011612,-0.15858153998851776,1.0062544240204596
GW190924_021846,GW191216_213338,83.80198611111277,147.34314937945453,6.26235818862915,-19.666404724121094,-0.5,-0.15858153998851776,0.788428180956701
GW190924_021846,GW191219_163120,86.59205555555721,48.301731772496176,1.0798842906951904,-1.9257252216339111,1.0,-0.2258155196905136,0.9904247572275122
GW190924_021846,GW191222_033537,89.05335995370315,86.08344226079862,2.2366464138031006,-3.543395757675171,0.10000000149011612,-0.2258155196905136,0.9668603728664591
GW190924_021846,GW191230_180458,97.65707870370537,84.16055959433244,3.8644073009490967,-7.370080947875977,-0.5,-0.2258155196905136,0.911117575651822
GW190924_021846,GW200112_155838,110.56934259259315,150.6118320294125,3.783742666244507,-8.267762184143066,-0.5,-0.14472180604934692,0.9661031116826213
GW190924_021846,GW200128_022011,126.00098495370536,81.18969368275452,1.7448612451553345,-2.9439198970794678,0.5,-0.667401909828186,0.6049694995907648
GW190924_021846,GW200129_065458,127.19180092592758,166.0499310254739,11.136091232299805,-61.151878356933594,-0.5,-0.667401909828186,-0.24293783101862898
GW190924_021846,GW200202_154313,131.55864236111165,17.419075836513123,2.741333484649658,-1.1971205472946167,0.10000000149011612,-0.667401909828186,0.6304148856337718
GW190924_021846,GW200208_130117,137.44619328703868,41.90580602991283,4.214574813842773,-7.216494560241699,-0.5,-0.7512125372886658,0.4723892513442969
GW190924_021846,GW200209_085452,138.27506134259204,41.6017635741043,1.836100697517395,-1.6680527925491333,0.5,-0.7512125372886658,0.5532126399799007
GW190924_021846,GW200219_094415,148.30935532407352,105.5520700370304,3.3945729732513428,-6.377038955688477,-0.5,-0.7512125372886658,0.48461748575854335
GW190924_021846,GW200224_222234,153.83596759259424,44.059972562053986,6.111145973205566,-16.36534881591797,-0.5,-0.7512125372886658,0.339119148847658
GW190924_021846,GW200225_060421,154.15664930555556,50.79079614002139,1.9919729232788086,-2.202580451965332,0.5,-0.7512125372886658,0.5454262490322597
GW190924_021846,GW200302_015811,159.98570254629684,91.47046710070104,1.5960451364517212,-3.1120779514312744,0.5,-0.7690701484680176,0.5171898350033555
GW190924_021846,GW200311_115853,169.40285300925925,131.9508809527239,24.735952377319336,-303.0234680175781,-0.5,-0.7690701484680176,-3.851578163374861
GW190924_021846,GW200316_215756,174.81885763888835,53.350846663590545,2.0933797359466553,-2.4087624549865723,0.5,-0.7690701484680176,0.5274349351742874
GW190925_232845,GW190929_012149,3.0785219907429484,61.165498319433915,3.442369222640991,-5.421222686767578,-0.5,2.3828184604644775,3.1289322260300825
GW190925_232845,GW190930_133541,4.588149305557211,128.399291867344,7.306082725524902,-26.163721084594727,-0.5,1.6296886205673218,2.194677401262098
GW190925_232845,GW191105_143521,40.6295925925948,135.79496605912044,3.2206614017486572,-6.410871982574463,-0.5,0.5659993290901184,1.5896602613945632
GW190925_232845,GW191109_010717,44.06842708333499,25.989474263640062,0.7416122555732727,-1.1296582221984863,1.0,0.5659993290901184,1.6665909763762
GW190925_232845,GW191127_050227,62.23174074074184,131.61908402322302,3.941541910171509,-8.525979042053223,-0.5,0.21406562626361847,1.2634719116759716
GW190925_232845,GW191129_134029,64.59148148148148,92.4020092808424,2.657135248184204,-4.3694071769714355,0.10000000149011612,-0.2361980527639389,0.946113920428957
GW190925_232845,GW191204_171526,69.74075115740851,108.90357556086396,3.527925968170166,-6.82405948638916,-0.5,-0.2361980527639389,0.9103573376123986
GW190925_232845,GW191215_223052,80.9598055555561,135.83705368478607,4.251869201660156,-9.708813667297363,-0.5,-0.15858153998851776,0.9334790412804586
GW190925_232845,GW191216_213338,81.9200613425948,123.4802169478575,4.57656192779541,-10.804147720336914,-0.5,-0.15858153998851776,0.9175234606758083
GW190925_232845,GW191219_163120,84.71013078703925,103.6205130303183,2.221837043762207,-3.894505023956299,0.10000000149011612,-0.15858153998851776,1.0181752761520981
GW190925_232845,GW191222_033537,87.17143518518519,33.253052596868464,0.8172244429588318,-1.4873270988464355,1.0,-0.2258155196905136,0.9968108424274127
GW190925_232845,GW191230_180458,95.77515393518739,122.89328513209996,4.825143337249756,-11.857379913330078,-0.5,-0.2258155196905136,0.8457517083697965
GW190925_232845,GW200112_155838,108.68741782407518,141.24891309251066,3.368011474609375,-6.885576248168945,-0.5,-0.14472180604934692,0.9862372242402017
GW190925_232845,GW200128_022011,124.1190601851874,17.965122139898963,0.3714228868484497,-1.568093180656433,1.0,-0.667401909828186,0.6250109782711746
GW190925_232845,GW200129_065458,125.30987615740962,124.25391345627986,6.238271713256836,-19.182689666748047,-0.5,-0.667401909828186,0.36842157226092
GW190925_232845,GW200202_154313,129.6767175925937,59.93799038217757,4.089962482452393,-7.474869251251221,-0.5,-0.667401909828186,0.5389677830957289
GW190925_232845,GW200208_130117,135.56426851852072,56.89927678647933,3.4420974254608154,-5.275843620300293,-0.5,-0.667401909828186,0.5710006872211539
GW190925_232845,GW200209_085452,136.39313657407408,75.9477625513907,2.895987033843994,-4.468233108520508,0.10000000149011612,-0.7512125372886658,0.5124227981822743
GW190925_232845,GW200219_094415,146.42743055555556,141.9881308060028,4.203023910522461,-9.614006042480469,-0.5,-0.7512125372886658,0.4374650311036487
GW190925_232845,GW200224_222234,151.95404282407628,21.06955240069648,1.4003781080245972,-0.1441260278224945,0.5,-0.7512125372886658,0.5754114717086369
GW190925_232845,GW200225_060421,152.2747245370376,95.97046210328307,3.342226505279541,-6.041469097137451,-0.5,-0.7512125372886658,0.48950568576633463
GW190925_232845,GW200302_015811,158.10377777777887,30.285731553469784,0.5149542689323425,-2.0227198600769043,1.0,-0.7512125372886658,0.5480462535537225
GW190925_232845,GW200311_115853,167.52092824074128,158.27535891968017,11.11298656463623,-60.803096771240234,-0.5,-0.7690701484680176,-0.3231873069192253
GW190925_232845,GW200316_215756,172.93693287037038,106.35932326484503,3.705425500869751,-7.320562362670898,-0.5,-0.7690701484680176,0.4558854210114689
GW190929_012149,GW190930_133541,1.509627314814263,144.91138346887655,9.685407638549805,-46.05598449707031,-0.5,1.0566281080245972,1.4239399777262638
GW190929_012149,GW191105_143521,37.551070601851855,105.02652796153293,2.552696466445923,-4.433678150177002,0.10000000149011612,0.6552695035934448,1.6933862091414396
GW190929_012149,GW191109_010717,40.98990509259204,68.8157200011984,2.0353612899780273,-2.8542888164520264,0.5,0.5659993290901184,1.6414685195480776
GW190929_012149,GW191127_050227,59.1532187499989,108.67476422366853,3.3860511779785156,-6.411484718322754,-0.5,0.21406562626361847,1.2942734598673513
GW190929_012149,GW191129_134029,61.51295949073853,134.14365854424315,4.0006279945373535,-8.768856048583984,-0.5,0.21406562626361847,1.2599339557035778
GW190929_012149,GW191204_171526,66.66222916666557,56.902408428213775,1.9315093755722046,-2.372859239578247,0.5,-0.2361980527639389,0.9751973598214643
GW190929_012149,GW191215_223052,77.88128356481316,79.9472617821617,2.613646984100342,-3.998239755630493,0.10000000149011612,-0.15858153998851776,1.016664186573411
GW190929_012149,GW191216_213338,78.84153935185185,163.4415364229594,6.445631980895996,-20.980615615844727,-0.5,-0.15858153998851776,0.7692842515260248
GW190929_012149,GW191219_163120,81.63160879629629,43.6500758344886,0.9547898173332214,-1.8421730995178223,1.0,-0.15858153998851776,1.0480713132167767
GW190929_012149,GW191222_033537,84.09291319444223,75.57011456199152,1.9067955017089844,-2.9186313152313232,0.5,-0.15858153998851776,1.0323906943401038
GW190929_012149,GW191230_180458,92.69663194444445,75.17914770371083,3.1664886474609375,-5.089249610900879,-0.5,-0.2258155196905136,0.9443421322532812
GW190929_012149,GW200112_155838,105.60889583333223,144.20618009745107,3.524751901626587,-7.376229763031006,-0.5,-0.14472180604934692,0.9790899419260876
GW190929_012149,GW200128_022011,121.04053819444445,75.78361261506778,1.596063494682312,-2.73581600189209,0.5,-0.667401909828186,0.6080009204295398
GW190929_012149,GW200129_065458,122.23135416666666,172.96547023935514,9.796526908874512,-47.469520568847656,-0.5,-0.667401909828186,-0.04362880566361618
GW190929_012149,GW200202_154313,126.59819560185075,32.35582528711725,2.8403475284576416,-2.6409454345703125,0.10000000149011612,-0.667401909828186,0.6093828869444227
GW190929_012149,GW200208_130117,132.4857465277778,25.714719658992546,1.874169945716858,-0.7354750633239746,0.5,-0.667401909828186,0.6371396119488408
GW190929_012149,GW200209_085452,133.31461458333112,57.891706687976765,2.358001708984375,-2.9230284690856934,0.10000000149011612,-0.667401909828186,0.6052738221509701
GW190929_012149,GW200219_094415,143.3489085648126,98.2834100430595,3.02410626411438,-5.2765116691589355,0.10000000149011612,-0.7512125372886658,0.5006487154816688
GW190929_012149,GW200224_222234,148.87552083333333,40.12951629850805,3.3750791549682617,-4.388389587402344,-0.5,-0.7512125372886658,0.513585867780471
GW190929_012149,GW200225_060421,149.19620254629464,66.47950160691973,2.4446208477020264,-3.3355157375335693,0.10000000149011612,-0.7512125372886658,0.5289229364413894
GW190929_012149,GW200302_015811,155.02525578703595,83.75710032005979,1.4419662952423096,-2.9048831462860107,0.5,-0.7512125372886658,0.5351959022106658
GW190929_012149,GW200311_115853,164.44240624999836,129.0720518402119,11.889826774597168,-69.19478607177734,-0.5,-0.7690701484680176,-0.44542789158136026
GW190929_012149,GW200316_215756,169.85841087962743,67.35575340572983,2.4778871536254883,-3.4165494441986084,0.10000000149011612,-0.7690701484680176,0.5127546406156832
GW190930_133541,GW191105_143521,36.04144328703759,88.13953410664756,2.146608352661133,-3.4754512310028076,0.5,0.6552695035934448,1.7073445689714863
GW190930_133541,GW191109_010717,39.48027777777778,136.9312090086871,4.062220573425293,-9.027739524841309,-0.5,0.6552695035934448,1.6264651485181927
GW190930_133541,GW191127_050227,57.64359143518463,37.224206542583914,1.1637011766433716,-1.3492307662963867,1.0,0.21406562626361847,1.368014617415248
GW190930_133541,GW191129_134029,60.00333217592427,80.94012540067143,2.421314001083374,-3.6916024684906006,0.10000000149011612,0.21406562626361847,1.3338936107719332
GW190930_133541,GW191204_171526,65.1526018518513,122.0967894522281,4.160963535308838,-9.156366348266602,-0.5,-0.2361980527639389,0.8763829441146365
GW190930_133541,GW191215_223052,76.37165624999889,95.3368459445485,3.12825608253479,-5.468297481536865,-0.5,-0.15858153998851776,0.9952500577292481
GW190930_133541,GW191216_213338,77.33191203703758,18.678475634551557,0.7405836582183838,-0.4710322916507721,1.0,-0.15858153998851776,1.0680445329112966
GW190930_133541,GW191219_163120,80.12198148148204,120.69306263438541,2.644351005554199,-4.879369258880615,0.10000000149011612,-0.15858153998851776,1.0038288942046316
GW190930_133541,GW191222_033537,82.58328587962798,132.99234819736745,3.363034248352051,-6.75131893157959,-0.5,-0.15858153998851776,0.9765604606087679
GW190930_133541,GW191230_180458,91.18700462963018,108.59343033103202,4.601965427398682,-10.652721405029297,-0.5,-0.2258155196905136,0.8632998032883581
GW190930_133541,GW200112_155838,104.09926851851796,54.352613433683395,1.3312420845031738,-2.0462865829467773,0.5,-0.14472180604934692,1.0567304916670976
GW190930_133541,GW200128_022011,119.53091087963018,122.96009804256103,2.5935873985290527,-4.822406768798828,0.10000000149011612,-0.667401909828186,0.5776058395152635
GW190930_133541,GW200129_065458,120.72172685185241,37.060169304382306,2.122525453567505,-1.7138526439666748,0.5,-0.667401909828186,0.6228877202027494
GW190930_133541,GW200202_154313,125.08856828703648,116.71723683927767,10.528095245361328,-53.97323226928711,-0.5,-0.667401909828186,-0.1383674801143971
GW190930_133541,GW200208_130117,130.9761192129635,169.45512183618376,12.581829071044922,-78.09330749511719,-0.5,-0.667401909828186,-0.4897213007940343
GW190930_133541,GW200209_085452,131.80498726851687,89.7777139979401,3.6777503490448,-6.894418239593506,-0.5,-0.667401909828186,0.5474231332036297
GW190930_133541,GW200219_094415,141.83928124999835,87.3869292223822,2.6976053714752197,-4.335923194885254,0.10000000149011612,-0.7512125372886658,0.5143501385091301
GW190930_133541,GW200224_222234,147.36589351851907,141.55332096343977,12.205151557922363,-73.12592315673828,-0.5,-0.7512125372886658,-0.48770433623255766
GW190930_133541,GW200225_060421,147.6865752314804,78.55245519137506,2.9020676612854004,-4.549107551574707,0.10000000149011612,-0.7512125372886658,0.5112447112859283
GW190930_133541,GW200302_015811,153.51562847222166,120.9411760861753,2.084249496459961,-4.035262107849121,0.5,-0.7512125372886658,0.5187298272402296
GW190930_133541,GW200311_115853,162.93277893518407,57.1085128015135,5.420878887176514,-13.143776893615723,-0.5,-0.7690701484680176,0.37105945529915707
GW190930_133541,GW200316_215756,168.34878356481315,77.90399020138487,2.879335403442383,-4.482544898986816,0.10000000149011612,-0.7690701484680176,0.49722643133937594
GW191105_143521,GW191109_010717,3.438834490740189,110.81924554756661,2.171182155609131,-3.9636964797973633,0.10000000149011612,1.4540684223175049,2.3706641164181312
GW191105_143521,GW191127_050227,21.602148148147045,92.28418168747051,1.8485925197601318,-3.2709667682647705,0.5,1.0970654487609863,2.081122501266883
GW191105_143521,GW191129_134029,23.96188888888668,66.94280699870004,1.3163127899169922,-2.465770959854126,0.5,1.0970654487609863,2.0928516779394886
GW191105_143521,GW191204_171526,29.11115856481371,48.84870698160913,1.011997103691101,-2.007096529006958,1.0,0.685893177986145,1.754436332979308
GW191105_143521,GW191215_223052,40.330212962961305,34.51715327260316,0.7049149870872498,-1.7721447944641113,1.0,0.5659993290901184,1.657231962783276
GW191105_143521,GW191216_213338,41.29046875,82.31288414081727,1.7940653562545776,-3.002845287322998,0.5,0.5659993290901184,1.6393045178549444
GW191105_143521,GW191219_163120,44.08053819444444,67.33815200823871,1.1298445463180542,-2.5549914836883545,1.0,0.5659993290901184,1.6458283426581286
GW191105_143521,GW191222_033537,46.541842592590385,104.97362131622202,1.9061696529388428,-3.5753910541534424,0.5,0.3182103931903839,1.42299512541594
GW191105_143521,GW191230_180458,55.14556134259259,30.758073285522016,0.6833866238594055,-1.5886259078979492,1.0,0.21406562626361847,1.36452738129072
GW191105_143521,GW200112_155838,68.05782523148038,39.370825715692206,0.7030631303787231,-2.0392391681671143,1.0,-0.2361980527639389,0.9800571575479733
GW191105_143521,GW200128_022011,83.48946759259259,125.10789200820656,2.0521738529205322,-4.067685604095459,0.5,-0.15858153998851776,1.015652578443666
GW191105_143521,GW200129_065458,84.68028356481481,67.99865862173563,1.6145431995391846,-2.525669813156128,0.5,-0.15858153998851776,1.038114910531033
GW191105_143521,GW200202_154313,89.0471249999989,130.77582886829325,3.2777793407440186,-6.485979080200195,-0.5,-0.2258155196905136,0.9239961660446594
GW191105_143521,GW200208_130117,94.93467592592593,91.91245547208173,2.2625129222869873,-3.7096261978149414,0.10000000149011612,-0.2258155196905136,0.9644389168921502
GW191105_143521,GW200209_085452,95.76354398147927,135.39022270928385,2.9795196056365967,-5.812989711761475,0.10000000149011612,-0.2258155196905136,0.9337995096770415
GW191105_143521,GW200219_094415,105.79783796296076,13.18894331558559,0.26281824707984924,-1.6073025465011597,1.0,-0.14472180604934692,1.0631251117907268
GW191105_143521,GW200224_222234,111.32445023148148,130.21308958257592,3.251843214035034,-6.408565998077393,-0.5,-0.14472180604934692,0.9931857669915748
GW191105_143521,GW200225_060421,111.6451319444428,117.58073667490737,2.505927801132202,-4.578192710876465,0.10000000149011612,-0.14472180604934692,1.0198485630942706
GW191105_143521,GW200302_015811,117.47418518518408,113.82372965023933,1.6367833614349365,-3.564789295196533,0.5,-0.667401909828186,0.5959253804025342
GW191105_143521,GW200311_115853,126.8913356481465,31.052707155748855,0.7812390923500061,-1.411710500717163,1.0,-0.667401909828186,0.6272889832761483
GW191105_143521,GW200316_215756,132.30734027777558,105.0231196971371,2.2386116981506348,-3.9437637329101562,0.10000000149011612,-0.667401909828186,0.5904049118557362
GW191109_010717,GW191127_050227,18.163313657406857,156.74803299861694,3.5565056800842285,-7.637511730194092,-0.5,0.95906662940979,1.9016932635951926
GW191109_010717,GW191129_134029,20.523054398146492,72.60859234919818,1.6088796854019165,-2.6547603607177734,0.5,0.5892588496208191,1.6638967333741537
GW191109_010717,GW191204_171526,25.672324074073522,98.10876210598228,2.325204849243164,-3.9292490482330322,0.10000000149011612,0.685893177986145,1.7264366014181132
GW191109_010717,GW191215_223052,36.89137847222112,122.49233936744187,2.849388360977173,-5.322818279266357,0.10000000149011612,0.6552695035934448,1.6804342270870642
GW191109_010717,GW191216_213338,37.85163425925981,123.04502461470096,3.1199381351470947,-5.957904815673828,-0.5,0.6552695035934448,1.671183008799403
GW191109_010717,GW191219_163120,40.64170370370426,102.36816369505061,1.8682178258895874,-3.4937238693237305,0.5,0.5659993290901184,1.632153957018755
GW191109_010717,GW191222_033537,43.10300810185019,8.228514161995598,0.1651293933391571,-1.572319746017456,1.0,0.5659993290901184,1.660142786799448
GW191109_010717,GW191230_180458,51.7067268518524,106.26595457889097,2.7659058570861816,-4.863694190979004,0.10000000149011612,0.3182103931903839,1.404228590690025
GW191109_010717,GW200112_155838,64.61899074074019,119.7425598491081,2.3545877933502197,-4.371421813964844,0.10000000149011612,-0.2361980527639389,0.9460845734887717
GW191109_010717,GW200128_022011,80.0506331018524,16.93158815997639,0.3008709251880646,-1.8471945524215698,1.0,-0.15858153998851776,1.0479981664024913
GW191109_010717,GW200129_065458,81.24144907407462,113.92266494036696,3.2560882568359375,-6.152464866638184,-0.5,-0.15858153998851776,0.9852838854644819
GW191109_010717,GW200202_154313,85.60829050925871,80.3359268666921,2.488516330718994,-3.7868402004241943,0.10000000149011612,-0.15858153998851776,1.019743614838716
GW191109_010717,GW200208_130117,91.49584143518574,52.449179730878825,1.580929160118103,-1.9947556257247925,0.5,-0.2258155196905136,0.9894192008188647
GW191109_010717,GW200209_085452,92.32470949073908,100.67349813932208,2.5863382816314697,-4.409275054931641,0.10000000149011612,-0.2258155196905136,0.9542472281523555
GW191109_010717,GW200219_094415,102.35900347222056,119.47357333921465,2.6926956176757812,-4.9518327713012695,0.10000000149011612,-0.14472180604934692,1.014405799688266
GW191109_010717,GW200224_222234,107.88561574074129,36.71337669455866,1.1309682130813599,-1.3411017656326294,1.0,-0.14472180604934692,1.06700282197821
GW191109_010717,GW200225_060421,108.2062974537026,120.16563542667703,2.9565460681915283,-5.521704196929932,0.10000000149011612,-0.14472180604934692,1.0061045609559607
GW191109_010717,GW200302_015811,114.03535069444389,16.08155062720079,0.24563266336917877,-2.134772539138794,1.0,-0.14472180604934692,1.0554415289050223
GW191109_010717,GW200311_115853,123.4525011574063,133.32514233448717,4.153754234313965,-9.305817604064941,-0.5,-0.667401909828186,0.5122966100912902
GW191109_010717,GW200316_215756,128.8685057870354,128.7757718943951,3.168987274169922,-6.171984672546387,-0.5,-0.667401909828186,0.5579467236813824
GW191127_050227,GW191129_134029,2.359740740739637,116.51644293805764,2.6565771102905273,-4.832111835479736,0.10000000149011612,1.762874722480774,2.617195086036933
GW191127_050227,GW191204_171526,7.5090104166666665,99.21905033670288,2.4299299716949463,-4.112638473510742,0.10000000149011612,1.2453101873397827,2.193283760233337
GW191127_050227,GW191215_223052,18.728064814814264,78.19422542978623,1.877256155014038,-2.962237596511841,0.5,0.5892588496208191,1.6594177547409292
GW191127_050227,GW191216_213338,19.688320601852954,55.58263829564889,1.463544487953186,-2.086423635482788,0.5,0.5892588496208191,1.6721756163367583
GW191127_050227,GW191219_163120,22.4783900462974,88.61217636702328,1.648502230644226,-3.069007158279419,0.5,1.0970654487609863,2.0840644191476083
GW191127_050227,GW191222_033537,24.93969444444334,160.68239954546272,3.300570011138916,-6.9589738845825195,-0.5,1.0970654487609863,2.027399808494172
GW191127_050227,GW191230_180458,33.54341319444555,94.88429810071096,2.5700318813323975,-4.261435031890869,0.10000000149011612,0.9485506415367126,1.9420460426365735
GW191127_050227,GW200112_155838,46.455677083333335,76.52468130982498,1.5387672185897827,-2.738588809967041,0.5,0.3182103931903839,1.4351847086944087
GW191127_050227,GW200128_022011,61.887319444445545,140.6690027112199,2.545503854751587,-5.005380153656006,0.10000000149011612,0.21406562626361847,1.3147559918016496
GW191127_050227,GW200129_065458,63.07813541666777,71.51854879917751,2.145578384399414,-3.056272029876709,0.5,0.21406562626361847,1.3431483819495127
GW191127_050227,GW200202_154313,67.44497685185185,86.59297437288157,2.8408281803131104,-4.61082124710083,0.10000000149011612,-0.2361980527639389,0.9425972748500515
GW191127_050227,GW200208_130117,73.33252777777888,132.27452263635578,4.209031581878662,-9.49468994140625,-0.5,-0.2361980527639389,0.8714546308335742
GW191127_050227,GW200209_085452,74.16139583333224,61.8405668962413,1.6515079736709595,-2.3509039878845215,0.5,-0.15858153998851776,1.0406607002874286
GW191127_050227,GW200219_094415,84.1956898148137,83.72464326112389,1.9436135292053223,-3.1562087535858154,0.5,-0.15858153998851776,1.028929936448945
GW191127_050227,GW200224_222234,89.72230208333444,127.34159609323251,4.151808261871338,-9.206836700439453,-0.5,-0.2258155196905136,0.884361807053415
GW191127_050227,GW200225_060421,90.04298379629574,45.07187874796971,1.1489535570144653,-1.7402842044830322,1.0,-0.2258155196905136,0.993126051036783
GW191127_050227,GW200302_015811,95.87203703703703,147.57526652820823,2.2844173908233643,-4.687159061431885,0.10000000149011612,-0.2258155196905136,0.9501993300228726
GW191127_050227,GW200311_115853,105.28918749999944,67.16271859940693,2.217658281326294,-3.0217602252960205,0.10000000149011612,-0.14472180604934692,1.042520901191001
GW191127_050227,GW200316_215756,110.70519212962853,41.39604852158727,1.0554646253585815,-1.636834740638733,1.0,-0.14472180604934692,1.0626949203777174
GW191129_134029,GW191204_171526,5.149269675927029,106.66126543748379,2.541367769241333,-4.444609642028809,0.10000000149011612,1.429640769958496,2.343156597471861
GW191129_134029,GW191215_223052,16.368324074074625,101.41385649440561,2.3711681365966797,-4.064296245574951,0.10000000149011612,0.95906662940979,1.9537438024462532
GW191129_134029,GW191216_213338,17.32857986111332,62.31881674192559,1.589806318283081,-2.3424675464630127,0.5,0.95906662940979,1.9788254444529485
GW191129_134029,GW191219_163120,20.118649305557764,127.99263606453978,2.3432183265686035,-4.487653732299805,0.10000000149011612,0.5892588496208191,1.6371972275486462
GW191129_134029,GW191222_033537,22.579953703703705,64.52103365487778,1.2997387647628784,-2.3957395553588867,0.5,1.0970654487609863,2.0938718157834457
GW191129_134029,GW191230_180458,31.18367245370591,93.15881473144732,2.4403560161590576,-4.003415107727051,0.10000000149011612,0.9485506415367126,1.9458045834088404
GW191129_134029,GW200112_155838,44.095936342593696,48.87324785129699,0.9645466804504395,-2.057252883911133,1.0,0.5659993290901184,1.6530788324304067
GW191129_134029,GW200128_022011,59.52757870370591,74.44316749988526,1.3267878293991089,-2.676156520843506,0.5,0.21406562626361847,1.348685472325391
GW191129_134029,GW200129_065458,60.71839467592813,45.00162683726155,1.2962181568145752,-1.6760092973709106,0.5,0.21406562626361847,1.3632544794665007
GW191129_134029,GW200202_154313,65.08523611111221,152.26748354460193,4.759861946105957,-12.000406265258789,-0.5,-0.2361980527639389,0.8349542055371342
GW191129_134029,GW200208_130117,70.97278703703924,108.7628736639617,3.3067307472229004,-6.195076942443848,-0.5,-0.2361980527639389,0.9195196398808144
GW191129_134029,GW200209_085452,71.8016550925926,155.86054553862218,4.029211044311523,-9.169476509094238,-0.5,-0.2361980527639389,0.8761919702037599
GW191129_134029,GW200219_094415,81.83594907407408,79.83891449135778,1.808071494102478,-2.9514849185943604,0.5,-0.15858153998851776,1.0319121204154116
GW191129_134029,GW200224_222234,87.3625613425948,109.11450546281229,3.3917291164398193,-6.435452461242676,-0.5,-0.2258155196905136,0.9247321803584845
GW191129_134029,GW200225_060421,87.6832430555561,158.75545291644036,3.92844557762146,-8.85600757598877,-0.5,-0.2258155196905136,0.8894722866902876
GW191129_134029,GW200302_015811,93.51229629629741,62.322313798780634,0.95401930809021,-2.555281400680542,1.0,-0.2258155196905136,0.9812540988954175
GW191129_134029,GW200311_115853,102.92944675925982,66.8132383101449,2.1008453369140625,-2.867321491241455,0.5,-0.14472180604934692,1.0447705890034542
GW191129_134029,GW200316_215756,108.34545138888889,157.64709079906572,3.901763439178467,-8.7511625289917,-0.5,-0.14472180604934692,0.9590614852991954
GW191204_171526,GW191215_223052,11.219054398147597,26.93793994499742,0.6792407035827637,-1.332737922668457,1.0,1.0945045948028564,2.1072070903262925
GW191204_171526,GW191216_213338,12.179310185186289,126.06384528444154,3.523380994796753,-7.103264808654785,-0.5,1.0493223667144775,1.9852271846471716
GW191204_171526,GW191219_163120,14.969379629630733,21.356128355249997,0.408942848443985,-1.7360775470733643,1.0,0.9412388801574707,1.9726958183802723
GW191204_171526,GW191222_033537,17.430684027776675,98.6911655063201,2.1003475189208984,-3.6469380855560303,0.5,0.95906662940979,1.9598234014002993
GW191204_171526,GW191230_180458,26.034402777778883,18.31245774976162,0.5284442901611328,-0.971848726272583,1.0,0.685893177986145,1.7695166454341962
GW191204_171526,GW200112_155838,38.946666666666665,87.36615178692702,1.8173673152923584,-3.138273239135742,0.5,0.6552695035934448,1.7122561944362655
GW191204_171526,GW200128_022011,54.37830902777888,114.08522344261326,2.1215553283691406,-3.9615142345428467,0.5,0.21406562626361847,1.3299618431733278
GW191204_171526,GW200129_065458,55.5691250000011,116.06514501883822,3.7678213119506836,-7.694971084594727,-0.5,0.21406562626361847,1.2755770903760593
GW191204_171526,GW200202_154313,59.935966435185186,82.74476383222635,2.9878475666046143,-4.84745454788208,0.10000000149011612,0.21406562626361847,1.3170564723951923
GW191204_171526,GW200208_130117,65.82351736111221,52.05441187232501,1.8118263483047485,-2.098688840866089,0.5,-0.2361980527639389,0.9791911623367076
GW191204_171526,GW200209_085452,66.65238541666557,97.16829969878489,2.759462833404541,-4.671557426452637,0.10000000149011612,-0.2361980527639389,0.9417125392731952
GW191204_171526,GW200219_094415,76.68667939814705,41.4671507908471,1.0076758861541748,-1.6836384534835815,1.0,-0.15858153998851776,1.0503806656160832
GW191204_171526,GW200224_222234,82.21329166666777,91.33421848713763,3.2733347415924072,-5.756215572357178,-0.5,-0.15858153998851776,0.9910559944725892
GW191204_171526,GW200225_060421,82.53397337962907,89.03730783153237,2.399672031402588,-3.8480827808380127,0.10000000149011612,-0.15858153998851776,1.0188515025871907
GW191204_171526,GW200302_015811,88.36302662037038,112.31007776789446,1.7733228206634521,-3.61057710647583,0.5,-0.2258155196905136,0.9658817513920848
GW191204_171526,GW200311_115853,97.78017708333279,73.26646933986464,2.6663970947265625,-3.9230098724365234,0.10000000149011612,-0.2258155196905136,0.9613305862320258
GW191204_171526,GW200316_215756,103.19618171296186,79.06780662463086,2.1314635276794434,-3.239985466003418,0.5,-0.14472180604934692,1.039342044103144
GW191215_223052,GW191216_213338,0.9602557870386927,99.8327496638177,2.7192118167877197,-4.6447882652282715,0.10000000149011612,2.1476545333862305,2.9428694095891994
GW191215_223052,GW191219_163120,3.7503252314831372,36.76046743379132,0.6953321695327759,-1.9187438488006592,1.0,1.4540684223175049,2.4004526603294756
GW191215_223052,GW191222_033537,6.211629629629078,121.03173073419133,2.5371646881103516,-4.690036773681641,0.10000000149011612,0.2738181948661804,1.3694998725699132
GW191215_223052,GW191230_180458,14.815348379631285,16.719230748491523,0.46940791606903076,-0.9972805380821228,1.0,0.9412388801574707,1.983457772867785
GW191215_223052,GW200112_155838,27.72761226851907,66.23378555152851,1.3580141067504883,-2.437858819961548,0.5,0.685893177986145,1.7481614778922259
GW191215_223052,GW200128_022011,43.159254629631285,139.29262397081393,2.5604946613311768,-5.012242794036865,0.10000000149011612,0.5659993290901184,1.610033900552226
GW191215_223052,GW200129_065458,44.35007060185351,93.3067566288698,2.9263436794281006,-4.947443962097168,0.10000000149011612,0.5659993290901184,1.610977816230947
GW191215_223052,GW200202_154313,48.71691203703759,98.10610516239515,3.395714282989502,-6.233932018280029,-0.5,0.3182103931903839,1.3842685245893018
GW191215_223052,GW200208_130117,54.60446296296462,78.95453476743536,2.641835927963257,-4.025867938995361,0.10000000149011612,0.21406562626361847,1.329024411605533
GW191215_223052,GW200209_085452,55.43333101851797,101.60458952697822,2.8097035884857178,-4.864659786224365,0.10000000149011612,0.21406562626361847,1.3168058460529997
GW191215_223052,GW200219_094415,65.46762499999944,22.077753208987478,0.5260812640190125,-1.3535441160202026,1.0,-0.2361980527639389,0.9900455831286257
GW191215_223052,GW200224_222234,70.99423726852018,117.54502844592653,4.040556907653809,-8.64535140991211,-0.5,-0.2361980527639389,0.8838268284862302
GW191215_223052,GW200225_060421,71.31491898148148,86.02366444518267,2.263422727584839,-3.5784528255462646,0.10000000149011612,-0.2361980527639389,0.957635643755044
GW191215_223052,GW200302_015811,77.14397222222277,134.1505706956832,2.1005074977874756,-4.261056900024414,0.5,-0.15858153998851776,1.0128357653533964
GW191215_223052,GW200311_115853,86.56112268518518,49.14577581427508,1.7133450508117676,-1.9218852519989014,0.5,-0.2258155196905136,0.9904806935374084
GW191215_223052,GW200316_215756,91.97712731481427,73.65700589622763,1.9384539127349854,-2.895282030105591,0.5,-0.2258155196905136,0.9763013564572827
GW191216_213338,GW191219_163120,2.7900694444444443,132.26811591891433,2.644148111343384,-5.06214714050293,0.10000000149011612,2.0915067195892334,2.8896649530019625
GW191216_213338,GW191222_033537,5.251373842590385,117.41645696499022,2.6367735862731934,-4.810052394866943,0.10000000149011612,1.429640769958496,2.3378332431188094
GW191216_213338,GW191230_180458,13.855092592592593,109.04502194838575,3.4905436038970947,-6.7167768478393555,-0.5,0.9412388801574707,1.9001426562281711
GW191216_213338,GW200112_155838,26.767356481480377,43.83409820620166,0.9597235321998596,-1.8450019359588623,1.0,0.685893177986145,1.7567975426374756
GW191216_213338,GW200128_022011,42.198998842592594,112.50807129155478,2.1786723136901855,-4.003348350524902,0.10000000149011612,0.5659993290901184,1.6247303272454052
GW191216_213338,GW200129_065458,43.38981481481481,19.79184769568241,0.7355661392211914,-0.5967217087745667,1.0,0.5659993290901184,1.6743541893188634
GW191216_213338,GW200202_154313,47.7566562499989,132.9257128718248,5.709524154663086,-16.3360652923584,-0.5,0.3182103931903839,1.2371121376531091
GW191216_213338,GW200208_130117,53.64420717592593,170.74110985311376,6.967504978179932,-24.412267684936523,-0.5,0.3182103931903839,1.1194672074177519
GW191216_213338,GW200209_085452,54.47307523147927,106.41148541953642,3.340040683746338,-6.242020130157471,-0.5,0.21406562626361847,1.296742027231437
GW191216_213338,GW200219_094415,64.50736921296075,85.73440593383263,2.2372639179229736,-3.5360991954803467,0.10000000149011612,-0.2361980527639389,0.958252603263005
GW191216_213338,GW200224_222234,70.03398148148148,142.55390269571163,6.058568954467773,-18.41104507446289,-0.5,-0.2361980527639389,0.7415713111007631
GW191216_213338,GW200225_060421,70.3546631944428,96.96311398592853,2.8570737838745117,-4.871923923492432,0.10000000149011612,-0.2361980527639389,0.9387938280497851
GW191216_213338,GW200302_015811,76.18371643518408,107.15645415230972,1.7414807081222534,-3.4969091415405273,0.5,-0.15858153998851776,1.0239670007244857
GW191216_213338,GW200311_115853,85.60086689814649,53.45329267095157,2.3216373920440674,-2.7094943523406982,0.10000000149011612,-0.15858153998851776,1.035437163734124
GW191216_213338,GW200316_215756,91.01687152777556,96.55808376814679,2.845909595489502,-4.839547634124756,0.10000000149011612,-0.2258155196905136,0.9479795066291952
GW191219_163120,GW191222_033537,2.4613043981459404,105.85037171884154,1.8073582649230957,-3.5150156021118164,0.5,1.762874722480774,2.6363810458427714
GW191219_163120,GW191230_180458,11.065023148148148,37.03876690661807,0.7524521350860596,-1.8172811269760132,1.0,1.0945045948028564,2.1001488160662065
GW191219_163120,GW200112_155838,23.977287037035932,102.91107494160742,1.7313350439071655,-3.410128593444824,0.5,1.0970654487609863,2.079095350086301
GW191219_163120,GW200128_022011,39.408929398148146,115.02548094413555,1.793375849723816,-3.6716294288635254,0.5,0.6552695035934448,1.7044868681265655
GW191219_163120,GW200129_065458,40.59974537037037,129.83337204585823,2.786451816558838,-5.306545734405518,0.10000000149011612,0.5659993290901184,1.605746830069749
GW191219_163120,GW200202_154313,44.96658680555445,63.437711011000395,1.4223958253860474,-2.3484597206115723,0.5,0.5659993290901184,1.648836862464527
GW191219_163120,GW200208_130117,50.85413773148148,50.183155190700376,1.1090161800384521,-1.9807937145233154,1.0,0.3182103931903839,1.446223405696121
GW191219_163120,GW200209_085452,51.68300578703483,75.81824167415974,1.5279967784881592,-2.7175729274749756,0.5,0.3182103931903839,1.435490844166185
GW191219_163120,GW200219_094415,61.71729976851631,57.25404364215896,1.060338020324707,-2.281402587890625,1.0,0.21406562626361847,1.3544357986105582
GW191219_163120,GW200224_222234,67.24391203703703,83.092058460954,1.857673168182373,-3.0681467056274414,0.5,-0.2361980527639389,0.9650692028659074
GW191219_163120,GW200225_060421,67.56459374999834,68.6707902171999,1.3470438718795776,-2.511509656906128,0.5,-0.2361980527639389,0.9731776582487757
GW191219_163120,GW200302_015811,73.39364699073964,118.3581078251032,1.6361125707626343,-3.642638921737671,0.5,-0.2361980527639389,0.9567006537137521
GW191219_163120,GW200311_115853,82.81079745370205,85.74960993492508,1.9284589290618896,-3.1903207302093506,0.5,-0.15858153998851776,1.0284330319739219
GW191219_163120,GW200316_215756,88.22680208333112,59.920074795984625,1.1755311489105225,-2.294942855834961,1.0,-0.2258155196905136,0.9850464146964776
GW191222_033537,GW191230_180458,8.603718750002207,104.37893723575652,2.39231014251709,-4.154533863067627,0.10000000149011612,1.549420952796936,2.447913571399754
GW191222_033537,GW200112_155838,21.515982638889994,111.52494069261232,2.0314888954162598,-3.8158552646636963,0.5,0.5892588496208191,1.6469832234927178
GW191222_033537,GW200128_022011,36.947625000002205,20.49259095357987,0.34180542826652527,-1.9869927167892456,1.0,0.6552695035934448,1.7290267395698606
GW191222_033537,GW200129_065458,38.13844097222443,106.64791241765641,2.6241347789764404,-4.594027996063232,0.10000000149011612,0.6552695035934448,1.6910504149753756
GW191222_033537,GW200202_154313,42.50528240740851,88.54292507902852,2.309579849243164,-3.7013463973999023,0.10000000149011612,0.5659993290901184,1.6291295481885286
GW191222_033537,GW200208_130117,48.39283333333554,57.03984890978736,1.4590952396392822,-2.1377696990966797,0.5,0.3182103931903839,1.4439367581040878
GW191222_033537,GW200209_085452,49.22170138888889,108.66397252477991,2.4653494358062744,-4.352250576019287,0.10000000149011612,0.3182103931903839,1.4116787195348084
GW191222_033537,GW200219_094415,59.25599537037037,114.7477517921045,2.3441219329833984,-4.270527362823486,0.10000000149011612,0.21406562626361847,1.325460491405349
GW191222_033537,GW200224_222234,64.7826076388911,44.92440813359997,1.1672226190567017,-1.7233357429504395,1.0,-0.2361980527639389,0.9846588793243962
GW191222_033537,GW200225_060421,65.10328935185241,128.29988529416363,2.81349778175354,-5.339191913604736,0.10000000149011612,-0.2361980527639389,0.9319871994605244
GW191222_033537,GW200302_015811,70.9323425925937,13.625850026223794,0.19846053421497345,-2.219383955001831,1.0,-0.2361980527639389,0.9774330131977884
GW191222_033537,GW200311_115853,80.34949305555611,125.53968290715642,3.287975549697876,-6.431514263153076,-0.5,-0.15858153998851776,0.9812190112588302
GW191222_033537,GW200316_215756,85.76549768518518,136.99242116402874,3.0045671463012695,-5.894719123840332,0.10000000149011612,-0.15858153998851776,0.989038432274475
GW191230_180458,GW200112_155838,12.912263888887786,69.0616204716972,1.5416468381881714,-2.5340564250946045,0.5,1.0493223667144775,2.051786215164874
GW191230_180458,GW200128_022011,28.34390625,123.18733843624736,2.4217443466186523,-4.53228235244751,0.10000000149011612,0.685893177986145,1.7176522981583155
GW191230_180458,GW200129_065458,29.53472222222222,97.786349856401,3.851235866546631,-7.626213550567627,-0.5,0.9485506415367126,1.8930317764201976
GW191230_180458,GW200202_154313,33.90156365740631,100.25078456177916,4.660372257232666,-10.738116264343262,-0.5,0.9485506415367126,1.8477011172978122
GW191230_180458,GW200208_130117,39.78911458333334,67.60685165018701,2.9612691402435303,-4.3821635246276855,0.10000000149011612,0.6552695035934448,1.6941366156114928
GW191230_180458,GW200209_085452,40.61798263888668,110.94401261313523,3.6268398761749268,-7.159734725952148,-0.5,0.5659993290901184,1.5787516807377078
GW191230_180458,GW200219_094415,50.65227662036816,23.453462590854762,0.6292474269866943,-1.1758970022201538,1.0,0.3182103931903839,1.457948225476838
GW191230_180458,GW200224_222234,56.17888888888889,107.76177283731293,4.947878837585449,-12.144104957580566,-0.5,0.21406562626361847,1.2107671687504946
GW191230_180458,GW200225_060421,56.499570601850195,98.55470515689241,3.0093982219696045,-5.247405052185059,0.10000000149011612,0.21406562626361847,1.3112304483694002
GW191230_180458,GW200302_015811,62.32862384259149,117.43261719256647,1.928788661956787,-3.819481134414673,0.5,0.21406562626361847,1.3320308198214423
GW191230_180458,GW200311_115853,71.7457743055539,55.657165904777486,2.6213271617889404,-3.288161277770996,0.10000000149011612,-0.2361980527639389,0.9618642808329507
GW191230_180458,GW200316_215756,77.16177893518298,86.84015891894434,2.6524617671966553,-4.236361980438232,0.10000000149011612,-0.15858153998851776,1.0131954928528648
GW200112_155838,GW200128_022011,15.431642361112216,123.28412221678643,2.027433395385742,-4.012108325958252,0.5,0.9412388801574707,1.9395411908487104
GW200112_155838,GW200129_065458,16.622458333334436,28.7665950292214,0.6867047548294067,-1.4473360776901245,1.0,0.95906662940979,1.991864701529026
GW200112_155838,GW200202_154313,20.989299768518517,158.81253963752334,4.004400730133057,-9.119695663452148,-0.5,0.5892588496208191,1.5697229093791991
GW200112_155838,GW200208_130117,26.876850694445547,128.9958679102096,3.1937453746795654,-6.23859977722168,-0.5,0.685893177986145,1.6927966067529827
GW200112_155838,GW200209_085452,27.705718749998898,138.33124752437797,3.0583083629608154,-6.041626453399658,-0.5,0.685893177986145,1.6956658900884976
GW200112_155838,GW200219_094415,37.74001273148038,46.230244680258025,0.9247234463691711,-1.992769479751587,1.0,0.6552695035934448,1.7289425902577638
GW200112_155838,GW200224_222234,43.266625000001106,155.88753844622207,3.9162275791168213,-8.777854919433594,-0.5,0.5659993290901184,1.5551807462785256
GW200112_155838,GW200225_060421,43.58730671296241,119.88554302919314,2.5661163330078125,-4.722187519073486,0.10000000149011612,0.5659993290901184,1.614259095876556
GW200112_155838,GW200302_015811,49.416359953703704,111.16858240285607,1.6017436981201172,-3.504124641418457,0.5,0.3182103931903839,1.4240332534551823
GW200112_155838,GW200311_115853,58.833510416666115,19.18572475590443,0.48560476303100586,-1.2123825550079346,1.0,0.21406562626361847,1.370008066500261
GW200112_155838,GW200316_215756,64.24951504629519,111.2579759187132,2.3817856311798096,-4.265876770019531,0.10000000149011612,-0.2361980527639389,0.9476220336374976
GW200128_022011,GW200129_065458,1.1908159722222222,108.70789747133226,2.2494184970855713,-4.027350425720215,0.10000000149011612,1.2006195783615112,2.1570173216599993
GW200128_022011,GW200202_154313,5.557657407406303,77.90221435220067,1.6786973476409912,-2.825308084487915,0.5,0.2738181948661804,1.3966631190915293
GW200128_022011,GW200208_130117,11.445208333333333,65.10426350810518,1.384245753288269,-2.401160717010498,0.5,1.0945045948028564,2.091643522328325
GW200128_022011,GW200209_085452,12.274076388886682,92.55908997137435,1.8060377836227417,-3.2457332611083984,0.5,1.0493223667144775,2.0414193165096464
GW200128_022011,GW200219_094415,22.308370370368163,135.23920722673486,2.43682861328125,-4.743185520172119,0.10000000149011612,1.0970654487609863,2.0596768930539815
GW200128_022011,GW200224_222234,27.83498263888889,37.161829839988776,0.7986430525779724,-1.7405850887298584,1.0,0.685893177986145,1.7583185684996978
GW200128_022011,GW200225_060421,28.155664351850195,112.65823983064669,2.143129348754883,-3.9621083736419678,0.5,0.685893177986145,1.7259579441411648
GW200128_022011,GW200302_015811,33.98471759259149,12.715026371156023,0.1730666309595108,-2.350125312805176,1.0,0.9485506415367126,1.9698878286183903
GW200128_022011,GW200311_115853,43.4018680555539,140.80802438158634,3.042673349380493,-6.039675712585449,-0.5,0.5659993290901184,1.5950674264411713
GW200128_022011,GW200316_215756,48.81787268518298,123.73378089060505,2.3540878295898438,-4.436245918273926,0.10000000149011612,0.3182103931903839,1.4104551709287552
GW200129_065458,GW200202_154313,4.366841435184082,152.67759542312618,10.516342163085938,-54.38894271850586,-0.5,1.6296886205673218,1.783524477079502
GW200129_065458,GW200208_130117,10.254392361111112,151.03990730545388,9.204544067382812,-41.69893264770508,-0.5,1.0945045948028564,1.5191982798167993
GW200129_065458,GW200209_085452,11.083260416664459,126.17805970774249,4.825350761413574,-11.911048889160156,-0.5,1.0945045948028564,1.9531142883919959
GW200129_065458,GW200219_094415,21.11755439814594,74.70188823545618,2.2151436805725098,-3.2312300205230713,0.10000000149011612,0.5892588496208191,1.655499379071478
GW200129_065458,GW200224_222234,26.644166666666667,145.2958684776349,9.743271827697754,-46.61149215698242,-0.5,0.685893177986145,1.1046902324276693
GW200129_065458,GW200225_060421,26.964848379627973,115.35338466580953,4.027003288269043,-8.559757232666016,-0.5,0.685893177986145,1.658984625126324
GW200129_065458,GW200302_015811,32.79390162036927,99.7570370168681,1.6971678733825684,-3.3291659355163574,0.5,0.9485506415367126,1.955626278429618
GW200129_065458,GW200311_115853,42.21105208333168,44.1626917769818,3.131748914718628,-3.9379265308380127,-0.5,0.5659993290901184,1.6256833179010144
GW200129_065458,GW200316_215756,47.62705671296076,112.82829105041249,3.9403491020202637,-8.213793754577637,-0.5,0.3182103931903839,1.3554281507947528
GW200202_154313,GW200208_130117,5.887550925927029,56.13954459981505,6.008316516876221,-16.26074981689453,-0.5,0.2738181948661804,1.2009508859827185
GW200202_154313,GW200209_085452,6.716418981480378,26.940409058382382,1.2026381492614746,-0.6828119158744812,0.5,1.1633148193359375,2.1744268787739722
GW200202_154313,GW200219_094415,16.75071296296186,119.97988160200937,3.8818519115448,-8.137833595275879,-0.5,0.95906662940979,1.8944051437522744
GW200202_154313,GW200224_222234,22.277325231482585,43.62264920987641,6.861433982849121,-20.98038101196289,-0.5,1.0970654487609863,1.823151898013609
GW200202_154313,GW200225_060421,22.598006944443892,41.593635648991985,1.6459683179855347,-1.5552656650543213,0.5,1.0970654487609863,2.106114883426276
GW200202_154313,GW200302_015811,28.427060185185184,89.94542929300977,1.57220458984375,-3.0707852840423584,0.5,0.685893177986145,1.7389417250812602
GW200202_154313,GW200311_115853,37.844210648147595,140.2780153623717,34.128421783447266,-578.9429931640625,-0.5,0.6552695035934448,-6.675412020393234
GW200202_154313,GW200316_215756,43.26021527777667,48.45491242501205,1.9184234142303467,-2.0398573875427246,0.5,0.5659993290901184,1.6533322302351166
GW200208_130117,GW200209_085452,0.828868055553348,82.78203617452711,3.497251272201538,-6.185274124145508,-0.5,1.7950319051742554,2.6244732730038587
GW200208_130117,GW200219_094415,10.86316203703483,90.26137335344704,2.834841012954712,-4.681032657623291,0.10000000149011612,1.0945045948028564,2.058432941121813
GW200208_130117,GW200224_222234,16.389774305555555,40.21357885171798,4.043493270874023,-6.510533809661865,-0.5,0.95906662940979,1.918109796068381
GW200208_130117,GW200225_060421,16.71045601851686,92.12114507198231,3.489182472229004,-6.375494480133057,-0.5,0.95906662940979,1.9200768954214193
GW200208_130117,GW200302_015811,22.539509259258157,68.53045032032365,1.1873188018798828,-2.5574471950531006,0.5,1.0970654487609863,2.0915162428216
GW200208_130117,GW200311_115853,31.956659722220568,122.12626854868587,14.066069602966309,-96.99115753173828,-0.5,0.9485506415367126,0.5912649200307402
GW200208_130117,GW200316_215756,37.37266435184964,91.91652626482707,3.482990264892578,-6.353013038635254,-0.5,0.6552695035934448,1.665427521620376
GW200209_085452,GW200219_094415,10.03429398148148,122.20411904484568,3.2335336208343506,-6.233527660369873,-0.5,1.0945045948028564,2.0358179597963444
GW200209_085452,GW200224_222234,15.560906250002208,65.71075698564562,2.9000322818756104,-4.187598705291748,0.10000000149011612,0.9412388801574707,1.93698484661288
GW200209_085452,GW200225_060421,15.881587962963515,20.10682699189943,0.6030811071395874,-0.9368026256561279,1.0,0.95906662940979,1.999301572155566
GW200209_085452,GW200302_015811,21.710641203704807,105.24619367542972,1.7195922136306763,-3.448352098464966,0.5,1.0970654487609863,2.078538553542225
GW200209_085452,GW200311_115853,31.127791666667218,125.67985204930342,5.678284168243408,-16.057056427001953,-0.5,0.9485506415367126,1.7702208469993521
GW200209_085452,GW200316_215756,36.54379629629629,31.71343233529921,0.9514746069908142,-1.2070403099060059,1.0,0.6552695035934448,1.7403881990819454
GW200219_094415,GW200224_222234,5.526612268520726,130.4103181250492,4.1939239501953125,-9.41002082824707,-0.5,0.2738181948661804,1.3007445135757352
GW200219_094415,GW200225_060421,5.847293981482033,104.5895597791922,2.643768310546875,-4.591855525970459,0.10000000149011612,0.2738181948661804,1.3709300653109988
GW200219_094415,GW200302_015811,11.676347222223326,125.06778513740025,1.9299670457839966,-3.9465155601501465,0.5,1.0493223667144775,2.031211117077113
GW200219_094415,GW200311_115853,21.09349768518574,32.28180311198724,1.051029920578003,-1.143221378326416,1.0,0.5892588496208191,1.6859151139802258
GW200219_094415,GW200316_215756,26.509502314814814,92.00869966767638,2.3262181282043457,-3.80234694480896,0.10000000149011612,0.685893177986145,1.7282851669168884
GW200224_222234,GW200225_060421,0.32068171296130726,84.14140774389973,3.2998456954956055,-5.66316032409668,-0.5,1.344830870628357,2.254225208153315
GW200224_222234,GW200302_015811,6.1497349537026,47.678289180530335,0.8319209814071655,-2.184457302093506,1.0,0.2738181948661804,1.4059983043582271
GW200224_222234,GW200311_115853,15.566885416665011,161.25613543574377,30.206523895263672,-453.308349609375,-0.5,0.9412388801574707,-4.6052954033122795
GW200224_222234,GW200316_215756,20.982890046294088,92.06810182288798,3.612445831298828,-6.7425923347473145,-0.5,0.5892588496208191,1.6043498468522759
GW200225_060421,GW200302_015811,5.829053240741293,125.33272817530504,2.01139235496521,-4.028562545776367,0.5,0.2738181948661804,1.3791354767328199
GW200225_060421,GW200311_115853,15.246203703703705,105.72077570952972,4.223250865936279,-9.099740028381348,-0.5,0.9412388801574707,1.865430359098778
GW200225_060421,GW200316_215756,20.66220833333278,12.585161423145632,0.356288880109787,-0.9339577555656433,1.0,0.5892588496208191,1.6889634284111659
GW200302_015811,GW200311_115853,9.417150462962411,128.19388075824503,2.2448618412017822,-4.350924968719482,0.10000000149011612,1.549420952796936,2.445052769156302
GW200302_015811,GW200316_215756,14.83315509259149,136.4345313126221,2.189734697341919,-4.403021335601807,0.10000000149011612,0.9412388801574707,1.9338468147654817
GW200311_115853,GW200316_215756,5.416004629629078,95.31332277304698,3.809396982192993,-7.436573505401611,-0.5,0.2738181948661804,1.329491449491143
