/root/miniconda3/bin/python /root/autodl-tmp/gw-catalog/scripts/08_match_first_train.py --data-root /root/autodl-tmp/qkzhang_gwaug_20260522_162031 --model-type SIS --data-mode noisy --backbone inceptiontime --lensed-limit 500 --unlensed-limit 500 --epochs 50 --batch-size 128 --eval-batch-size 512 --target-len 8192 --stride 2 --lr 0.001 --width-scale 2.0 --d-model 256 --emb-dim 128 --candidate-topk 10 --calibration-iters 600 --out-dir runs/sis_noisy_scale_speed_ep50_fast_20260525_163138/inceptiontime_sis_noisy_n500_ep50 --num-workers 4 --pin-memory --amp --amp-dtype bf16 --no-export-candidates
{"epoch": 1, "loss": 4.376215219497681, "epoch_s": 1.3339155968278646, "batches": 5, "batch_pairs": 640, "pairs_per_s": 479.7904766403214}
{"epoch": 2, "loss": 3.4478328227996826, "epoch_s": 0.33882540464401245, "batches": 5, "batch_pairs": 640, "pairs_per_s": 1888.8784348163538}
{"epoch": 3, "loss": 3.1890706539154055, "epoch_s": 0.339579239487648, "batches": 5, "batch_pairs": 640, "pairs_per_s": 1884.685297504118}
{"epoch": 4, "loss": 2.817582035064697, "epoch_s": 0.3487181756645441, "batches": 5, "batch_pairs": 640, "pairs_per_s": 1835.2929232334016}
{"epoch": 5, "loss": 2.696585464477539, "epoch_s": 0.35501206293702126, "batches": 5, "batch_pairs": 640, "pairs_per_s": 1802.755643583681}
{"epoch": 6, "loss": 2.3608744621276854, "epoch_s": 0.3513736091554165, "batches": 5, "batch_pairs": 640, "pairs_per_s": 1821.4230759627733}
{"epoch": 7, "loss": 2.1796224117279053, "epoch_s": 0.3218174409121275, "batches": 5, "batch_pairs": 640, "pairs_per_s": 1988.7051434690654}
{"epoch": 8, "loss": 1.9703360557556153, "epoch_s": 0.35445844754576683, "batches": 5, "batch_pairs": 640, "pairs_per_s": 1805.5713001941215}
{"epoch": 9, "loss": 1.8433581829071044, "epoch_s": 0.3396633341908455, "batches": 5, "batch_pairs": 640, "pairs_per_s": 1884.2186823744871}
{"epoch": 10, "loss": 1.679707980155945, "epoch_s": 0.3512631542980671, "batches": 5, "batch_pairs": 640, "pairs_per_s": 1821.9958232707863}
{"epoch": 11, "loss": 1.5664560317993164, "epoch_s": 0.3528016433119774, "batches": 5, "batch_pairs": 640, "pairs_per_s": 1814.050507225266}
{"epoch": 12, "loss": 1.4867801427841187, "epoch_s": 0.35154137574136257, "batches": 5, "batch_pairs": 640, "pairs_per_s": 1820.5538356624722}
{"epoch": 13, "loss": 1.4203038454055785, "epoch_s": 0.3486845027655363, "batches": 5, "batch_pairs": 640, "pairs_per_s": 1835.4701597689048}
{"epoch": 14, "loss": 1.2668355464935304, "epoch_s": 0.3438714034855366, "batches": 5, "batch_pairs": 640, "pairs_per_s": 1861.1608686062746}
{"epoch": 15, "loss": 1.1888251304626465, "epoch_s": 0.34722003526985645, "batches": 5, "batch_pairs": 640, "pairs_per_s": 1843.2116093260502}
{"epoch": 16, "loss": 1.06532164812088, "epoch_s": 0.3528369441628456, "batches": 5, "batch_pairs": 640, "pairs_per_s": 1813.8690139675946}
{"epoch": 17, "loss": 0.9983606815338135, "epoch_s": 0.31547449715435505, "batches": 5, "batch_pairs": 640, "pairs_per_s": 2028.6901342990695}
{"epoch": 18, "loss": 0.9771622061729431, "epoch_s": 0.347332663834095, "batches": 5, "batch_pairs": 640, "pairs_per_s": 1842.61391639716}
{"epoch": 19, "loss": 0.8989874243736267, "epoch_s": 0.33414714969694614, "batches": 5, "batch_pairs": 640, "pairs_per_s": 1915.3238343659261}
{"epoch": 20, "loss": 0.7890983343124389, "epoch_s": 0.33135668747127056, "batches": 5, "batch_pairs": 640, "pairs_per_s": 1931.4533981013724}
{"epoch": 21, "loss": 0.7798038840293884, "epoch_s": 0.3377582896500826, "batches": 5, "batch_pairs": 640, "pairs_per_s": 1894.8461654724733}
{"epoch": 22, "loss": 0.7471430420875549, "epoch_s": 0.33387179113924503, "batches": 5, "batch_pairs": 640, "pairs_per_s": 1916.9034850658609}
{"epoch": 23, "loss": 0.6965464353561401, "epoch_s": 0.3421757407486439, "batches": 5, "batch_pairs": 640, "pairs_per_s": 1870.3839103255787}
{"epoch": 24, "loss": 0.5928694605827332, "epoch_s": 0.3352338671684265, "batches": 5, "batch_pairs": 640, "pairs_per_s": 1909.1149871157093}
{"epoch": 25, "loss": 0.5437930524349213, "epoch_s": 0.338151341304183, "batches": 5, "batch_pairs": 640, "pairs_per_s": 1892.6436829487243}
{"epoch": 26, "loss": 0.5600616574287415, "epoch_s": 0.3497507572174072, "batches": 5, "batch_pairs": 640, "pairs_per_s": 1829.8745229082435}
{"epoch": 27, "loss": 0.475309157371521, "epoch_s": 0.3150901831686497, "batches": 5, "batch_pairs": 640, "pairs_per_s": 2031.1645179292836}
{"epoch": 28, "loss": 0.4695038616657257, "epoch_s": 0.34981251135468483, "batches": 5, "batch_pairs": 640, "pairs_per_s": 1829.551486084744}
{"epoch": 29, "loss": 0.4831535220146179, "epoch_s": 0.351155299693346, "batches": 5, "batch_pairs": 640, "pairs_per_s": 1822.5554350422558}
{"epoch": 30, "loss": 0.42354814410209657, "epoch_s": 0.3528676312416792, "batches": 5, "batch_pairs": 640, "pairs_per_s": 1813.7112711300622}
{"epoch": 31, "loss": 0.425703352689743, "epoch_s": 0.35937164910137653, "batches": 5, "batch_pairs": 640, "pairs_per_s": 1780.886170626832}
{"epoch": 32, "loss": 0.3958553075790405, "epoch_s": 0.3216597530990839, "batches": 5, "batch_pairs": 640, "pairs_per_s": 1989.6800698061058}
{"epoch": 33, "loss": 0.34813809394836426, "epoch_s": 0.3272588234394789, "batches": 5, "batch_pairs": 640, "pairs_per_s": 1955.6386387802236}
{"epoch": 34, "loss": 0.3317245543003082, "epoch_s": 0.344558784738183, "batches": 5, "batch_pairs": 640, "pairs_per_s": 1857.4479257184269}
{"epoch": 35, "loss": 0.3178326189517975, "epoch_s": 0.35249377973377705, "batches": 5, "batch_pairs": 640, "pairs_per_s": 1815.6348758362876}
{"epoch": 36, "loss": 0.31889219880104064, "epoch_s": 0.3494770620018244, "batches": 5, "batch_pairs": 640, "pairs_per_s": 1831.3076009453775}
{"epoch": 37, "loss": 0.30140714049339296, "epoch_s": 0.320087356492877, "batches": 5, "batch_pairs": 640, "pairs_per_s": 1999.454170924874}
{"epoch": 38, "loss": 0.2994445562362671, "epoch_s": 0.3509268704801798, "batches": 5, "batch_pairs": 640, "pairs_per_s": 1823.7417930529973}
{"epoch": 39, "loss": 0.30063737034797666, "epoch_s": 0.3443498555570841, "batches": 5, "batch_pairs": 640, "pairs_per_s": 1858.5749047712463}
{"epoch": 40, "loss": 0.2592345982789993, "epoch_s": 0.33304370753467083, "batches": 5, "batch_pairs": 640, "pairs_per_s": 1921.6696953608532}
{"epoch": 41, "loss": 0.26802971959114075, "epoch_s": 0.3576781861484051, "batches": 5, "batch_pairs": 640, "pairs_per_s": 1789.3179533583748}
{"epoch": 42, "loss": 0.24422520101070405, "epoch_s": 0.3551527261734009, "batches": 5, "batch_pairs": 640, "pairs_per_s": 1802.041636835203}
{"epoch": 43, "loss": 0.265545254945755, "epoch_s": 0.35059246607124805, "batches": 5, "batch_pairs": 640, "pairs_per_s": 1825.4813264296959}
{"epoch": 44, "loss": 0.23380634784698487, "epoch_s": 0.35644024424254894, "batches": 5, "batch_pairs": 640, "pairs_per_s": 1795.5323797963047}
{"epoch": 45, "loss": 0.21865243911743165, "epoch_s": 0.3438254240900278, "batches": 5, "batch_pairs": 640, "pairs_per_s": 1861.4097596006204}
{"epoch": 46, "loss": 0.214656326174736, "epoch_s": 0.34490651078522205, "batches": 5, "batch_pairs": 640, "pairs_per_s": 1855.575293556974}
{"epoch": 47, "loss": 0.19921863675117493, "epoch_s": 0.3574434407055378, "batches": 5, "batch_pairs": 640, "pairs_per_s": 1790.493060207622}
{"epoch": 48, "loss": 0.17575977742671967, "epoch_s": 0.3501355443149805, "batches": 5, "batch_pairs": 640, "pairs_per_s": 1827.8635528195864}
{"epoch": 49, "loss": 0.17951309382915498, "epoch_s": 0.3536540288478136, "batches": 5, "batch_pairs": 640, "pairs_per_s": 1809.6782386025309}
{"epoch": 50, "loss": 0.1803431123495102, "epoch_s": 0.3496420681476593, "batches": 5, "batch_pairs": 640, "pairs_per_s": 1830.443354229669}
{
  "config": {
    "data_root": "/root/autodl-tmp/qkzhang_gwaug_20260522_162031",
    "model_type": "SIS",
    "data_mode": "noisy",
    "out_dir": "runs/sis_noisy_scale_speed_ep50_fast_20260525_163138/inceptiontime_sis_noisy_n500_ep50",
    "backbone": "inceptiontime",
    "target_len": 8192,
    "stride": 2,
    "lensed_limit": 500,
    "unlensed_limit": 500,
    "seed": 42,
    "train_frac": 0.7,
    "val_frac": 0.15,
    "batch_size": 128,
    "eval_batch_size": 512,
    "num_workers": 4,
    "pin_memory": true,
    "amp": true,
    "amp_dtype": "bf16",
    "compile_model": false,
    "epochs": 50,
    "lr": 0.001,
    "weight_decay": 0.0001,
    "tau": 0.07,
    "emb_dim": 128,
    "d_model": 256,
    "width_scale": 2.0,
    "aug_roll": 128,
    "aug_scale": 0.1,
    "aug_noise": 0.01,
    "aug_flip": true,
    "use_hilbert": false,
    "coarse_topk": 10,
    "coarse_min_score": 0.85,
    "coarse_mutual": false,
    "reciprocal_rank_max": 3,
    "row_min_score": 0.7,
    "row_min_margin": 0.0,
    "edge_rank_bonus": 0.0,
    "tune_for": "f1",
    "hard_neg_enable": false,
    "hard_neg_topk": 10,
    "hard_neg_min_score": 0.7,
    "hard_neg_per_anchor": 2,
    "hard_neg_epochs": 4,
    "hard_neg_lr": 0.0003,
    "hard_neg_margin": 0.45,
    "hard_neg_weight": 0.25,
    "candidate_topk": 10,
    "candidate_min_score": null,
    "candidate_mutual": false,
    "candidate_reciprocal_rank_max": null,
    "p_low": 0.2,
    "p_high": 0.8,
    "calibration_bins": 10,
    "calibration_l2": 0.001,
    "calibration_lr": 0.05,
    "calibration_iters": 600,
    "export_candidates": false
  },
  "sizes": {
    "lensed_total": 500,
    "unlensed_total": 500,
    "train_lensed": 350,
    "train_unlensed": 350,
    "val_lensed": 75,
    "val_unlensed": 75,
    "test_lensed": 75,
    "test_unlensed": 75
  },
  "timing": {
    "load_s": 0.0008337125182151794,
    "train_s": 18.1974211987108,
    "mean_epoch_s": 0.36376918125897645,
    "mean_pairs_per_s": 1835.046718881039,
    "amp": true,
    "amp_dtype": "bf16",
    "num_workers": 4,
    "pin_memory": true,
    "compile_model": false,
    "val_embed_s": 0.32480683736503124,
    "val_similarity_s": 0.0005449466407299042,
    "val_tune_s": 0.0545271635055542,
    "val_candidate_s": 0.2190487552434206,
    "test_embed_s": 0.18804286047816277,
    "test_similarity_s": 0.0006234608590602875,
    "test_match_s": 0.041654832661151886,
    "test_candidate_s": 0.21949131973087788,
    "total_s": 20.67233275435865,
    "save_s": 0.019466562196612358
  },
  "history": [
    {
      "epoch": 1,
      "loss": 4.376215219497681,
      "epoch_s": 1.3339155968278646,
      "batches": 5,
      "batch_pairs": 640,
      "pairs_per_s": 479.7904766403214
    },
    {
      "epoch": 2,
      "loss": 3.4478328227996826,
      "epoch_s": 0.33882540464401245,
      "batches": 5,
      "batch_pairs": 640,
      "pairs_per_s": 1888.8784348163538
    },
    {
      "epoch": 3,
      "loss": 3.1890706539154055,
      "epoch_s": 0.339579239487648,
      "batches": 5,
      "batch_pairs": 640,
      "pairs_per_s": 1884.685297504118
    },
    {
      "epoch": 4,
      "loss": 2.817582035064697,
      "epoch_s": 0.3487181756645441,
      "batches": 5,
      "batch_pairs": 640,
      "pairs_per_s": 1835.2929232334016
    },
    {
      "epoch": 5,
      "loss": 2.696585464477539,
      "epoch_s": 0.35501206293702126,
      "batches": 5,
      "batch_pairs": 640,
      "pairs_per_s": 1802.755643583681
    },
    {
      "epoch": 6,
      "loss": 2.3608744621276854,
      "epoch_s": 0.3513736091554165,
      "batches": 5,
      "batch_pairs": 640,
      "pairs_per_s": 1821.4230759627733
    },
    {
      "epoch": 7,
      "loss": 2.1796224117279053,
      "epoch_s": 0.3218174409121275,
      "batches": 5,
      "batch_pairs": 640,
      "pairs_per_s": 1988.7051434690654
    },
    {
      "epoch": 8,
      "loss": 1.9703360557556153,
      "epoch_s": 0.35445844754576683,
      "batches": 5,
      "batch_pairs": 640,
      "pairs_per_s": 1805.5713001941215
    },
    {
      "epoch": 9,
      "loss": 1.8433581829071044,
      "epoch_s": 0.3396633341908455,
      "batches": 5,
      "batch_pairs": 640,
      "pairs_per_s": 1884.2186823744871
    },
    {
      "epoch": 10,
      "loss": 1.679707980155945,
      "epoch_s": 0.3512631542980671,
      "batches": 5,
      "batch_pairs": 640,
      "pairs_per_s": 1821.9958232707863
    },
    {
      "epoch": 11,
      "loss": 1.5664560317993164,
      "epoch_s": 0.3528016433119774,
      "batches": 5,
      "batch_pairs": 640,
      "pairs_per_s": 1814.050507225266
    },
    {
      "epoch": 12,
      "loss": 1.4867801427841187,
      "epoch_s": 0.35154137574136257,
      "batches": 5,
      "batch_pairs": 640,
      "pairs_per_s": 1820.5538356624722
    },
    {
      "epoch": 13,
      "loss": 1.4203038454055785,
      "epoch_s": 0.3486845027655363,
      "batches": 5,
      "batch_pairs": 640,
      "pairs_per_s": 1835.4701597689048
    },
    {
      "epoch": 14,
      "loss": 1.2668355464935304,
      "epoch_s": 0.3438714034855366,
      "batches": 5,
      "batch_pairs": 640,
      "pairs_per_s": 1861.1608686062746
    },
    {
      "epoch": 15,
      "loss": 1.1888251304626465,
      "epoch_s": 0.34722003526985645,
      "batches": 5,
      "batch_pairs": 640,
      "pairs_per_s": 1843.2116093260502
    },
    {
      "epoch": 16,
      "loss": 1.06532164812088,
      "epoch_s": 0.3528369441628456,
      "batches": 5,
      "batch_pairs": 640,
      "pairs_per_s": 1813.8690139675946
    },
    {
      "epoch": 17,
      "loss": 0.9983606815338135,
      "epoch_s": 0.31547449715435505,
      "batches": 5,
      "batch_pairs": 640,
      "pairs_per_s": 2028.6901342990695
    },
    {
      "epoch": 18,
      "loss": 0.9771622061729431,
      "epoch_s": 0.347332663834095,
      "batches": 5,
      "batch_pairs": 640,
      "pairs_per_s": 1842.61391639716
    },
    {
      "epoch": 19,
      "loss": 0.8989874243736267,
      "epoch_s": 0.33414714969694614,
      "batches": 5,
      "batch_pairs": 640,
      "pairs_per_s": 1915.3238343659261
    },
    {
      "epoch": 20,
      "loss": 0.7890983343124389,
      "epoch_s": 0.33135668747127056,
      "batches": 5,
      "batch_pairs": 640,
      "pairs_per_s": 1931.4533981013724
    },
    {
      "epoch": 21,
      "loss": 0.7798038840293884,
      "epoch_s": 0.3377582896500826,
      "batches": 5,
      "batch_pairs": 640,
      "pairs_per_s": 1894.8461654724733
    },
    {
      "epoch": 22,
      "loss": 0.7471430420875549,
      "epoch_s": 0.33387179113924503,
      "batches": 5,
      "batch_pairs": 640,
      "pairs_per_s": 1916.9034850658609
    },
    {
      "epoch": 23,
      "loss": 0.6965464353561401,
      "epoch_s": 0.3421757407486439,
      "batches": 5,
      "batch_pairs": 640,
      "pairs_per_s": 1870.3839103255787
    },
    {
      "epoch": 24,
      "loss": 0.5928694605827332,
      "epoch_s": 0.3352338671684265,
      "batches": 5,
      "batch_pairs": 640,
      "pairs_per_s": 1909.1149871157093
    },
    {
      "epoch": 25,
      "loss": 0.5437930524349213,
      "epoch_s": 0.338151341304183,
      "batches": 5,
      "batch_pairs": 640,
      "pairs_per_s": 1892.6436829487243
    },
    {
      "epoch": 26,
      "loss": 0.5600616574287415,
      "epoch_s": 0.3497507572174072,
      "batches": 5,
      "batch_pairs": 640,
      "pairs_per_s": 1829.8745229082435
    },
    {
      "epoch": 27,
      "loss": 0.475309157371521,
      "epoch_s": 0.3150901831686497,
      "batches": 5,
      "batch_pairs": 640,
      "pairs_per_s": 2031.1645179292836
    },
    {
      "epoch": 28,
      "loss": 0.4695038616657257,
      "epoch_s": 0.34981251135468483,
      "batches": 5,
      "batch_pairs": 640,
      "pairs_per_s": 1829.551486084744
    },
    {
      "epoch": 29,
      "loss": 0.4831535220146179,
      "epoch_s": 0.351155299693346,
      "batches": 5,
      "batch_pairs": 640,
      "pairs_per_s": 1822.5554350422558
    },
    {
      "epoch": 30,
      "loss": 0.42354814410209657,
      "epoch_s": 0.3528676312416792,
      "batches": 5,
      "batch_pairs": 640,
      "pairs_per_s": 1813.7112711300622
    },
    {
      "epoch": 31,
      "loss": 0.425703352689743,
      "epoch_s": 0.35937164910137653,
      "batches": 5,
      "batch_pairs": 640,
      "pairs_per_s": 1780.886170626832
    },
    {
      "epoch": 32,
      "loss": 0.3958553075790405,
      "epoch_s": 0.3216597530990839,
      "batches": 5,
      "batch_pairs": 640,
      "pairs_per_s": 1989.6800698061058
    },
    {
      "epoch": 33,
      "loss": 0.34813809394836426,
      "epoch_s": 0.3272588234394789,
      "batches": 5,
      "batch_pairs": 640,
      "pairs_per_s": 1955.6386387802236
    },
    {
      "epoch": 34,
      "loss": 0.3317245543003082,
      "epoch_s": 0.344558784738183,
      "batches": 5,
      "batch_pairs": 640,
      "pairs_per_s": 1857.4479257184269
    },
    {
      "epoch": 35,
      "loss": 0.3178326189517975,
      "epoch_s": 0.35249377973377705,
      "batches": 5,
      "batch_pairs": 640,
      "pairs_per_s": 1815.6348758362876
    },
    {
      "epoch": 36,
      "loss": 0.31889219880104064,
      "epoch_s": 0.3494770620018244,
      "batches": 5,
      "batch_pairs": 640,
      "pairs_per_s": 1831.3076009453775
    },
    {
      "epoch": 37,
      "loss": 0.30140714049339296,
      "epoch_s": 0.320087356492877,
      "batches": 5,
      "batch_pairs": 640,
      "pairs_per_s": 1999.454170924874
    },
    {
      "epoch": 38,
      "loss": 0.2994445562362671,
      "epoch_s": 0.3509268704801798,
      "batches": 5,
      "batch_pairs": 640,
      "pairs_per_s": 1823.7417930529973
    },
    {
      "epoch": 39,
      "loss": 0.30063737034797666,
      "epoch_s": 0.3443498555570841,
      "batches": 5,
      "batch_pairs": 640,
      "pairs_per_s": 1858.5749047712463
    },
    {
      "epoch": 40,
      "loss": 0.2592345982789993,
      "epoch_s": 0.33304370753467083,
      "batches": 5,
      "batch_pairs": 640,
      "pairs_per_s": 1921.6696953608532
    },
    {
      "epoch": 41,
      "loss": 0.26802971959114075,
      "epoch_s": 0.3576781861484051,
      "batches": 5,
      "batch_pairs": 640,
      "pairs_per_s": 1789.3179533583748
    },
    {
      "epoch": 42,
      "loss": 0.24422520101070405,
      "epoch_s": 0.3551527261734009,
      "batches": 5,
      "batch_pairs": 640,
      "pairs_per_s": 1802.041636835203
    },
    {
      "epoch": 43,
      "loss": 0.265545254945755,
      "epoch_s": 0.35059246607124805,
      "batches": 5,
      "batch_pairs": 640,
      "pairs_per_s": 1825.4813264296959
    },
    {
      "epoch": 44,
      "loss": 0.23380634784698487,
      "epoch_s": 0.35644024424254894,
      "batches": 5,
      "batch_pairs": 640,
      "pairs_per_s": 1795.5323797963047
    },
    {
      "epoch": 45,
      "loss": 0.21865243911743165,
      "epoch_s": 0.3438254240900278,
      "batches": 5,
      "batch_pairs": 640,
      "pairs_per_s": 1861.4097596006204
    },
    {
      "epoch": 46,
      "loss": 0.214656326174736,
      "epoch_s": 0.34490651078522205,
      "batches": 5,
      "batch_pairs": 640,
      "pairs_per_s": 1855.575293556974
    },
    {
      "epoch": 47,
      "loss": 0.19921863675117493,
      "epoch_s": 0.3574434407055378,
      "batches": 5,
      "batch_pairs": 640,
      "pairs_per_s": 1790.493060207622
    },
    {
      "epoch": 48,
      "loss": 0.17575977742671967,
      "epoch_s": 0.3501355443149805,
      "batches": 5,
      "batch_pairs": 640,
      "pairs_per_s": 1827.8635528195864
    },
    {
      "epoch": 49,
      "loss": 0.17951309382915498,
      "epoch_s": 0.3536540288478136,
      "batches": 5,
      "batch_pairs": 640,
      "pairs_per_s": 1809.6782386025309
    },
    {
      "epoch": 50,
      "loss": 0.1803431123495102,
      "epoch_s": 0.3496420681476593,
      "batches": 5,
      "batch_pairs": 640,
      "pairs_per_s": 1830.443354229669
    }
  ],
  "best_params": {
    "topk": 5,
    "min_score": 0.8,
    "mutual": false,
    "reciprocal_rank_max": null,
    "row_min_score": null,
    "row_min_margin": null,
    "edge_rank_bonus": 0.0
  },
  "val_before_hnm": {
    "r@1": 0.9066666666666666,
    "r@5": 0.96,
    "r@10": 0.98,
    "mrr": 0.9324617864484719,
    "median_true_rank": 1.0,
    "pairs": 83,
    "tp": 68,
    "fp": 15,
    "fn": 7,
    "precision": 0.8192771084337349,
    "recall": 0.9066666666666666,
    "f1": 0.8607594936708859,
    "f2": 0.8877284595300261,
    "candidate_edges": 273
  },
  "hard_negatives": 0,
  "val": {
    "r@1": 0.9066666666666666,
    "r@5": 0.96,
    "r@10": 0.98,
    "mrr": 0.9324617864484719,
    "median_true_rank": 1.0,
    "pairs": 89,
    "tp": 65,
    "fp": 24,
    "fn": 10,
    "precision": 0.7303370786516854,
    "recall": 0.8666666666666667,
    "f1": 0.7926829268292682,
    "f2": 0.8354755784061697,
    "candidate_edges": 273
  },
  "candidate_params": {
    "topk": 10,
    "min_score": null,
    "mutual": false,
    "reciprocal_rank_max": null,
    "row_min_score": null,
    "row_min_margin": null,
    "edge_rank_bonus": 0.0
  },
  "val_candidates": {
    "candidate_edges": 1489,
    "exhaustive_edges": 25200.0,
    "followup_reduction": 0.9409126984126984,
    "compression_factor": 16.92411014103425,
    "candidate_pair_recall": 0.9866666666666667,
    "tier1_edges": 81,
    "tier1_precision": 0.8271604938271605,
    "tier1_recall": 0.8933333333333333,
    "tier12_edges": 224,
    "tier12_precision": 0.3169642857142857,
    "tier12_recall": 0.9466666666666667,
    "tier3_edges": 1265,
    "tier3_precision": 0.0023715415019762848,
    "tier3_recall": 0.04,
    "tier3_discarded_fraction": 0.8495634654130289,
    "cal_brier": 0.029897895942198795,
    "cal_nll": 0.1671098385503415,
    "cal_ece": 0.10815573613177495
  },
  "pair_calibrator": {
    "type": "logistic_pair_calibrator",
    "l2": 0.001,
    "lr": 0.05,
    "max_iter": 600,
    "pos_weight": null,
    "mean": [
      0.6825612058889313,
      0.48703806178332815,
      0.19316660589303963,
      0.05439892545332438,
      0.06384906038651937,
      0.10578662777523454
    ],
    "scale": [
      0.14500930798640854,
      0.4555604820708093,
      0.21596234311901633,
      0.2268031797899845,
      0.0717475952935529,
      0.07588287733424141
    ],
    "coef": [
      -1.8990962026828646,
      0.14552760131014442,
      0.42658804530994837,
      0.579374328959255,
      0.6973904422952936,
      0.011599296177242636,
      -0.2636256982200175
    ]
  },
  "test": {
    "r@1": 0.8333333333333334,
    "r@5": 0.8866666666666667,
    "r@10": 0.9133333333333333,
    "mrr": 0.858175929986975,
    "median_true_rank": 1.0,
    "pairs": 84,
    "tp": 52,
    "fp": 32,
    "fn": 23,
    "precision": 0.6190476190476191,
    "recall": 0.6933333333333334,
    "f1": 0.6540880503144655,
    "f2": 0.6770833333333333,
    "candidate_edges": 248
  },
  "test_candidates": {
    "candidate_edges": 1448,
    "exhaustive_edges": 25200.0,
    "followup_reduction": 0.9425396825396826,
    "compression_factor": 17.403314917127073,
    "candidate_pair_recall": 0.9333333333333333,
    "tier1_edges": 73,
    "tier1_precision": 0.8356164383561644,
    "tier1_recall": 0.8133333333333334,
    "tier12_edges": 235,
    "tier12_precision": 0.2723404255319149,
    "tier12_recall": 0.8533333333333334,
    "tier3_edges": 1213,
    "tier3_precision": 0.00494641384995878,
    "tier3_recall": 0.08,
    "tier3_discarded_fraction": 0.837707182320442,
    "cal_brier": 0.03303495033165678,
    "cal_nll": 0.1759425380021412,
    "cal_ece": 0.11319222250948172
  }
}
/root/miniconda3/bin/python /root/autodl-tmp/gw-catalog/scripts/08_match_first_train.py --data-root /root/autodl-tmp/qkzhang_gwaug_20260522_162031 --model-type SIS --data-mode noisy --backbone inceptiontime --lensed-limit 1000 --unlensed-limit 1000 --epochs 50 --batch-size 128 --eval-batch-size 512 --target-len 8192 --stride 2 --lr 0.001 --width-scale 2.0 --d-model 256 --emb-dim 128 --candidate-topk 10 --calibration-iters 600 --out-dir runs/sis_noisy_scale_speed_ep50_fast_20260525_163138/inceptiontime_sis_noisy_n1000_ep50 --num-workers 4 --pin-memory --amp --amp-dtype bf16 --no-export-candidates
{"epoch": 1, "loss": 4.187608218193054, "epoch_s": 1.801235044375062, "batches": 10, "batch_pairs": 1280, "pairs_per_s": 710.6235268946234}
{"epoch": 2, "loss": 3.2890450954437256, "epoch_s": 0.6298305820673704, "batches": 10, "batch_pairs": 1280, "pairs_per_s": 2032.2925504800014}
{"epoch": 3, "loss": 2.9280941486358643, "epoch_s": 0.6062197610735893, "batches": 10, "batch_pairs": 1280, "pairs_per_s": 2111.445522219821}
{"epoch": 4, "loss": 2.566252827644348, "epoch_s": 0.6425358112901449, "batches": 10, "batch_pairs": 1280, "pairs_per_s": 1992.1068639425614}
{"epoch": 5, "loss": 2.301538372039795, "epoch_s": 0.6048337779939175, "batches": 10, "batch_pairs": 1280, "pairs_per_s": 2116.2839222462744}
{"epoch": 6, "loss": 2.1072945833206176, "epoch_s": 0.617176016792655, "batches": 10, "batch_pairs": 1280, "pairs_per_s": 2073.962638165873}
{"epoch": 7, "loss": 1.963482666015625, "epoch_s": 0.5973733440041542, "batches": 10, "batch_pairs": 1280, "pairs_per_s": 2142.713619292492}
{"epoch": 8, "loss": 1.5410210371017456, "epoch_s": 0.6406765431165695, "batches": 10, "batch_pairs": 1280, "pairs_per_s": 1997.8880353156728}
{"epoch": 9, "loss": 1.288794994354248, "epoch_s": 0.6473210602998734, "batches": 10, "batch_pairs": 1280, "pairs_per_s": 1977.3804353083094}
{"epoch": 10, "loss": 1.0848185956478118, "epoch_s": 0.6256930790841579, "batches": 10, "batch_pairs": 1280, "pairs_per_s": 2045.7314341299202}
{"epoch": 11, "loss": 0.9684820830821991, "epoch_s": 0.6385795045644045, "batches": 10, "batch_pairs": 1280, "pairs_per_s": 2004.4489227275294}
{"epoch": 12, "loss": 0.8679206013679505, "epoch_s": 0.5969598311930895, "batches": 10, "batch_pairs": 1280, "pairs_per_s": 2144.197872479594}
{"epoch": 13, "loss": 0.7433603644371033, "epoch_s": 0.6056803707033396, "batches": 10, "batch_pairs": 1280, "pairs_per_s": 2113.325876012152}
{"epoch": 14, "loss": 0.6645543694496154, "epoch_s": 0.6437120344489813, "batches": 10, "batch_pairs": 1280, "pairs_per_s": 1988.4667856111816}
{"epoch": 15, "loss": 0.5812012106180191, "epoch_s": 0.634286604821682, "batches": 10, "batch_pairs": 1280, "pairs_per_s": 2018.0151847284376}
{"epoch": 16, "loss": 0.570862889289856, "epoch_s": 0.6481742914766073, "batches": 10, "batch_pairs": 1280, "pairs_per_s": 1974.7774893756264}
{"epoch": 17, "loss": 0.5510363936424255, "epoch_s": 0.6134476605802774, "batches": 10, "batch_pairs": 1280, "pairs_per_s": 2086.567579032271}
{"epoch": 18, "loss": 0.4557704597711563, "epoch_s": 0.6086365524679422, "batches": 10, "batch_pairs": 1280, "pairs_per_s": 2103.0613340749355}
{"epoch": 19, "loss": 0.45203322172164917, "epoch_s": 0.6299513541162014, "batches": 10, "batch_pairs": 1280, "pairs_per_s": 2031.9029265296094}
{"epoch": 20, "loss": 0.395122817158699, "epoch_s": 0.6234964802861214, "batches": 10, "batch_pairs": 1280, "pairs_per_s": 2052.9386138837713}
{"epoch": 21, "loss": 0.3974152237176895, "epoch_s": 0.6024880278855562, "batches": 10, "batch_pairs": 1280, "pairs_per_s": 2124.5235436332}
{"epoch": 22, "loss": 0.38308481872081757, "epoch_s": 0.6249589212238789, "batches": 10, "batch_pairs": 1280, "pairs_per_s": 2048.1346157813564}
{"epoch": 23, "loss": 0.33953904509544375, "epoch_s": 0.6156301908195019, "batches": 10, "batch_pairs": 1280, "pairs_per_s": 2079.170286135766}
{"epoch": 24, "loss": 0.29663791358470915, "epoch_s": 0.6156613770872355, "batches": 10, "batch_pairs": 1280, "pairs_per_s": 2079.0649659652627}
{"epoch": 25, "loss": 0.2700533464550972, "epoch_s": 0.61532330699265, "batches": 10, "batch_pairs": 1280, "pairs_per_s": 2080.2072430116636}
{"epoch": 26, "loss": 0.2482698604464531, "epoch_s": 0.6091247107833624, "batches": 10, "batch_pairs": 1280, "pairs_per_s": 2101.3759207927405}
{"epoch": 27, "loss": 0.23930272608995437, "epoch_s": 0.6079856771975756, "batches": 10, "batch_pairs": 1280, "pairs_per_s": 2105.312753254287}
{"epoch": 28, "loss": 0.23614460229873657, "epoch_s": 0.6107040457427502, "batches": 10, "batch_pairs": 1280, "pairs_per_s": 2095.941575830301}
{"epoch": 29, "loss": 0.21454829275608062, "epoch_s": 0.6251365523785353, "batches": 10, "batch_pairs": 1280, "pairs_per_s": 2047.552642906296}
{"epoch": 30, "loss": 0.20418067425489425, "epoch_s": 0.6046767644584179, "batches": 10, "batch_pairs": 1280, "pairs_per_s": 2116.833447613022}
{"epoch": 31, "loss": 0.18522274494171143, "epoch_s": 0.6178851705044508, "batches": 10, "batch_pairs": 1280, "pairs_per_s": 2071.5823280804566}
{"epoch": 32, "loss": 0.1706854671239853, "epoch_s": 0.5991089642047882, "batches": 10, "batch_pairs": 1280, "pairs_per_s": 2136.506172460589}
{"epoch": 33, "loss": 0.16927131414413452, "epoch_s": 0.6446382310241461, "batches": 10, "batch_pairs": 1280, "pairs_per_s": 1985.609817100741}
{"epoch": 34, "loss": 0.1662921905517578, "epoch_s": 0.628601549193263, "batches": 10, "batch_pairs": 1280, "pairs_per_s": 2036.2660601818927}
{"epoch": 35, "loss": 0.15682847574353218, "epoch_s": 0.637788088992238, "batches": 10, "batch_pairs": 1280, "pairs_per_s": 2006.9361941558268}
{"epoch": 36, "loss": 0.14741220623254775, "epoch_s": 0.6183957662433386, "batches": 10, "batch_pairs": 1280, "pairs_per_s": 2069.8718682629537}
{"epoch": 37, "loss": 0.14671649932861328, "epoch_s": 0.6372826993465424, "batches": 10, "batch_pairs": 1280, "pairs_per_s": 2008.5277716035407}
{"epoch": 38, "loss": 0.14856591150164605, "epoch_s": 0.625025438144803, "batches": 10, "batch_pairs": 1280, "pairs_per_s": 2047.9166476796347}
{"epoch": 39, "loss": 0.14028508812189103, "epoch_s": 0.6096109170466661, "batches": 10, "batch_pairs": 1280, "pairs_per_s": 2099.6999302458607}
{"epoch": 40, "loss": 0.13120704591274263, "epoch_s": 0.615407720208168, "batches": 10, "batch_pairs": 1280, "pairs_per_s": 2079.9219086283592}
{"epoch": 41, "loss": 0.1326327420771122, "epoch_s": 0.5986745115369558, "batches": 10, "batch_pairs": 1280, "pairs_per_s": 2138.056615628919}
{"epoch": 42, "loss": 0.1267823152244091, "epoch_s": 0.5999204218387604, "batches": 10, "batch_pairs": 1280, "pairs_per_s": 2133.616315438622}
{"epoch": 43, "loss": 0.12631680443882942, "epoch_s": 0.6226828172802925, "batches": 10, "batch_pairs": 1280, "pairs_per_s": 2055.621199876188}
{"epoch": 44, "loss": 0.11774145141243934, "epoch_s": 0.6303807087242603, "batches": 10, "batch_pairs": 1280, "pairs_per_s": 2030.5189900090909}
{"epoch": 45, "loss": 0.11737232729792595, "epoch_s": 0.6056272033601999, "batches": 10, "batch_pairs": 1280, "pairs_per_s": 2113.5114025561916}
{"epoch": 46, "loss": 0.11298744603991509, "epoch_s": 0.6285036001354456, "batches": 10, "batch_pairs": 1280, "pairs_per_s": 2036.5834017882376}
{"epoch": 47, "loss": 0.10432310104370117, "epoch_s": 0.6259613577276468, "batches": 10, "batch_pairs": 1280, "pairs_per_s": 2044.854661071463}
{"epoch": 48, "loss": 0.10138924270868302, "epoch_s": 0.6281668916344643, "batches": 10, "batch_pairs": 1280, "pairs_per_s": 2037.6750463073483}
{"epoch": 49, "loss": 0.09561411663889885, "epoch_s": 0.6467378158122301, "batches": 10, "batch_pairs": 1280, "pairs_per_s": 1979.1636868990931}
{"epoch": 50, "loss": 0.08930756524205208, "epoch_s": 0.6359574366360903, "batches": 10, "batch_pairs": 1280, "pairs_per_s": 2012.713314228364}
{
  "config": {
    "data_root": "/root/autodl-tmp/qkzhang_gwaug_20260522_162031",
    "model_type": "SIS",
    "data_mode": "noisy",
    "out_dir": "runs/sis_noisy_scale_speed_ep50_fast_20260525_163138/inceptiontime_sis_noisy_n1000_ep50",
    "backbone": "inceptiontime",
    "target_len": 8192,
    "stride": 2,
    "lensed_limit": 1000,
    "unlensed_limit": 1000,
    "seed": 42,
    "train_frac": 0.7,
    "val_frac": 0.15,
    "batch_size": 128,
    "eval_batch_size": 512,
    "num_workers": 4,
    "pin_memory": true,
    "amp": true,
    "amp_dtype": "bf16",
    "compile_model": false,
    "epochs": 50,
    "lr": 0.001,
    "weight_decay": 0.0001,
    "tau": 0.07,
    "emb_dim": 128,
    "d_model": 256,
    "width_scale": 2.0,
    "aug_roll": 128,
    "aug_scale": 0.1,
    "aug_noise": 0.01,
    "aug_flip": true,
    "use_hilbert": false,
    "coarse_topk": 10,
    "coarse_min_score": 0.85,
    "coarse_mutual": false,
    "reciprocal_rank_max": 3,
    "row_min_score": 0.7,
    "row_min_margin": 0.0,
    "edge_rank_bonus": 0.0,
    "tune_for": "f1",
    "hard_neg_enable": false,
    "hard_neg_topk": 10,
    "hard_neg_min_score": 0.7,
    "hard_neg_per_anchor": 2,
    "hard_neg_epochs": 4,
    "hard_neg_lr": 0.0003,
    "hard_neg_margin": 0.45,
    "hard_neg_weight": 0.25,
    "candidate_topk": 10,
    "candidate_min_score": null,
    "candidate_mutual": false,
    "candidate_reciprocal_rank_max": null,
    "p_low": 0.2,
    "p_high": 0.8,
    "calibration_bins": 10,
    "calibration_l2": 0.001,
    "calibration_lr": 0.05,
    "calibration_iters": 600,
    "export_candidates": false
  },
  "sizes": {
    "lensed_total": 1000,
    "unlensed_total": 1000,
    "train_lensed": 700,
    "train_unlensed": 700,
    "val_lensed": 150,
    "val_unlensed": 150,
    "test_lensed": 150,
    "test_unlensed": 150
  },
  "timing": {
    "load_s": 0.0010031070560216904,
    "train_s": 32.25795373506844,
    "mean_epoch_s": 0.6448773317784071,
    "mean_pairs_per_s": 2034.4280291915586,
    "amp": true,
    "amp_dtype": "bf16",
    "num_workers": 4,
    "pin_memory": true,
    "compile_model": false,
    "val_embed_s": 0.43406633846461773,
    "val_similarity_s": 0.0038946978747844696,
    "val_tune_s": 0.1618765126913786,
    "val_candidate_s": 0.7744873240590096,
    "test_embed_s": 0.21809623204171658,
    "test_similarity_s": 0.002737993374466896,
    "test_match_s": 0.1618715487420559,
    "test_candidate_s": 0.7871209885925055,
    "total_s": 36.86352243088186,
    "save_s": 0.01923312060534954
  },
  "history": [
    {
      "epoch": 1,
      "loss": 4.187608218193054,
      "epoch_s": 1.801235044375062,
      "batches": 10,
      "batch_pairs": 1280,
      "pairs_per_s": 710.6235268946234
    },
    {
      "epoch": 2,
      "loss": 3.2890450954437256,
      "epoch_s": 0.6298305820673704,
      "batches": 10,
      "batch_pairs": 1280,
      "pairs_per_s": 2032.2925504800014
    },
    {
      "epoch": 3,
      "loss": 2.9280941486358643,
      "epoch_s": 0.6062197610735893,
      "batches": 10,
      "batch_pairs": 1280,
      "pairs_per_s": 2111.445522219821
    },
    {
      "epoch": 4,
      "loss": 2.566252827644348,
      "epoch_s": 0.6425358112901449,
      "batches": 10,
      "batch_pairs": 1280,
      "pairs_per_s": 1992.1068639425614
    },
    {
      "epoch": 5,
      "loss": 2.301538372039795,
      "epoch_s": 0.6048337779939175,
      "batches": 10,
      "batch_pairs": 1280,
      "pairs_per_s": 2116.2839222462744
    },
    {
      "epoch": 6,
      "loss": 2.1072945833206176,
      "epoch_s": 0.617176016792655,
      "batches": 10,
      "batch_pairs": 1280,
      "pairs_per_s": 2073.962638165873
    },
    {
      "epoch": 7,
      "loss": 1.963482666015625,
      "epoch_s": 0.5973733440041542,
      "batches": 10,
      "batch_pairs": 1280,
      "pairs_per_s": 2142.713619292492
    },
    {
      "epoch": 8,
      "loss": 1.5410210371017456,
      "epoch_s": 0.6406765431165695,
      "batches": 10,
      "batch_pairs": 1280,
      "pairs_per_s": 1997.8880353156728
    },
    {
      "epoch": 9,
      "loss": 1.288794994354248,
      "epoch_s": 0.6473210602998734,
      "batches": 10,
      "batch_pairs": 1280,
      "pairs_per_s": 1977.3804353083094
    },
    {
      "epoch": 10,
      "loss": 1.0848185956478118,
      "epoch_s": 0.6256930790841579,
      "batches": 10,
      "batch_pairs": 1280,
      "pairs_per_s": 2045.7314341299202
    },
    {
      "epoch": 11,
      "loss": 0.9684820830821991,
      "epoch_s": 0.6385795045644045,
      "batches": 10,
      "batch_pairs": 1280,
      "pairs_per_s": 2004.4489227275294
    },
    {
      "epoch": 12,
      "loss": 0.8679206013679505,
      "epoch_s": 0.5969598311930895,
      "batches": 10,
      "batch_pairs": 1280,
      "pairs_per_s": 2144.197872479594
    },
    {
      "epoch": 13,
      "loss": 0.7433603644371033,
      "epoch_s": 0.6056803707033396,
      "batches": 10,
      "batch_pairs": 1280,
      "pairs_per_s": 2113.325876012152
    },
    {
      "epoch": 14,
      "loss": 0.6645543694496154,
      "epoch_s": 0.6437120344489813,
      "batches": 10,
      "batch_pairs": 1280,
      "pairs_per_s": 1988.4667856111816
    },
    {
      "epoch": 15,
      "loss": 0.5812012106180191,
      "epoch_s": 0.634286604821682,
      "batches": 10,
      "batch_pairs": 1280,
      "pairs_per_s": 2018.0151847284376
    },
    {
      "epoch": 16,
      "loss": 0.570862889289856,
      "epoch_s": 0.6481742914766073,
      "batches": 10,
      "batch_pairs": 1280,
      "pairs_per_s": 1974.7774893756264
    },
    {
      "epoch": 17,
      "loss": 0.5510363936424255,
      "epoch_s": 0.6134476605802774,
      "batches": 10,
      "batch_pairs": 1280,
      "pairs_per_s": 2086.567579032271
    },
    {
      "epoch": 18,
      "loss": 0.4557704597711563,
      "epoch_s": 0.6086365524679422,
      "batches": 10,
      "batch_pairs": 1280,
      "pairs_per_s": 2103.0613340749355
    },
    {
      "epoch": 19,
      "loss": 0.45203322172164917,
      "epoch_s": 0.6299513541162014,
      "batches": 10,
      "batch_pairs": 1280,
      "pairs_per_s": 2031.9029265296094
    },
    {
      "epoch": 20,
      "loss": 0.395122817158699,
      "epoch_s": 0.6234964802861214,
      "batches": 10,
      "batch_pairs": 1280,
      "pairs_per_s": 2052.9386138837713
    },
    {
      "epoch": 21,
      "loss": 0.3974152237176895,
      "epoch_s": 0.6024880278855562,
      "batches": 10,
      "batch_pairs": 1280,
      "pairs_per_s": 2124.5235436332
    },
    {
      "epoch": 22,
      "loss": 0.38308481872081757,
      "epoch_s": 0.6249589212238789,
      "batches": 10,
      "batch_pairs": 1280,
      "pairs_per_s": 2048.1346157813564
    },
    {
      "epoch": 23,
      "loss": 0.33953904509544375,
      "epoch_s": 0.6156301908195019,
      "batches": 10,
      "batch_pairs": 1280,
      "pairs_per_s": 2079.170286135766
    },
    {
      "epoch": 24,
      "loss": 0.29663791358470915,
      "epoch_s": 0.6156613770872355,
      "batches": 10,
      "batch_pairs": 1280,
      "pairs_per_s": 2079.0649659652627
    },
    {
      "epoch": 25,
      "loss": 0.2700533464550972,
      "epoch_s": 0.61532330699265,
      "batches": 10,
      "batch_pairs": 1280,
      "pairs_per_s": 2080.2072430116636
    },
    {
      "epoch": 26,
      "loss": 0.2482698604464531,
      "epoch_s": 0.6091247107833624,
      "batches": 10,
      "batch_pairs": 1280,
      "pairs_per_s": 2101.3759207927405
    },
    {
      "epoch": 27,
      "loss": 0.23930272608995437,
      "epoch_s": 0.6079856771975756,
      "batches": 10,
      "batch_pairs": 1280,
      "pairs_per_s": 2105.312753254287
    },
    {
      "epoch": 28,
      "loss": 0.23614460229873657,
      "epoch_s": 0.6107040457427502,
      "batches": 10,
      "batch_pairs": 1280,
      "pairs_per_s": 2095.941575830301
    },
    {
      "epoch": 29,
      "loss": 0.21454829275608062,
      "epoch_s": 0.6251365523785353,
      "batches": 10,
      "batch_pairs": 1280,
      "pairs_per_s": 2047.552642906296
    },
    {
      "epoch": 30,
      "loss": 0.20418067425489425,
      "epoch_s": 0.6046767644584179,
      "batches": 10,
      "batch_pairs": 1280,
      "pairs_per_s": 2116.833447613022
    },
    {
      "epoch": 31,
      "loss": 0.18522274494171143,
      "epoch_s": 0.6178851705044508,
      "batches": 10,
      "batch_pairs": 1280,
      "pairs_per_s": 2071.5823280804566
    },
    {
      "epoch": 32,
      "loss": 0.1706854671239853,
      "epoch_s": 0.5991089642047882,
      "batches": 10,
      "batch_pairs": 1280,
      "pairs_per_s": 2136.506172460589
    },
    {
      "epoch": 33,
      "loss": 0.16927131414413452,
      "epoch_s": 0.6446382310241461,
      "batches": 10,
      "batch_pairs": 1280,
      "pairs_per_s": 1985.609817100741
    },
    {
      "epoch": 34,
      "loss": 0.1662921905517578,
      "epoch_s": 0.628601549193263,
      "batches": 10,
      "batch_pairs": 1280,
      "pairs_per_s": 2036.2660601818927
    },
    {
      "epoch": 35,
      "loss": 0.15682847574353218,
      "epoch_s": 0.637788088992238,
      "batches": 10,
      "batch_pairs": 1280,
      "pairs_per_s": 2006.9361941558268
    },
    {
      "epoch": 36,
      "loss": 0.14741220623254775,
      "epoch_s": 0.6183957662433386,
      "batches": 10,
      "batch_pairs": 1280,
      "pairs_per_s": 2069.8718682629537
    },
    {
      "epoch": 37,
      "loss": 0.14671649932861328,
      "epoch_s": 0.6372826993465424,
      "batches": 10,
      "batch_pairs": 1280,
      "pairs_per_s": 2008.5277716035407
    },
    {
      "epoch": 38,
      "loss": 0.14856591150164605,
      "epoch_s": 0.625025438144803,
      "batches": 10,
      "batch_pairs": 1280,
      "pairs_per_s": 2047.9166476796347
    },
    {
      "epoch": 39,
      "loss": 0.14028508812189103,
      "epoch_s": 0.6096109170466661,
      "batches": 10,
      "batch_pairs": 1280,
      "pairs_per_s": 2099.6999302458607
    },
    {
      "epoch": 40,
      "loss": 0.13120704591274263,
      "epoch_s": 0.615407720208168,
      "batches": 10,
      "batch_pairs": 1280,
      "pairs_per_s": 2079.9219086283592
    },
    {
      "epoch": 41,
      "loss": 0.1326327420771122,
      "epoch_s": 0.5986745115369558,
      "batches": 10,
      "batch_pairs": 1280,
      "pairs_per_s": 2138.056615628919
    },
    {
      "epoch": 42,
      "loss": 0.1267823152244091,
      "epoch_s": 0.5999204218387604,
      "batches": 10,
      "batch_pairs": 1280,
      "pairs_per_s": 2133.616315438622
    },
    {
      "epoch": 43,
      "loss": 0.12631680443882942,
      "epoch_s": 0.6226828172802925,
      "batches": 10,
      "batch_pairs": 1280,
      "pairs_per_s": 2055.621199876188
    },
    {
      "epoch": 44,
      "loss": 0.11774145141243934,
      "epoch_s": 0.6303807087242603,
      "batches": 10,
      "batch_pairs": 1280,
      "pairs_per_s": 2030.5189900090909
    },
    {
      "epoch": 45,
      "loss": 0.11737232729792595,
      "epoch_s": 0.6056272033601999,
      "batches": 10,
      "batch_pairs": 1280,
      "pairs_per_s": 2113.5114025561916
    },
    {
      "epoch": 46,
      "loss": 0.11298744603991509,
      "epoch_s": 0.6285036001354456,
      "batches": 10,
      "batch_pairs": 1280,
      "pairs_per_s": 2036.5834017882376
    },
    {
      "epoch": 47,
      "loss": 0.10432310104370117,
      "epoch_s": 0.6259613577276468,
      "batches": 10,
      "batch_pairs": 1280,
      "pairs_per_s": 2044.854661071463
    },
    {
      "epoch": 48,
      "loss": 0.10138924270868302,
      "epoch_s": 0.6281668916344643,
      "batches": 10,
      "batch_pairs": 1280,
      "pairs_per_s": 2037.6750463073483
    },
    {
      "epoch": 49,
      "loss": 0.09561411663889885,
      "epoch_s": 0.6467378158122301,
      "batches": 10,
      "batch_pairs": 1280,
      "pairs_per_s": 1979.1636868990931
    },
    {
      "epoch": 50,
      "loss": 0.08930756524205208,
      "epoch_s": 0.6359574366360903,
      "batches": 10,
      "batch_pairs": 1280,
      "pairs_per_s": 2012.713314228364
    }
  ],
  "best_params": {
    "topk": 5,
    "min_score": 0.8,
    "mutual": false,
    "reciprocal_rank_max": null,
    "row_min_score": null,
    "row_min_margin": null,
    "edge_rank_bonus": 0.0
  },
  "val_before_hnm": {
    "r@1": 0.9433333333333334,
    "r@5": 0.9733333333333334,
    "r@10": 0.9766666666666667,
    "mrr": 0.9555533998640546,
    "median_true_rank": 1.0,
    "pairs": 161,
    "tp": 140,
    "fp": 21,
    "fn": 10,
    "precision": 0.8695652173913043,
    "recall": 0.9333333333333333,
    "f1": 0.90032154340836,
    "f2": 0.9198423127463865,
    "candidate_edges": 416
  },
  "hard_negatives": 0,
  "val": {
    "r@1": 0.9433333333333334,
    "r@5": 0.9733333333333334,
    "r@10": 0.9766666666666667,
    "mrr": 0.9555533998640546,
    "median_true_rank": 1.0,
    "pairs": 168,
    "tp": 131,
    "fp": 37,
    "fn": 19,
    "precision": 0.7797619047619048,
    "recall": 0.8733333333333333,
    "f1": 0.8238993710691823,
    "f2": 0.8528645833333333,
    "candidate_edges": 416
  },
  "candidate_params": {
    "topk": 10,
    "min_score": null,
    "mutual": false,
    "reciprocal_rank_max": null,
    "row_min_score": null,
    "row_min_margin": null,
    "edge_rank_bonus": 0.0
  },
  "val_candidates": {
    "candidate_edges": 2872,
    "exhaustive_edges": 101025.0,
    "followup_reduction": 0.9715713932195001,
    "compression_factor": 35.1758356545961,
    "candidate_pair_recall": 0.98,
    "tier1_edges": 160,
    "tier1_precision": 0.875,
    "tier1_recall": 0.9333333333333333,
    "tier12_edges": 352,
    "tier12_precision": 0.40625,
    "tier12_recall": 0.9533333333333334,
    "tier3_edges": 2520,
    "tier3_precision": 0.0015873015873015873,
    "tier3_recall": 0.02666666666666667,
    "tier3_discarded_fraction": 0.8774373259052924,
    "cal_brier": 0.019850602747122192,
    "cal_nll": 0.12786919966164803,
    "cal_ece": 0.08784795892982637
  },
  "pair_calibrator": {
    "type": "logistic_pair_calibrator",
    "l2": 0.001,
    "lr": 0.05,
    "max_iter": 600,
    "pos_weight": null,
    "mean": [
      0.6678342263325842,
      0.49830314123738445,
      0.19913451589415665,
      0.055710306406685235,
      0.07092039253884372,
      0.11876166947082224
    ],
    "scale": [
      0.12464968648081907,
      0.4601773583280028,
      0.21778696792911267,
      0.22936143565725794,
      0.06996764558762808,
      0.06980332307808693
    ],
    "coef": [
      -2.0820646018443663,
      0.2205112830974008,
      0.4037467045822422,
      0.46736189158151575,
      0.8314460273307156,
      0.08897274769791276,
      -0.08111465326031687
    ]
  },
  "test": {
    "r@1": 0.9333333333333333,
    "r@5": 0.97,
    "r@10": 0.9733333333333334,
    "mrr": 0.9482755704676892,
    "median_true_rank": 1.0,
    "pairs": 166,
    "tp": 129,
    "fp": 37,
    "fn": 21,
    "precision": 0.7771084337349398,
    "recall": 0.86,
    "f1": 0.8164556962025316,
    "f2": 0.8420365535248041,
    "candidate_edges": 341
  },
  "test_candidates": {
    "candidate_edges": 2817,
    "exhaustive_edges": 101025.0,
    "followup_reduction": 0.9721158129175946,
    "compression_factor": 35.86261980830671,
    "candidate_pair_recall": 0.9733333333333334,
    "tier1_edges": 153,
    "tier1_precision": 0.9019607843137255,
    "tier1_recall": 0.92,
    "tier12_edges": 346,
    "tier12_precision": 0.41040462427745666,
    "tier12_recall": 0.9466666666666667,
    "tier3_edges": 2471,
    "tier3_precision": 0.0016187778227438284,
    "tier3_recall": 0.02666666666666667,
    "tier3_discarded_fraction": 0.8771742988995385,
    "cal_brier": 0.01891079419483349,
    "cal_nll": 0.12144257688531965,
    "cal_ece": 0.08712675552160595
  }
}
/root/miniconda3/bin/python /root/autodl-tmp/gw-catalog/scripts/08_match_first_train.py --data-root /root/autodl-tmp/qkzhang_gwaug_20260522_162031 --model-type SIS --data-mode noisy --backbone inceptiontime --lensed-limit 2500 --unlensed-limit 2500 --epochs 50 --batch-size 128 --eval-batch-size 512 --target-len 8192 --stride 2 --lr 0.001 --width-scale 2.0 --d-model 256 --emb-dim 128 --candidate-topk 10 --calibration-iters 600 --out-dir runs/sis_noisy_scale_speed_ep50_fast_20260525_163138/inceptiontime_sis_noisy_n2500_ep50 --num-workers 4 --pin-memory --amp --amp-dtype bf16 --no-export-candidates
{"epoch": 1, "loss": 3.094104625560619, "epoch_s": 2.6717268992215395, "batches": 27, "batch_pairs": 3456, "pairs_per_s": 1293.5453848246893}
{"epoch": 2, "loss": 1.8639183618404247, "epoch_s": 1.598048072308302, "batches": 27, "batch_pairs": 3456, "pairs_per_s": 2162.6383210161994}
{"epoch": 3, "loss": 1.3619474018061604, "epoch_s": 1.5911674872040749, "batches": 27, "batch_pairs": 3456, "pairs_per_s": 2171.990081366432}
{"epoch": 4, "loss": 0.9196648487338314, "epoch_s": 1.6155504304915667, "batches": 27, "batch_pairs": 3456, "pairs_per_s": 2139.2089870871046}
{"epoch": 5, "loss": 0.6912120911810133, "epoch_s": 1.5925301238894463, "batches": 27, "batch_pairs": 3456, "pairs_per_s": 2170.1316340311287}
{"epoch": 6, "loss": 0.5170439029181445, "epoch_s": 1.5661867503076792, "batches": 27, "batch_pairs": 3456, "pairs_per_s": 2206.633403916273}
{"epoch": 7, "loss": 0.4382960365878211, "epoch_s": 1.5969093888998032, "batches": 27, "batch_pairs": 3456, "pairs_per_s": 2164.180399979378}
{"epoch": 8, "loss": 0.3474351973445327, "epoch_s": 1.587043784558773, "batches": 27, "batch_pairs": 3456, "pairs_per_s": 2177.633681959714}
{"epoch": 9, "loss": 0.3083217563452544, "epoch_s": 1.5695011038333178, "batches": 27, "batch_pairs": 3456, "pairs_per_s": 2201.9736026684755}
{"epoch": 10, "loss": 0.24425530268086326, "epoch_s": 1.598384903743863, "batches": 27, "batch_pairs": 3456, "pairs_per_s": 2162.182583121928}
{"epoch": 11, "loss": 0.2394323652541196, "epoch_s": 1.6015567015856504, "batches": 27, "batch_pairs": 3456, "pairs_per_s": 2157.9004955480655}
{"epoch": 12, "loss": 0.22027487280192198, "epoch_s": 1.5818361677229404, "batches": 27, "batch_pairs": 3456, "pairs_per_s": 2184.802744126736}
{"epoch": 13, "loss": 0.18290438696190162, "epoch_s": 1.5924453493207693, "batches": 27, "batch_pairs": 3456, "pairs_per_s": 2170.2471619978032}
{"epoch": 14, "loss": 0.17583795609297576, "epoch_s": 1.6027291435748339, "batches": 27, "batch_pairs": 3456, "pairs_per_s": 2156.3219299123166}
{"epoch": 15, "loss": 0.16458842268696539, "epoch_s": 1.5820623002946377, "batches": 27, "batch_pairs": 3456, "pairs_per_s": 2184.490458660425}
{"epoch": 16, "loss": 0.15590729592023073, "epoch_s": 1.5720508005470037, "batches": 27, "batch_pairs": 3456, "pairs_per_s": 2198.4022391626695}
{"epoch": 17, "loss": 0.13887109248726456, "epoch_s": 1.576501276344061, "batches": 27, "batch_pairs": 3456, "pairs_per_s": 2192.1961319400484}
{"epoch": 18, "loss": 0.12682581748123523, "epoch_s": 1.5867292117327452, "batches": 27, "batch_pairs": 3456, "pairs_per_s": 2178.06540299713}
{"epoch": 19, "loss": 0.11416393711611077, "epoch_s": 1.5772553365677595, "batches": 27, "batch_pairs": 3456, "pairs_per_s": 2191.1480784845826}
{"epoch": 20, "loss": 0.10619781055936107, "epoch_s": 1.5700970776379108, "batches": 27, "batch_pairs": 3456, "pairs_per_s": 2201.1377826390735}
{"epoch": 21, "loss": 0.10814335693915685, "epoch_s": 1.5875969398766756, "batches": 27, "batch_pairs": 3456, "pairs_per_s": 2176.874944259128}
{"epoch": 22, "loss": 0.10272122974748965, "epoch_s": 1.6053338274359703, "batches": 27, "batch_pairs": 3456, "pairs_per_s": 2152.8232576522123}
{"epoch": 23, "loss": 0.09518476768776223, "epoch_s": 1.602801788598299, "batches": 27, "batch_pairs": 3456, "pairs_per_s": 2156.224197267949}
{"epoch": 24, "loss": 0.09312340810343071, "epoch_s": 1.6079758517444134, "batches": 27, "batch_pairs": 3456, "pairs_per_s": 2149.28600840041}
{"epoch": 25, "loss": 0.0907218572166231, "epoch_s": 1.5789508521556854, "batches": 27, "batch_pairs": 3456, "pairs_per_s": 2188.795170718358}
{"epoch": 26, "loss": 0.088678655800996, "epoch_s": 1.5858508348464966, "batches": 27, "batch_pairs": 3456, "pairs_per_s": 2179.2717978639685}
{"epoch": 27, "loss": 0.08307152020710486, "epoch_s": 1.587879654020071, "batches": 27, "batch_pairs": 3456, "pairs_per_s": 2176.4873624083325}
{"epoch": 28, "loss": 0.08591637098126942, "epoch_s": 1.57918781042099, "batches": 27, "batch_pairs": 3456, "pairs_per_s": 2188.466740430752}
{"epoch": 29, "loss": 0.07805450274436562, "epoch_s": 1.5589693449437618, "batches": 27, "batch_pairs": 3456, "pairs_per_s": 2216.849235175097}
{"epoch": 30, "loss": 0.06978184964369845, "epoch_s": 1.5624429881572723, "batches": 27, "batch_pairs": 3456, "pairs_per_s": 2211.920707632326}
{"epoch": 31, "loss": 0.0709305075859582, "epoch_s": 1.5598063357174397, "batches": 27, "batch_pairs": 3456, "pairs_per_s": 2215.6596757317297}
{"epoch": 32, "loss": 0.07296640895031116, "epoch_s": 1.5840952806174755, "batches": 27, "batch_pairs": 3456, "pairs_per_s": 2181.6869491921357}
{"epoch": 33, "loss": 0.06587722897529602, "epoch_s": 1.6089446116238832, "batches": 27, "batch_pairs": 3456, "pairs_per_s": 2147.991904153812}
{"epoch": 34, "loss": 0.06741234122051133, "epoch_s": 1.6008733790367842, "batches": 27, "batch_pairs": 3456, "pairs_per_s": 2158.8215815540707}
{"epoch": 35, "loss": 0.06546695654590924, "epoch_s": 1.5868641678243876, "batches": 27, "batch_pairs": 3456, "pairs_per_s": 2177.880167738757}
{"epoch": 36, "loss": 0.06346661059392823, "epoch_s": 1.5883994828909636, "batches": 27, "batch_pairs": 3456, "pairs_per_s": 2175.7750724710095}
{"epoch": 37, "loss": 0.060990349424106104, "epoch_s": 1.5753469187766314, "batches": 27, "batch_pairs": 3456, "pairs_per_s": 2193.8024944269605}
{"epoch": 38, "loss": 0.05880646683551647, "epoch_s": 1.5931455232203007, "batches": 27, "batch_pairs": 3456, "pairs_per_s": 2169.293356839257}
{"epoch": 39, "loss": 0.05642969382029993, "epoch_s": 1.575221300125122, "batches": 27, "batch_pairs": 3456, "pairs_per_s": 2193.9774428681767}
{"epoch": 40, "loss": 0.05972812145396515, "epoch_s": 1.594761261716485, "batches": 27, "batch_pairs": 3456, "pairs_per_s": 2167.095528944698}
{"epoch": 41, "loss": 0.06224695358563353, "epoch_s": 1.584813080728054, "batches": 27, "batch_pairs": 3456, "pairs_per_s": 2180.6988104946317}
{"epoch": 42, "loss": 0.057656823209038484, "epoch_s": 1.5685401540249586, "batches": 27, "batch_pairs": 3456, "pairs_per_s": 2203.322618889748}
{"epoch": 43, "loss": 0.0552657296260198, "epoch_s": 1.597120014950633, "batches": 27, "batch_pairs": 3456, "pairs_per_s": 2163.8949907636247}
{"epoch": 44, "loss": 0.05580725838188772, "epoch_s": 1.6183545477688313, "batches": 27, "batch_pairs": 3456, "pairs_per_s": 2135.5023871404856}
{"epoch": 45, "loss": 0.056901092606562155, "epoch_s": 1.586553929373622, "batches": 27, "batch_pairs": 3456, "pairs_per_s": 2178.306035499495}
{"epoch": 46, "loss": 0.04749845823755971, "epoch_s": 1.5927305836230516, "batches": 27, "batch_pairs": 3456, "pairs_per_s": 2169.8585030862473}
{"epoch": 47, "loss": 0.04378466087358969, "epoch_s": 1.5882449056953192, "batches": 27, "batch_pairs": 3456, "pairs_per_s": 2175.9868315063127}
{"epoch": 48, "loss": 0.04577784640369592, "epoch_s": 1.5981389787048101, "batches": 27, "batch_pairs": 3456, "pairs_per_s": 2162.5153043954087}
{"epoch": 49, "loss": 0.04360133257729036, "epoch_s": 1.593880707398057, "batches": 27, "batch_pairs": 3456, "pairs_per_s": 2168.292761157624}
{"epoch": 50, "loss": 0.046246013431637374, "epoch_s": 1.5792583599686623, "batches": 27, "batch_pairs": 3456, "pairs_per_s": 2188.3689759721}
{
  "config": {
    "data_root": "/root/autodl-tmp/qkzhang_gwaug_20260522_162031",
    "model_type": "SIS",
    "data_mode": "noisy",
    "out_dir": "runs/sis_noisy_scale_speed_ep50_fast_20260525_163138/inceptiontime_sis_noisy_n2500_ep50",
    "backbone": "inceptiontime",
    "target_len": 8192,
    "stride": 2,
    "lensed_limit": 2500,
    "unlensed_limit": 2500,
    "seed": 42,
    "train_frac": 0.7,
    "val_frac": 0.15,
    "batch_size": 128,
    "eval_batch_size": 512,
    "num_workers": 4,
    "pin_memory": true,
    "amp": true,
    "amp_dtype": "bf16",
    "compile_model": false,
    "epochs": 50,
    "lr": 0.001,
    "weight_decay": 0.0001,
    "tau": 0.07,
    "emb_dim": 128,
    "d_model": 256,
    "width_scale": 2.0,
    "aug_roll": 128,
    "aug_scale": 0.1,
    "aug_noise": 0.01,
    "aug_flip": true,
    "use_hilbert": false,
    "coarse_topk": 10,
    "coarse_min_score": 0.85,
    "coarse_mutual": false,
    "reciprocal_rank_max": 3,
    "row_min_score": 0.7,
    "row_min_margin": 0.0,
    "edge_rank_bonus": 0.0,
    "tune_for": "f1",
    "hard_neg_enable": false,
    "hard_neg_topk": 10,
    "hard_neg_min_score": 0.7,
    "hard_neg_per_anchor": 2,
    "hard_neg_epochs": 4,
    "hard_neg_lr": 0.0003,
    "hard_neg_margin": 0.45,
    "hard_neg_weight": 0.25,
    "candidate_topk": 10,
    "candidate_min_score": null,
    "candidate_mutual": false,
    "candidate_reciprocal_rank_max": null,
    "p_low": 0.2,
    "p_high": 0.8,
    "calibration_bins": 10,
    "calibration_l2": 0.001,
    "calibration_lr": 0.05,
    "calibration_iters": 600,
    "export_candidates": false
  },
  "sizes": {
    "lensed_total": 2500,
    "unlensed_total": 2500,
    "train_lensed": 1750,
    "train_unlensed": 1750,
    "val_lensed": 375,
    "val_unlensed": 375,
    "test_lensed": 375,
    "test_unlensed": 375
  },
  "timing": {
    "load_s": 0.0010552424937486649,
    "train_s": 80.47411361150444,
    "mean_epoch_s": 1.6092479145154357,
    "mean_pairs_per_s": 2159.4112264015002,
    "amp": true,
    "amp_dtype": "bf16",
    "num_workers": 4,
    "pin_memory": true,
    "compile_model": false,
    "val_embed_s": 0.5573780313134193,
    "val_similarity_s": 0.01469704695045948,
    "val_tune_s": 0.4217350874096155,
    "val_candidate_s": 5.368577212095261,
    "test_embed_s": 0.29078733175992966,
    "test_similarity_s": 0.010014582425355911,
    "test_match_s": 0.682222181931138,
    "test_candidate_s": 5.246429344639182,
    "total_s": 100.22971046157181,
    "save_s": 0.018170256167650223
  },
  "history": [
    {
      "epoch": 1,
      "loss": 3.094104625560619,
      "epoch_s": 2.6717268992215395,
      "batches": 27,
      "batch_pairs": 3456,
      "pairs_per_s": 1293.5453848246893
    },
    {
      "epoch": 2,
      "loss": 1.8639183618404247,
      "epoch_s": 1.598048072308302,
      "batches": 27,
      "batch_pairs": 3456,
      "pairs_per_s": 2162.6383210161994
    },
    {
      "epoch": 3,
      "loss": 1.3619474018061604,
      "epoch_s": 1.5911674872040749,
      "batches": 27,
      "batch_pairs": 3456,
      "pairs_per_s": 2171.990081366432
    },
    {
      "epoch": 4,
      "loss": 0.9196648487338314,
      "epoch_s": 1.6155504304915667,
      "batches": 27,
      "batch_pairs": 3456,
      "pairs_per_s": 2139.2089870871046
    },
    {
      "epoch": 5,
      "loss": 0.6912120911810133,
      "epoch_s": 1.5925301238894463,
      "batches": 27,
      "batch_pairs": 3456,
      "pairs_per_s": 2170.1316340311287
    },
    {
      "epoch": 6,
      "loss": 0.5170439029181445,
      "epoch_s": 1.5661867503076792,
      "batches": 27,
      "batch_pairs": 3456,
      "pairs_per_s": 2206.633403916273
    },
    {
      "epoch": 7,
      "loss": 0.4382960365878211,
      "epoch_s": 1.5969093888998032,
      "batches": 27,
      "batch_pairs": 3456,
      "pairs_per_s": 2164.180399979378
    },
    {
      "epoch": 8,
      "loss": 0.3474351973445327,
      "epoch_s": 1.587043784558773,
      "batches": 27,
      "batch_pairs": 3456,
      "pairs_per_s": 2177.633681959714
    },
    {
      "epoch": 9,
      "loss": 0.3083217563452544,
      "epoch_s": 1.5695011038333178,
      "batches": 27,
      "batch_pairs": 3456,
      "pairs_per_s": 2201.9736026684755
    },
    {
      "epoch": 10,
      "loss": 0.24425530268086326,
      "epoch_s": 1.598384903743863,
      "batches": 27,
      "batch_pairs": 3456,
      "pairs_per_s": 2162.182583121928
    },
    {
      "epoch": 11,
      "loss": 0.2394323652541196,
      "epoch_s": 1.6015567015856504,
      "batches": 27,
      "batch_pairs": 3456,
      "pairs_per_s": 2157.9004955480655
    },
    {
      "epoch": 12,
      "loss": 0.22027487280192198,
      "epoch_s": 1.5818361677229404,
      "batches": 27,
      "batch_pairs": 3456,
      "pairs_per_s": 2184.802744126736
    },
    {
      "epoch": 13,
      "loss": 0.18290438696190162,
      "epoch_s": 1.5924453493207693,
      "batches": 27,
      "batch_pairs": 3456,
      "pairs_per_s": 2170.2471619978032
    },
    {
      "epoch": 14,
      "loss": 0.17583795609297576,
      "epoch_s": 1.6027291435748339,
      "batches": 27,
      "batch_pairs": 3456,
      "pairs_per_s": 2156.3219299123166
    },
    {
      "epoch": 15,
      "loss": 0.16458842268696539,
      "epoch_s": 1.5820623002946377,
      "batches": 27,
      "batch_pairs": 3456,
      "pairs_per_s": 2184.490458660425
    },
    {
      "epoch": 16,
      "loss": 0.15590729592023073,
      "epoch_s": 1.5720508005470037,
      "batches": 27,
      "batch_pairs": 3456,
      "pairs_per_s": 2198.4022391626695
    },
    {
      "epoch": 17,
      "loss": 0.13887109248726456,
      "epoch_s": 1.576501276344061,
      "batches": 27,
      "batch_pairs": 3456,
      "pairs_per_s": 2192.1961319400484
    },
    {
      "epoch": 18,
      "loss": 0.12682581748123523,
      "epoch_s": 1.5867292117327452,
      "batches": 27,
      "batch_pairs": 3456,
      "pairs_per_s": 2178.06540299713
    },
    {
      "epoch": 19,
      "loss": 0.11416393711611077,
      "epoch_s": 1.5772553365677595,
      "batches": 27,
      "batch_pairs": 3456,
      "pairs_per_s": 2191.1480784845826
    },
    {
      "epoch": 20,
      "loss": 0.10619781055936107,
      "epoch_s": 1.5700970776379108,
      "batches": 27,
      "batch_pairs": 3456,
      "pairs_per_s": 2201.1377826390735
    },
    {
      "epoch": 21,
      "loss": 0.10814335693915685,
      "epoch_s": 1.5875969398766756,
      "batches": 27,
      "batch_pairs": 3456,
      "pairs_per_s": 2176.874944259128
    },
    {
      "epoch": 22,
      "loss": 0.10272122974748965,
      "epoch_s": 1.6053338274359703,
      "batches": 27,
      "batch_pairs": 3456,
      "pairs_per_s": 2152.8232576522123
    },
    {
      "epoch": 23,
      "loss": 0.09518476768776223,
      "epoch_s": 1.602801788598299,
      "batches": 27,
      "batch_pairs": 3456,
      "pairs_per_s": 2156.224197267949
    },
    {
      "epoch": 24,
      "loss": 0.09312340810343071,
      "epoch_s": 1.6079758517444134,
      "batches": 27,
      "batch_pairs": 3456,
      "pairs_per_s": 2149.28600840041
    },
    {
      "epoch": 25,
      "loss": 0.0907218572166231,
      "epoch_s": 1.5789508521556854,
      "batches": 27,
      "batch_pairs": 3456,
      "pairs_per_s": 2188.795170718358
    },
    {
      "epoch": 26,
      "loss": 0.088678655800996,
      "epoch_s": 1.5858508348464966,
      "batches": 27,
      "batch_pairs": 3456,
      "pairs_per_s": 2179.2717978639685
    },
    {
      "epoch": 27,
      "loss": 0.08307152020710486,
      "epoch_s": 1.587879654020071,
      "batches": 27,
      "batch_pairs": 3456,
      "pairs_per_s": 2176.4873624083325
    },
    {
      "epoch": 28,
      "loss": 0.08591637098126942,
      "epoch_s": 1.57918781042099,
      "batches": 27,
      "batch_pairs": 3456,
      "pairs_per_s": 2188.466740430752
    },
    {
      "epoch": 29,
      "loss": 0.07805450274436562,
      "epoch_s": 1.5589693449437618,
      "batches": 27,
      "batch_pairs": 3456,
      "pairs_per_s": 2216.849235175097
    },
    {
      "epoch": 30,
      "loss": 0.06978184964369845,
      "epoch_s": 1.5624429881572723,
      "batches": 27,
      "batch_pairs": 3456,
      "pairs_per_s": 2211.920707632326
    },
    {
      "epoch": 31,
      "loss": 0.0709305075859582,
      "epoch_s": 1.5598063357174397,
      "batches": 27,
      "batch_pairs": 3456,
      "pairs_per_s": 2215.6596757317297
    },
    {
      "epoch": 32,
      "loss": 0.07296640895031116,
      "epoch_s": 1.5840952806174755,
      "batches": 27,
      "batch_pairs": 3456,
      "pairs_per_s": 2181.6869491921357
    },
    {
      "epoch": 33,
      "loss": 0.06587722897529602,
      "epoch_s": 1.6089446116238832,
      "batches": 27,
      "batch_pairs": 3456,
      "pairs_per_s": 2147.991904153812
    },
    {
      "epoch": 34,
      "loss": 0.06741234122051133,
      "epoch_s": 1.6008733790367842,
      "batches": 27,
      "batch_pairs": 3456,
      "pairs_per_s": 2158.8215815540707
    },
    {
      "epoch": 35,
      "loss": 0.06546695654590924,
      "epoch_s": 1.5868641678243876,
      "batches": 27,
      "batch_pairs": 3456,
      "pairs_per_s": 2177.880167738757
    },
    {
      "epoch": 36,
      "loss": 0.06346661059392823,
      "epoch_s": 1.5883994828909636,
      "batches": 27,
      "batch_pairs": 3456,
      "pairs_per_s": 2175.7750724710095
    },
    {
      "epoch": 37,
      "loss": 0.060990349424106104,
      "epoch_s": 1.5753469187766314,
      "batches": 27,
      "batch_pairs": 3456,
      "pairs_per_s": 2193.8024944269605
    },
    {
      "epoch": 38,
      "loss": 0.05880646683551647,
      "epoch_s": 1.5931455232203007,
      "batches": 27,
      "batch_pairs": 3456,
      "pairs_per_s": 2169.293356839257
    },
    {
      "epoch": 39,
      "loss": 0.05642969382029993,
      "epoch_s": 1.575221300125122,
      "batches": 27,
      "batch_pairs": 3456,
      "pairs_per_s": 2193.9774428681767
    },
    {
      "epoch": 40,
      "loss": 0.05972812145396515,
      "epoch_s": 1.594761261716485,
      "batches": 27,
      "batch_pairs": 3456,
      "pairs_per_s": 2167.095528944698
    },
    {
      "epoch": 41,
      "loss": 0.06224695358563353,
      "epoch_s": 1.584813080728054,
      "batches": 27,
      "batch_pairs": 3456,
      "pairs_per_s": 2180.6988104946317
    },
    {
      "epoch": 42,
      "loss": 0.057656823209038484,
      "epoch_s": 1.5685401540249586,
      "batches": 27,
      "batch_pairs": 3456,
      "pairs_per_s": 2203.322618889748
    },
    {
      "epoch": 43,
      "loss": 0.0552657296260198,
      "epoch_s": 1.597120014950633,
      "batches": 27,
      "batch_pairs": 3456,
      "pairs_per_s": 2163.8949907636247
    },
    {
      "epoch": 44,
      "loss": 0.05580725838188772,
      "epoch_s": 1.6183545477688313,
      "batches": 27,
      "batch_pairs": 3456,
      "pairs_per_s": 2135.5023871404856
    },
    {
      "epoch": 45,
      "loss": 0.056901092606562155,
      "epoch_s": 1.586553929373622,
      "batches": 27,
      "batch_pairs": 3456,
      "pairs_per_s": 2178.306035499495
    },
    {
      "epoch": 46,
      "loss": 0.04749845823755971,
      "epoch_s": 1.5927305836230516,
      "batches": 27,
      "batch_pairs": 3456,
      "pairs_per_s": 2169.8585030862473
    },
    {
      "epoch": 47,
      "loss": 0.04378466087358969,
      "epoch_s": 1.5882449056953192,
      "batches": 27,
      "batch_pairs": 3456,
      "pairs_per_s": 2175.9868315063127
    },
    {
      "epoch": 48,
      "loss": 0.04577784640369592,
      "epoch_s": 1.5981389787048101,
      "batches": 27,
      "batch_pairs": 3456,
      "pairs_per_s": 2162.5153043954087
    },
    {
      "epoch": 49,
      "loss": 0.04360133257729036,
      "epoch_s": 1.593880707398057,
      "batches": 27,
      "batch_pairs": 3456,
      "pairs_per_s": 2168.292761157624
    },
    {
      "epoch": 50,
      "loss": 0.046246013431637374,
      "epoch_s": 1.5792583599686623,
      "batches": 27,
      "batch_pairs": 3456,
      "pairs_per_s": 2188.3689759721
    }
  ],
  "best_params": {
    "topk": 5,
    "min_score": 0.8,
    "mutual": false,
    "reciprocal_rank_max": null,
    "row_min_score": null,
    "row_min_margin": null,
    "edge_rank_bonus": 0.0
  },
  "val_before_hnm": {
    "r@1": 0.9173333333333333,
    "r@5": 0.976,
    "r@10": 0.984,
    "mrr": 0.9417870563275965,
    "median_true_rank": 1.0,
    "pairs": 387,
    "tp": 337,
    "fp": 50,
    "fn": 38,
    "precision": 0.8708010335917312,
    "recall": 0.8986666666666666,
    "f1": 0.884514435695538,
    "f2": 0.8929517753047164,
    "candidate_edges": 736
  },
  "hard_negatives": 0,
  "val": {
    "r@1": 0.9173333333333333,
    "r@5": 0.976,
    "r@10": 0.984,
    "mrr": 0.9417870563275965,
    "median_true_rank": 1.0,
    "pairs": 401,
    "tp": 324,
    "fp": 77,
    "fn": 51,
    "precision": 0.8079800498753117,
    "recall": 0.864,
    "f1": 0.8350515463917525,
    "f2": 0.8521830615465544,
    "candidate_edges": 736
  },
  "candidate_params": {
    "topk": 10,
    "min_score": null,
    "mutual": false,
    "reciprocal_rank_max": null,
    "row_min_score": null,
    "row_min_margin": null,
    "edge_rank_bonus": 0.0
  },
  "val_candidates": {
    "candidate_edges": 7144,
    "exhaustive_edges": 632250.0,
    "followup_reduction": 0.9887006722024516,
    "compression_factor": 88.5008398656215,
    "candidate_pair_recall": 0.9866666666666667,
    "tier1_edges": 395,
    "tier1_precision": 0.8556962025316456,
    "tier1_recall": 0.9013333333333333,
    "tier12_edges": 1166,
    "tier12_precision": 0.30874785591766724,
    "tier12_recall": 0.96,
    "tier3_edges": 5978,
    "tier3_precision": 0.0016728002676480427,
    "tier3_recall": 0.02666666666666667,
    "tier3_discarded_fraction": 0.8367861142217246,
    "cal_brier": 0.02934879457997867,
    "cal_nll": 0.15751682827151173,
    "cal_ece": 0.1040407923525533
  },
  "pair_calibrator": {
    "type": "logistic_pair_calibrator",
    "l2": 0.001,
    "lr": 0.05,
    "max_iter": 600,
    "pos_weight": null,
    "mean": [
      0.6541202367311563,
      0.49989797027462474,
      0.20054092628240985,
      0.05529115341545353,
      0.07562737646622193,
      0.12958630558190928
    ],
    "scale": [
      0.11289890484692758,
      0.46195992366397876,
      0.21770787506196143,
      0.22854767942257104,
      0.07864427599509603,
      0.07656759922286017
    ],
    "coef": [
      -1.967757323921087,
      0.3015137385072417,
      0.4310268105180136,
      0.49606161643835256,
      0.7167379788492083,
      0.05078707060339976,
      -0.2820478915954124
    ]
  },
  "test": {
    "r@1": 0.9373333333333334,
    "r@5": 0.972,
    "r@10": 0.972,
    "mrr": 0.9520403399687608,
    "median_true_rank": 1.0,
    "pairs": 408,
    "tp": 330,
    "fp": 78,
    "fn": 45,
    "precision": 0.8088235294117647,
    "recall": 0.88,
    "f1": 0.842911877394636,
    "f2": 0.8647798742138364,
    "candidate_edges": 802
  },
  "test_candidates": {
    "candidate_edges": 7209,
    "exhaustive_edges": 632250.0,
    "followup_reduction": 0.9885978647686833,
    "compression_factor": 87.70287141073658,
    "candidate_pair_recall": 0.9733333333333334,
    "tier1_edges": 397,
    "tier1_precision": 0.871536523929471,
    "tier1_recall": 0.9226666666666666,
    "tier12_edges": 1151,
    "tier12_precision": 0.314509122502172,
    "tier12_recall": 0.9653333333333334,
    "tier3_edges": 6058,
    "tier3_precision": 0.0004952129415648729,
    "tier3_recall": 0.008,
    "tier3_discarded_fraction": 0.8403384658066306,
    "cal_brier": 0.027456305406369834,
    "cal_nll": 0.15105626823076254,
    "cal_ece": 0.10577628053342367
  }
}
/root/miniconda3/bin/python /root/autodl-tmp/gw-catalog/scripts/08_match_first_train.py --data-root /root/autodl-tmp/qkzhang_gwaug_20260522_162031 --model-type SIS --data-mode noisy --backbone inceptiontime --lensed-limit 5000 --unlensed-limit 5000 --epochs 50 --batch-size 128 --eval-batch-size 512 --target-len 8192 --stride 2 --lr 0.001 --width-scale 2.0 --d-model 256 --emb-dim 128 --candidate-topk 10 --calibration-iters 600 --out-dir runs/sis_noisy_scale_speed_ep50_fast_20260525_163138/inceptiontime_sis_noisy_n5000_ep50 --num-workers 4 --pin-memory --amp --amp-dtype bf16 --no-export-candidates
{"epoch": 1, "loss": 2.6516558240961143, "epoch_s": 4.1805956196039915, "batches": 54, "batch_pairs": 6912, "pairs_per_s": 1653.3529259772658}
{"epoch": 2, "loss": 1.2958612077765994, "epoch_s": 3.09582949988544, "batches": 54, "batch_pairs": 6912, "pairs_per_s": 2232.6810957308135}
{"epoch": 3, "loss": 0.7566534611913893, "epoch_s": 3.0462675392627716, "batches": 54, "batch_pairs": 6912, "pairs_per_s": 2269.006221847729}
{"epoch": 4, "loss": 0.4958606384418629, "epoch_s": 3.070036442950368, "batches": 54, "batch_pairs": 6912, "pairs_per_s": 2251.4390719601447}
{"epoch": 5, "loss": 0.3928514062254517, "epoch_s": 3.0892977211624384, "batches": 54, "batch_pairs": 6912, "pairs_per_s": 2237.401708696162}
{"epoch": 6, "loss": 0.328319754589487, "epoch_s": 3.091642737388611, "batches": 54, "batch_pairs": 6912, "pairs_per_s": 2235.7046357297722}
{"epoch": 7, "loss": 0.2924575518678736, "epoch_s": 3.1160382479429245, "batches": 54, "batch_pairs": 6912, "pairs_per_s": 2218.201270335179}
{"epoch": 8, "loss": 0.24552663636428337, "epoch_s": 3.1197657473385334, "batches": 54, "batch_pairs": 6912, "pairs_per_s": 2215.550961124762}
{"epoch": 9, "loss": 0.2171149022049374, "epoch_s": 3.111458508297801, "batches": 54, "batch_pairs": 6912, "pairs_per_s": 2221.4662292833777}
{"epoch": 10, "loss": 0.19251554210980734, "epoch_s": 3.0930497720837593, "batches": 54, "batch_pairs": 6912, "pairs_per_s": 2234.687609098333}
{"epoch": 11, "loss": 0.17437233817246225, "epoch_s": 3.1246597189456224, "batches": 54, "batch_pairs": 6912, "pairs_per_s": 2212.0808733478243}
{"epoch": 12, "loss": 0.15372820267522777, "epoch_s": 3.1164465695619583, "batches": 54, "batch_pairs": 6912, "pairs_per_s": 2217.9106381957117}
{"epoch": 13, "loss": 0.13711938579325322, "epoch_s": 3.091344926506281, "batches": 54, "batch_pairs": 6912, "pairs_per_s": 2235.9200167972444}
{"epoch": 14, "loss": 0.13034365422747754, "epoch_s": 3.0929414816200733, "batches": 54, "batch_pairs": 6912, "pairs_per_s": 2234.7658502674017}
{"epoch": 15, "loss": 0.12388373497459623, "epoch_s": 3.080608330667019, "batches": 54, "batch_pairs": 6912, "pairs_per_s": 2243.712688559601}
{"epoch": 16, "loss": 0.10919909193008034, "epoch_s": 3.062361091375351, "batches": 54, "batch_pairs": 6912, "pairs_per_s": 2257.081968376146}
{"epoch": 17, "loss": 0.0964908968243334, "epoch_s": 3.0711450707167387, "batches": 54, "batch_pairs": 6912, "pairs_per_s": 2250.6263432182604}
{"epoch": 18, "loss": 0.08807891193363401, "epoch_s": 3.141487792134285, "batches": 54, "batch_pairs": 6912, "pairs_per_s": 2200.2313735887797}
{"epoch": 19, "loss": 0.0977648967118175, "epoch_s": 3.121568785980344, "batches": 54, "batch_pairs": 6912, "pairs_per_s": 2214.271244331799}
{"epoch": 20, "loss": 0.08647114286820094, "epoch_s": 3.056525431573391, "batches": 54, "batch_pairs": 6912, "pairs_per_s": 2261.391293722018}
{"epoch": 21, "loss": 0.0856278408318758, "epoch_s": 3.0814520996063948, "batches": 54, "batch_pairs": 6912, "pairs_per_s": 2243.098310982311}
{"epoch": 22, "loss": 0.08039161569818302, "epoch_s": 3.1143728885799646, "batches": 54, "batch_pairs": 6912, "pairs_per_s": 2219.3874167558683}
{"epoch": 23, "loss": 0.0674873022707524, "epoch_s": 3.12598455324769, "batches": 54, "batch_pairs": 6912, "pairs_per_s": 2211.1433637184455}
{"epoch": 24, "loss": 0.06665152897713361, "epoch_s": 3.1140000484883785, "batches": 54, "batch_pairs": 6912, "pairs_per_s": 2219.6531446283293}
{"epoch": 25, "loss": 0.06958201293040205, "epoch_s": 3.1091621685773134, "batches": 54, "batch_pairs": 6912, "pairs_per_s": 2223.1069417529884}
{"epoch": 26, "loss": 0.05982534884026757, "epoch_s": 3.105880258604884, "batches": 54, "batch_pairs": 6912, "pairs_per_s": 2225.456046108091}
{"epoch": 27, "loss": 0.06469465150601333, "epoch_s": 3.134774746373296, "batches": 54, "batch_pairs": 6912, "pairs_per_s": 2204.9431168847705}
{"epoch": 28, "loss": 0.06221992660451819, "epoch_s": 3.1021695267409086, "batches": 54, "batch_pairs": 6912, "pairs_per_s": 2228.1180768549552}
{"epoch": 29, "loss": 0.06137296005531594, "epoch_s": 3.115159770473838, "batches": 54, "batch_pairs": 6912, "pairs_per_s": 2218.826804812209}
{"epoch": 30, "loss": 0.05236344149819127, "epoch_s": 3.116007450968027, "batches": 54, "batch_pairs": 6912, "pairs_per_s": 2218.223193867107}
{"epoch": 31, "loss": 0.053484338232212596, "epoch_s": 3.1047530751675367, "batches": 54, "batch_pairs": 6912, "pairs_per_s": 2226.263999956589}
{"epoch": 32, "loss": 0.04585105415295671, "epoch_s": 3.098011650145054, "batches": 54, "batch_pairs": 6912, "pairs_per_s": 2231.1084594134336}
{"epoch": 33, "loss": 0.04654374311643618, "epoch_s": 3.1231065690517426, "batches": 54, "batch_pairs": 6912, "pairs_per_s": 2213.1809617046356}
{"epoch": 34, "loss": 0.0486785129264549, "epoch_s": 3.1016087979078293, "batches": 54, "batch_pairs": 6912, "pairs_per_s": 2228.5208904045044}
{"epoch": 35, "loss": 0.0468144075324138, "epoch_s": 3.1133478097617626, "batches": 54, "batch_pairs": 6912, "pairs_per_s": 2220.118156515547}
{"epoch": 36, "loss": 0.04904760620384305, "epoch_s": 3.0986068416386843, "batches": 54, "batch_pairs": 6912, "pairs_per_s": 2230.6799001142786}
{"epoch": 37, "loss": 0.05189117002818319, "epoch_s": 3.1087455600500107, "batches": 54, "batch_pairs": 6912, "pairs_per_s": 2223.404864272265}
{"epoch": 38, "loss": 0.04474111467047974, "epoch_s": 3.1319875437766314, "batches": 54, "batch_pairs": 6912, "pairs_per_s": 2206.9053287693896}
{"epoch": 39, "loss": 0.0404148081800452, "epoch_s": 3.1164579670876265, "batches": 54, "batch_pairs": 6912, "pairs_per_s": 2217.90252684183}
{"epoch": 40, "loss": 0.04225815322112154, "epoch_s": 3.123871685937047, "batches": 54, "batch_pairs": 6912, "pairs_per_s": 2212.638896506613}
{"epoch": 41, "loss": 0.04166199825704098, "epoch_s": 3.1247571986168623, "batches": 54, "batch_pairs": 6912, "pairs_per_s": 2212.0118654529438}
{"epoch": 42, "loss": 0.03903815702155784, "epoch_s": 3.1288474835455418, "batches": 54, "batch_pairs": 6912, "pairs_per_s": 2209.120142912007}
{"epoch": 43, "loss": 0.03945612624563553, "epoch_s": 3.0928559359163046, "batches": 54, "batch_pairs": 6912, "pairs_per_s": 2234.8276619461158}
{"epoch": 44, "loss": 0.04203872872447526, "epoch_s": 3.1395549587905407, "batches": 54, "batch_pairs": 6912, "pairs_per_s": 2201.5859224400165}
{"epoch": 45, "loss": 0.03730894921830407, "epoch_s": 3.138722011819482, "batches": 54, "batch_pairs": 6912, "pairs_per_s": 2202.1701743485055}
{"epoch": 46, "loss": 0.04066790695543642, "epoch_s": 3.1132139209657907, "batches": 54, "batch_pairs": 6912, "pairs_per_s": 2220.2136362848264}
{"epoch": 47, "loss": 0.0396480486486797, "epoch_s": 3.078172756358981, "batches": 54, "batch_pairs": 6912, "pairs_per_s": 2245.4880044406164}
{"epoch": 48, "loss": 0.04575951321533433, "epoch_s": 3.128635847941041, "batches": 54, "batch_pairs": 6912, "pairs_per_s": 2209.2695781609723}
{"epoch": 49, "loss": 0.0388181756629988, "epoch_s": 3.1071633864194155, "batches": 54, "batch_pairs": 6912, "pairs_per_s": 2224.53702634709}
{"epoch": 50, "loss": 0.03280455736374414, "epoch_s": 3.1076904833316803, "batches": 54, "batch_pairs": 6912, "pairs_per_s": 2224.15972152729}
{
  "config": {
    "data_root": "/root/autodl-tmp/qkzhang_gwaug_20260522_162031",
    "model_type": "SIS",
    "data_mode": "noisy",
    "out_dir": "runs/sis_noisy_scale_speed_ep50_fast_20260525_163138/inceptiontime_sis_noisy_n5000_ep50",
    "backbone": "inceptiontime",
    "target_len": 8192,
    "stride": 2,
    "lensed_limit": 5000,
    "unlensed_limit": 5000,
    "seed": 42,
    "train_frac": 0.7,
    "val_frac": 0.15,
    "batch_size": 128,
    "eval_batch_size": 512,
    "num_workers": 4,
    "pin_memory": true,
    "amp": true,
    "amp_dtype": "bf16",
    "compile_model": false,
    "epochs": 50,
    "lr": 0.001,
    "weight_decay": 0.0001,
    "tau": 0.07,
    "emb_dim": 128,
    "d_model": 256,
    "width_scale": 2.0,
    "aug_roll": 128,
    "aug_scale": 0.1,
    "aug_noise": 0.01,
    "aug_flip": true,
    "use_hilbert": false,
    "coarse_topk": 10,
    "coarse_min_score": 0.85,
    "coarse_mutual": false,
    "reciprocal_rank_max": 3,
    "row_min_score": 0.7,
    "row_min_margin": 0.0,
    "edge_rank_bonus": 0.0,
    "tune_for": "f1",
    "hard_neg_enable": false,
    "hard_neg_topk": 10,
    "hard_neg_min_score": 0.7,
    "hard_neg_per_anchor": 2,
    "hard_neg_epochs": 4,
    "hard_neg_lr": 0.0003,
    "hard_neg_margin": 0.45,
    "hard_neg_weight": 0.25,
    "candidate_topk": 10,
    "candidate_min_score": null,
    "candidate_mutual": false,
    "candidate_reciprocal_rank_max": null,
    "p_low": 0.2,
    "p_high": 0.8,
    "calibration_bins": 10,
    "calibration_l2": 0.001,
    "calibration_lr": 0.05,
    "calibration_iters": 600,
    "export_candidates": false
  },
  "sizes": {
    "lensed_total": 5000,
    "unlensed_total": 5000,
    "train_lensed": 3500,
    "train_unlensed": 3500,
    "val_lensed": 750,
    "val_unlensed": 750,
    "test_lensed": 750,
    "test_unlensed": 750
  },
  "timing": {
    "load_s": 0.0011556241661310196,
    "train_s": 156.38486764393747,
    "mean_epoch_s": 3.127442920617759,
    "mean_pairs_per_s": 2214.0709630982574,
    "amp": true,
    "amp_dtype": "bf16",
    "num_workers": 4,
    "pin_memory": true,
    "compile_model": false,
    "val_embed_s": 0.6762885395437479,
    "val_similarity_s": 0.02858014591038227,
    "val_tune_s": 1.5770425461232662,
    "val_candidate_s": 21.252229873090982,
    "test_embed_s": 0.4025254175066948,
    "test_similarity_s": 0.02602587640285492,
    "test_match_s": 2.725221436470747,
    "test_candidate_s": 21.258302990347147,
    "total_s": 229.4450278263539,
    "save_s": 0.029721232131123543
  },
  "history": [
    {
      "epoch": 1,
      "loss": 2.6516558240961143,
      "epoch_s": 4.1805956196039915,
      "batches": 54,
      "batch_pairs": 6912,
      "pairs_per_s": 1653.3529259772658
    },
    {
      "epoch": 2,
      "loss": 1.2958612077765994,
      "epoch_s": 3.09582949988544,
      "batches": 54,
      "batch_pairs": 6912,
      "pairs_per_s": 2232.6810957308135
    },
    {
      "epoch": 3,
      "loss": 0.7566534611913893,
      "epoch_s": 3.0462675392627716,
      "batches": 54,
      "batch_pairs": 6912,
      "pairs_per_s": 2269.006221847729
    },
    {
      "epoch": 4,
      "loss": 0.4958606384418629,
      "epoch_s": 3.070036442950368,
      "batches": 54,
      "batch_pairs": 6912,
      "pairs_per_s": 2251.4390719601447
    },
    {
      "epoch": 5,
      "loss": 0.3928514062254517,
      "epoch_s": 3.0892977211624384,
      "batches": 54,
      "batch_pairs": 6912,
      "pairs_per_s": 2237.401708696162
    },
    {
      "epoch": 6,
      "loss": 0.328319754589487,
      "epoch_s": 3.091642737388611,
      "batches": 54,
      "batch_pairs": 6912,
      "pairs_per_s": 2235.7046357297722
    },
    {
      "epoch": 7,
      "loss": 0.2924575518678736,
      "epoch_s": 3.1160382479429245,
      "batches": 54,
      "batch_pairs": 6912,
      "pairs_per_s": 2218.201270335179
    },
    {
      "epoch": 8,
      "loss": 0.24552663636428337,
      "epoch_s": 3.1197657473385334,
      "batches": 54,
      "batch_pairs": 6912,
      "pairs_per_s": 2215.550961124762
    },
    {
      "epoch": 9,
      "loss": 0.2171149022049374,
      "epoch_s": 3.111458508297801,
      "batches": 54,
      "batch_pairs": 6912,
      "pairs_per_s": 2221.4662292833777
    },
    {
      "epoch": 10,
      "loss": 0.19251554210980734,
      "epoch_s": 3.0930497720837593,
      "batches": 54,
      "batch_pairs": 6912,
      "pairs_per_s": 2234.687609098333
    },
    {
      "epoch": 11,
      "loss": 0.17437233817246225,
      "epoch_s": 3.1246597189456224,
      "batches": 54,
      "batch_pairs": 6912,
      "pairs_per_s": 2212.0808733478243
    },
    {
      "epoch": 12,
      "loss": 0.15372820267522777,
      "epoch_s": 3.1164465695619583,
      "batches": 54,
      "batch_pairs": 6912,
      "pairs_per_s": 2217.9106381957117
    },
    {
      "epoch": 13,
      "loss": 0.13711938579325322,
      "epoch_s": 3.091344926506281,
      "batches": 54,
      "batch_pairs": 6912,
      "pairs_per_s": 2235.9200167972444
    },
    {
      "epoch": 14,
      "loss": 0.13034365422747754,
      "epoch_s": 3.0929414816200733,
      "batches": 54,
      "batch_pairs": 6912,
      "pairs_per_s": 2234.7658502674017
    },
    {
      "epoch": 15,
      "loss": 0.12388373497459623,
      "epoch_s": 3.080608330667019,
      "batches": 54,
      "batch_pairs": 6912,
      "pairs_per_s": 2243.712688559601
    },
    {
      "epoch": 16,
      "loss": 0.10919909193008034,
      "epoch_s": 3.062361091375351,
      "batches": 54,
      "batch_pairs": 6912,
      "pairs_per_s": 2257.081968376146
    },
    {
      "epoch": 17,
      "loss": 0.0964908968243334,
      "epoch_s": 3.0711450707167387,
      "batches": 54,
      "batch_pairs": 6912,
      "pairs_per_s": 2250.6263432182604
    },
    {
      "epoch": 18,
      "loss": 0.08807891193363401,
      "epoch_s": 3.141487792134285,
      "batches": 54,
      "batch_pairs": 6912,
      "pairs_per_s": 2200.2313735887797
    },
    {
      "epoch": 19,
      "loss": 0.0977648967118175,
      "epoch_s": 3.121568785980344,
      "batches": 54,
      "batch_pairs": 6912,
      "pairs_per_s": 2214.271244331799
    },
    {
      "epoch": 20,
      "loss": 0.08647114286820094,
      "epoch_s": 3.056525431573391,
      "batches": 54,
      "batch_pairs": 6912,
      "pairs_per_s": 2261.391293722018
    },
    {
      "epoch": 21,
      "loss": 0.0856278408318758,
      "epoch_s": 3.0814520996063948,
      "batches": 54,
      "batch_pairs": 6912,
      "pairs_per_s": 2243.098310982311
    },
    {
      "epoch": 22,
      "loss": 0.08039161569818302,
      "epoch_s": 3.1143728885799646,
      "batches": 54,
      "batch_pairs": 6912,
      "pairs_per_s": 2219.3874167558683
    },
    {
      "epoch": 23,
      "loss": 0.0674873022707524,
      "epoch_s": 3.12598455324769,
      "batches": 54,
      "batch_pairs": 6912,
      "pairs_per_s": 2211.1433637184455
    },
    {
      "epoch": 24,
      "loss": 0.06665152897713361,
      "epoch_s": 3.1140000484883785,
      "batches": 54,
      "batch_pairs": 6912,
      "pairs_per_s": 2219.6531446283293
    },
    {
      "epoch": 25,
      "loss": 0.06958201293040205,
      "epoch_s": 3.1091621685773134,
      "batches": 54,
      "batch_pairs": 6912,
      "pairs_per_s": 2223.1069417529884
    },
    {
      "epoch": 26,
      "loss": 0.05982534884026757,
      "epoch_s": 3.105880258604884,
      "batches": 54,
      "batch_pairs": 6912,
      "pairs_per_s": 2225.456046108091
    },
    {
      "epoch": 27,
      "loss": 0.06469465150601333,
      "epoch_s": 3.134774746373296,
      "batches": 54,
      "batch_pairs": 6912,
      "pairs_per_s": 2204.9431168847705
    },
    {
      "epoch": 28,
      "loss": 0.06221992660451819,
      "epoch_s": 3.1021695267409086,
      "batches": 54,
      "batch_pairs": 6912,
      "pairs_per_s": 2228.1180768549552
    },
    {
      "epoch": 29,
      "loss": 0.06137296005531594,
      "epoch_s": 3.115159770473838,
      "batches": 54,
      "batch_pairs": 6912,
      "pairs_per_s": 2218.826804812209
    },
    {
      "epoch": 30,
      "loss": 0.05236344149819127,
      "epoch_s": 3.116007450968027,
      "batches": 54,
      "batch_pairs": 6912,
      "pairs_per_s": 2218.223193867107
    },
    {
      "epoch": 31,
      "loss": 0.053484338232212596,
      "epoch_s": 3.1047530751675367,
      "batches": 54,
      "batch_pairs": 6912,
      "pairs_per_s": 2226.263999956589
    },
    {
      "epoch": 32,
      "loss": 0.04585105415295671,
      "epoch_s": 3.098011650145054,
      "batches": 54,
      "batch_pairs": 6912,
      "pairs_per_s": 2231.1084594134336
    },
    {
      "epoch": 33,
      "loss": 0.04654374311643618,
      "epoch_s": 3.1231065690517426,
      "batches": 54,
      "batch_pairs": 6912,
      "pairs_per_s": 2213.1809617046356
    },
    {
      "epoch": 34,
      "loss": 0.0486785129264549,
      "epoch_s": 3.1016087979078293,
      "batches": 54,
      "batch_pairs": 6912,
      "pairs_per_s": 2228.5208904045044
    },
    {
      "epoch": 35,
      "loss": 0.0468144075324138,
      "epoch_s": 3.1133478097617626,
      "batches": 54,
      "batch_pairs": 6912,
      "pairs_per_s": 2220.118156515547
    },
    {
      "epoch": 36,
      "loss": 0.04904760620384305,
      "epoch_s": 3.0986068416386843,
      "batches": 54,
      "batch_pairs": 6912,
      "pairs_per_s": 2230.6799001142786
    },
    {
      "epoch": 37,
      "loss": 0.05189117002818319,
      "epoch_s": 3.1087455600500107,
      "batches": 54,
      "batch_pairs": 6912,
      "pairs_per_s": 2223.404864272265
    },
    {
      "epoch": 38,
      "loss": 0.04474111467047974,
      "epoch_s": 3.1319875437766314,
      "batches": 54,
      "batch_pairs": 6912,
      "pairs_per_s": 2206.9053287693896
    },
    {
      "epoch": 39,
      "loss": 0.0404148081800452,
      "epoch_s": 3.1164579670876265,
      "batches": 54,
      "batch_pairs": 6912,
      "pairs_per_s": 2217.90252684183
    },
    {
      "epoch": 40,
      "loss": 0.04225815322112154,
      "epoch_s": 3.123871685937047,
      "batches": 54,
      "batch_pairs": 6912,
      "pairs_per_s": 2212.638896506613
    },
    {
      "epoch": 41,
      "loss": 0.04166199825704098,
      "epoch_s": 3.1247571986168623,
      "batches": 54,
      "batch_pairs": 6912,
      "pairs_per_s": 2212.0118654529438
    },
    {
      "epoch": 42,
      "loss": 0.03903815702155784,
      "epoch_s": 3.1288474835455418,
      "batches": 54,
      "batch_pairs": 6912,
      "pairs_per_s": 2209.120142912007
    },
    {
      "epoch": 43,
      "loss": 0.03945612624563553,
      "epoch_s": 3.0928559359163046,
      "batches": 54,
      "batch_pairs": 6912,
      "pairs_per_s": 2234.8276619461158
    },
    {
      "epoch": 44,
      "loss": 0.04203872872447526,
      "epoch_s": 3.1395549587905407,
      "batches": 54,
      "batch_pairs": 6912,
      "pairs_per_s": 2201.5859224400165
    },
    {
      "epoch": 45,
      "loss": 0.03730894921830407,
      "epoch_s": 3.138722011819482,
      "batches": 54,
      "batch_pairs": 6912,
      "pairs_per_s": 2202.1701743485055
    },
    {
      "epoch": 46,
      "loss": 0.04066790695543642,
      "epoch_s": 3.1132139209657907,
      "batches": 54,
      "batch_pairs": 6912,
      "pairs_per_s": 2220.2136362848264
    },
    {
      "epoch": 47,
      "loss": 0.0396480486486797,
      "epoch_s": 3.078172756358981,
      "batches": 54,
      "batch_pairs": 6912,
      "pairs_per_s": 2245.4880044406164
    },
    {
      "epoch": 48,
      "loss": 0.04575951321533433,
      "epoch_s": 3.128635847941041,
      "batches": 54,
      "batch_pairs": 6912,
      "pairs_per_s": 2209.2695781609723
    },
    {
      "epoch": 49,
      "loss": 0.0388181756629988,
      "epoch_s": 3.1071633864194155,
      "batches": 54,
      "batch_pairs": 6912,
      "pairs_per_s": 2224.53702634709
    },
    {
      "epoch": 50,
      "loss": 0.03280455736374414,
      "epoch_s": 3.1076904833316803,
      "batches": 54,
      "batch_pairs": 6912,
      "pairs_per_s": 2224.15972152729
    }
  ],
  "best_params": {
    "topk": 5,
    "min_score": 0.8,
    "mutual": false,
    "reciprocal_rank_max": 3,
    "row_min_score": null,
    "row_min_margin": null,
    "edge_rank_bonus": 0.0
  },
  "val_before_hnm": {
    "r@1": 0.9466666666666667,
    "r@5": 0.9746666666666667,
    "r@10": 0.982,
    "mrr": 0.9597863128591225,
    "median_true_rank": 1.0,
    "pairs": 782,
    "tp": 693,
    "fp": 89,
    "fn": 57,
    "precision": 0.8861892583120204,
    "recall": 0.924,
    "f1": 0.9046997389033943,
    "f2": 0.9161819143310418,
    "candidate_edges": 1540
  },
  "hard_negatives": 0,
  "val": {
    "r@1": 0.9466666666666667,
    "r@5": 0.9746666666666667,
    "r@10": 0.982,
    "mrr": 0.9597863128591225,
    "median_true_rank": 1.0,
    "pairs": 813,
    "tp": 658,
    "fp": 155,
    "fn": 92,
    "precision": 0.8093480934809348,
    "recall": 0.8773333333333333,
    "f1": 0.8419705694177864,
    "f2": 0.8628376606346708,
    "candidate_edges": 1540
  },
  "candidate_params": {
    "topk": 10,
    "min_score": null,
    "mutual": false,
    "reciprocal_rank_max": null,
    "row_min_score": null,
    "row_min_margin": null,
    "edge_rank_bonus": 0.0
  },
  "val_candidates": {
    "candidate_edges": 14572,
    "exhaustive_edges": 2530125.0,
    "followup_reduction": 0.994240600760832,
    "compression_factor": 173.6292204227285,
    "candidate_pair_recall": 0.984,
    "tier1_edges": 791,
    "tier1_precision": 0.8824273072060683,
    "tier1_recall": 0.9306666666666666,
    "tier12_edges": 1869,
    "tier12_precision": 0.3884430176565008,
    "tier12_recall": 0.968,
    "tier3_edges": 12703,
    "tier3_precision": 0.0009446587420294418,
    "tier3_recall": 0.016,
    "tier3_discarded_fraction": 0.8717403239088664,
    "cal_brier": 0.020954253910713448,
    "cal_nll": 0.12935021358779836,
    "cal_ece": 0.089033301398562
  },
  "pair_calibrator": {
    "type": "logistic_pair_calibrator",
    "l2": 0.001,
    "lr": 0.05,
    "max_iter": 600,
    "pos_weight": null,
    "mean": [
      0.6706849079995308,
      0.4936987757140828,
      0.19652473050697047,
      0.054282185012352456,
      0.07534086721433639,
      0.12608762705944543
    ],
    "scale": [
      0.10903414877067397,
      0.458050298130094,
      0.21600949120681706,
      0.22657367323375682,
      0.07353679371720609,
      0.07101176603524625
    ],
    "coef": [
      -2.0913823705747006,
      0.17568959513600732,
      0.47710181136551216,
      0.5004903715542033,
      0.796447000047822,
      0.07307961829247189,
      -0.1658916784968653
    ]
  },
  "test": {
    "r@1": 0.9493333333333334,
    "r@5": 0.9793333333333333,
    "r@10": 0.982,
    "mrr": 0.9619226087282683,
    "median_true_rank": 1.0,
    "pairs": 822,
    "tp": 655,
    "fp": 167,
    "fn": 95,
    "precision": 0.7968369829683698,
    "recall": 0.8733333333333333,
    "f1": 0.8333333333333331,
    "f2": 0.856881214024071,
    "candidate_edges": 1537
  },
  "test_candidates": {
    "candidate_edges": 14556,
    "exhaustive_edges": 2530125.0,
    "followup_reduction": 0.9942469245590633,
    "compression_factor": 173.82007419620774,
    "candidate_pair_recall": 0.984,
    "tier1_edges": 793,
    "tier1_precision": 0.8814627994955864,
    "tier1_recall": 0.932,
    "tier12_edges": 1829,
    "tier12_precision": 0.39748496446145437,
    "tier12_recall": 0.9693333333333334,
    "tier3_edges": 12727,
    "tier3_precision": 0.000864304235090752,
    "tier3_recall": 0.014666666666666666,
    "tier3_discarded_fraction": 0.8743473481725749,
    "cal_brier": 0.020725597063604523,
    "cal_nll": 0.12864315824057157,
    "cal_ece": 0.0884948757123412
  }
}
/root/miniconda3/bin/python /root/autodl-tmp/gw-catalog/scripts/08_match_first_train.py --data-root /root/autodl-tmp/qkzhang_gwaug_20260522_162031 --model-type SIS --data-mode noisy --backbone inceptiontime --lensed-limit 10000 --unlensed-limit 10000 --epochs 50 --batch-size 128 --eval-batch-size 512 --target-len 8192 --stride 2 --lr 0.001 --width-scale 2.0 --d-model 256 --emb-dim 128 --candidate-topk 10 --calibration-iters 600 --out-dir runs/sis_noisy_scale_speed_ep50_fast_20260525_163138/inceptiontime_sis_noisy_n10000_ep50 --num-workers 4 --pin-memory --amp --amp-dtype bf16 --no-export-candidates
{"epoch": 1, "loss": 1.9670672307320691, "epoch_s": 7.234227506443858, "batches": 109, "batch_pairs": 13952, "pairs_per_s": 1928.6095146402727}
{"epoch": 2, "loss": 0.698746250856907, "epoch_s": 6.144224828109145, "batches": 109, "batch_pairs": 13952, "pairs_per_s": 2270.750239504771}
{"epoch": 3, "loss": 0.38196676586746076, "epoch_s": 6.140389384701848, "batches": 109, "batch_pairs": 13952, "pairs_per_s": 2272.1686078671137}
{"epoch": 4, "loss": 0.2567361915877106, "epoch_s": 6.302307764068246, "batches": 109, "batch_pairs": 13952, "pairs_per_s": 2213.792236479697}
{"epoch": 5, "loss": 0.20694315269452715, "epoch_s": 6.264049127697945, "batches": 109, "batch_pairs": 13952, "pairs_per_s": 2227.313310540302}
{"epoch": 6, "loss": 0.17022715925896933, "epoch_s": 6.258931403979659, "batches": 109, "batch_pairs": 13952, "pairs_per_s": 2229.134511863927}
{"epoch": 7, "loss": 0.14125457597435068, "epoch_s": 6.068965889513493, "batches": 109, "batch_pairs": 13952, "pairs_per_s": 2298.908949893346}
{"epoch": 8, "loss": 0.11837242748759208, "epoch_s": 6.252264963462949, "batches": 109, "batch_pairs": 13952, "pairs_per_s": 2231.5113133452987}
{"epoch": 9, "loss": 0.1067712031851668, "epoch_s": 6.265963353216648, "batches": 109, "batch_pairs": 13952, "pairs_per_s": 2226.632875667507}
{"epoch": 10, "loss": 0.09421823228444529, "epoch_s": 6.151661908254027, "batches": 109, "batch_pairs": 13952, "pairs_per_s": 2268.0050054896265}
{"epoch": 11, "loss": 0.09011604872728707, "epoch_s": 6.282859271392226, "batches": 109, "batch_pairs": 13952, "pairs_per_s": 2220.6449957470336}
{"epoch": 12, "loss": 0.08161282293293454, "epoch_s": 6.272971590980887, "batches": 109, "batch_pairs": 13952, "pairs_per_s": 2224.1452551865236}
{"epoch": 13, "loss": 0.07141938388621041, "epoch_s": 6.195295870304108, "batches": 109, "batch_pairs": 13952, "pairs_per_s": 2252.031265669825}
{"epoch": 14, "loss": 0.0718040799534102, "epoch_s": 6.114616775885224, "batches": 109, "batch_pairs": 13952, "pairs_per_s": 2281.7456124190453}
{"epoch": 15, "loss": 0.06182885330614694, "epoch_s": 6.140842664986849, "batches": 109, "batch_pairs": 13952, "pairs_per_s": 2272.0008899674162}
{"epoch": 16, "loss": 0.05345645646026375, "epoch_s": 6.154777394607663, "batches": 109, "batch_pairs": 13952, "pairs_per_s": 2266.856964189096}
{"epoch": 17, "loss": 0.05566748252155584, "epoch_s": 6.141516145318747, "batches": 109, "batch_pairs": 13952, "pairs_per_s": 2271.7517417315016}
{"epoch": 18, "loss": 0.05643134670109924, "epoch_s": 6.119730774313211, "batches": 109, "batch_pairs": 13952, "pairs_per_s": 2279.8388547682093}
{"epoch": 19, "loss": 0.053385143125549366, "epoch_s": 6.225103259086609, "batches": 109, "batch_pairs": 13952, "pairs_per_s": 2241.247963177905}
{"epoch": 20, "loss": 0.05116825790033428, "epoch_s": 6.113972852006555, "batches": 109, "batch_pairs": 13952, "pairs_per_s": 2281.9859259631926}
{"epoch": 21, "loss": 0.048705935102263724, "epoch_s": 6.185864863917232, "batches": 109, "batch_pairs": 13952, "pairs_per_s": 2255.4647259404924}
{"epoch": 22, "loss": 0.04731576079759029, "epoch_s": 6.23442947678268, "batches": 109, "batch_pairs": 13952, "pairs_per_s": 2237.895231946713}
{"epoch": 23, "loss": 0.043575504811805325, "epoch_s": 6.299056263640523, "batches": 109, "batch_pairs": 13952, "pairs_per_s": 2214.9349705818436}
{"epoch": 24, "loss": 0.04122280732754174, "epoch_s": 6.240743603557348, "batches": 109, "batch_pairs": 13952, "pairs_per_s": 2235.6310219261504}
{"epoch": 25, "loss": 0.038375993865892424, "epoch_s": 6.29979763366282, "batches": 109, "batch_pairs": 13952, "pairs_per_s": 2214.6743135760134}
{"epoch": 26, "loss": 0.03950452961779516, "epoch_s": 6.169177459552884, "batches": 109, "batch_pairs": 13952, "pairs_per_s": 2261.565677349016}
{"epoch": 27, "loss": 0.037889676971719896, "epoch_s": 6.228319989517331, "batches": 109, "batch_pairs": 13952, "pairs_per_s": 2240.0904294387774}
{"epoch": 28, "loss": 0.036295060341784716, "epoch_s": 6.244189616292715, "batches": 109, "batch_pairs": 13952, "pairs_per_s": 2234.3972328443715}
{"epoch": 29, "loss": 0.03943792183738236, "epoch_s": 6.166678095236421, "batches": 109, "batch_pairs": 13952, "pairs_per_s": 2262.482293469723}
{"epoch": 30, "loss": 0.033948753781001505, "epoch_s": 6.2243020962923765, "batches": 109, "batch_pairs": 13952, "pairs_per_s": 2241.5364460395926}
{"epoch": 31, "loss": 0.0346743356470668, "epoch_s": 6.2668554447591305, "batches": 109, "batch_pairs": 13952, "pairs_per_s": 2226.3159128184184}
{"epoch": 32, "loss": 0.033078180062114645, "epoch_s": 6.257975058630109, "batches": 109, "batch_pairs": 13952, "pairs_per_s": 2229.4751687703497}
{"epoch": 33, "loss": 0.0301992634157522, "epoch_s": 6.303091339766979, "batches": 109, "batch_pairs": 13952, "pairs_per_s": 2213.5170264747894}
{"epoch": 34, "loss": 0.03193702753804146, "epoch_s": 6.3092063050717115, "batches": 109, "batch_pairs": 13952, "pairs_per_s": 2211.3716568095992}
{"epoch": 35, "loss": 0.029334972791988916, "epoch_s": 6.200485726818442, "batches": 109, "batch_pairs": 13952, "pairs_per_s": 2250.146297354509}
{"epoch": 36, "loss": 0.030054953564471062, "epoch_s": 6.302930051460862, "batches": 109, "batch_pairs": 13952, "pairs_per_s": 2213.573669085265}
{"epoch": 37, "loss": 0.029361803699797448, "epoch_s": 6.29161986336112, "batches": 109, "batch_pairs": 13952, "pairs_per_s": 2217.5529200752662}
{"epoch": 38, "loss": 0.03335256279881941, "epoch_s": 6.272510249167681, "batches": 109, "batch_pairs": 13952, "pairs_per_s": 2224.308840603542}
{"epoch": 39, "loss": 0.03206102081805194, "epoch_s": 6.256604880094528, "batches": 109, "batch_pairs": 13952, "pairs_per_s": 2229.963417442018}
{"epoch": 40, "loss": 0.026450887390779793, "epoch_s": 6.213687049224973, "batches": 109, "batch_pairs": 13952, "pairs_per_s": 2245.3657368760178}
{"epoch": 41, "loss": 0.024436527230870832, "epoch_s": 6.1923924293369055, "batches": 109, "batch_pairs": 13952, "pairs_per_s": 2253.0871806349664}
{"epoch": 42, "loss": 0.025388570827081663, "epoch_s": 6.212671862915158, "batches": 109, "batch_pairs": 13952, "pairs_per_s": 2245.7326425499214}
{"epoch": 43, "loss": 0.03357419986790473, "epoch_s": 6.223820583894849, "batches": 109, "batch_pairs": 13952, "pairs_per_s": 2241.7098648542465}
{"epoch": 44, "loss": 0.0292583983904178, "epoch_s": 6.29836418107152, "batches": 109, "batch_pairs": 13952, "pairs_per_s": 2215.1783540764377}
{"epoch": 45, "loss": 0.024373103172407238, "epoch_s": 6.250324236229062, "batches": 109, "batch_pairs": 13952, "pairs_per_s": 2232.2041981645266}
{"epoch": 46, "loss": 0.02408952084839891, "epoch_s": 6.232074771076441, "batches": 109, "batch_pairs": 13952, "pairs_per_s": 2238.7407905874866}
{"epoch": 47, "loss": 0.03032532710274425, "epoch_s": 6.200866984203458, "batches": 109, "batch_pairs": 13952, "pairs_per_s": 2250.0079481695616}
{"epoch": 48, "loss": 0.02299645368795876, "epoch_s": 6.165291845798492, "batches": 109, "batch_pairs": 13952, "pairs_per_s": 2262.991006582758}
{"epoch": 49, "loss": 0.02106738445955679, "epoch_s": 6.285839671269059, "batches": 109, "batch_pairs": 13952, "pairs_per_s": 2219.5920878750644}
{"epoch": 50, "loss": 0.02212666371546754, "epoch_s": 6.085089465603232, "batches": 109, "batch_pairs": 13952, "pairs_per_s": 2292.8175631378163}
{
  "config": {
    "data_root": "/root/autodl-tmp/qkzhang_gwaug_20260522_162031",
    "model_type": "SIS",
    "data_mode": "noisy",
    "out_dir": "runs/sis_noisy_scale_speed_ep50_fast_20260525_163138/inceptiontime_sis_noisy_n10000_ep50",
    "backbone": "inceptiontime",
    "target_len": 8192,
    "stride": 2,
    "lensed_limit": 10000,
    "unlensed_limit": 10000,
    "seed": 42,
    "train_frac": 0.7,
    "val_frac": 0.15,
    "batch_size": 128,
    "eval_batch_size": 512,
    "num_workers": 4,
    "pin_memory": true,
    "amp": true,
    "amp_dtype": "bf16",
    "compile_model": false,
    "epochs": 50,
    "lr": 0.001,
    "weight_decay": 0.0001,
    "tau": 0.07,
    "emb_dim": 128,
    "d_model": 256,
    "width_scale": 2.0,
    "aug_roll": 128,
    "aug_scale": 0.1,
    "aug_noise": 0.01,
    "aug_flip": true,
    "use_hilbert": false,
    "coarse_topk": 10,
    "coarse_min_score": 0.85,
    "coarse_mutual": false,
    "reciprocal_rank_max": 3,
    "row_min_score": 0.7,
    "row_min_margin": 0.0,
    "edge_rank_bonus": 0.0,
    "tune_for": "f1",
    "hard_neg_enable": false,
    "hard_neg_topk": 10,
    "hard_neg_min_score": 0.7,
    "hard_neg_per_anchor": 2,
    "hard_neg_epochs": 4,
    "hard_neg_lr": 0.0003,
    "hard_neg_margin": 0.45,
    "hard_neg_weight": 0.25,
    "candidate_topk": 10,
    "candidate_min_score": null,
    "candidate_mutual": false,
    "candidate_reciprocal_rank_max": null,
    "p_low": 0.2,
    "p_high": 0.8,
    "calibration_bins": 10,
    "calibration_l2": 0.001,
    "calibration_lr": 0.05,
    "calibration_iters": 600,
    "export_candidates": false
  },
  "sizes": {
    "lensed_total": 10000,
    "unlensed_total": 10000,
    "train_lensed": 7000,
    "train_unlensed": 7000,
    "val_lensed": 1500,
    "val_unlensed": 1500,
    "test_lensed": 1500,
    "test_unlensed": 1500
  },
  "timing": {
    "load_s": 0.0010891389101743698,
    "train_s": 311.9738015010953,
    "mean_epoch_s": 6.2391786765307184,
    "mean_pairs_per_s": 2237.428013203337,
    "amp": true,
    "amp_dtype": "bf16",
    "num_workers": 4,
    "pin_memory": true,
    "compile_model": false,
    "val_embed_s": 0.9285574927926064,
    "val_similarity_s": 0.1004589069634676,
    "val_tune_s": 6.585860876366496,
    "val_candidate_s": 92.98713372834027,
    "test_embed_s": 0.5509235989302397,
    "test_similarity_s": 0.09748692624270916,
    "test_match_s": 13.122615976259112,
    "test_candidate_s": 91.2686723601073,
    "total_s": 622.5751427244395,
    "save_s": 0.027981765568256378
  },
  "history": [
    {
      "epoch": 1,
      "loss": 1.9670672307320691,
      "epoch_s": 7.234227506443858,
      "batches": 109,
      "batch_pairs": 13952,
      "pairs_per_s": 1928.6095146402727
    },
    {
      "epoch": 2,
      "loss": 0.698746250856907,
      "epoch_s": 6.144224828109145,
      "batches": 109,
      "batch_pairs": 13952,
      "pairs_per_s": 2270.750239504771
    },
    {
      "epoch": 3,
      "loss": 0.38196676586746076,
      "epoch_s": 6.140389384701848,
      "batches": 109,
      "batch_pairs": 13952,
      "pairs_per_s": 2272.1686078671137
    },
    {
      "epoch": 4,
      "loss": 0.2567361915877106,
      "epoch_s": 6.302307764068246,
      "batches": 109,
      "batch_pairs": 13952,
      "pairs_per_s": 2213.792236479697
    },
    {
      "epoch": 5,
      "loss": 0.20694315269452715,
      "epoch_s": 6.264049127697945,
      "batches": 109,
      "batch_pairs": 13952,
      "pairs_per_s": 2227.313310540302
    },
    {
      "epoch": 6,
      "loss": 0.17022715925896933,
      "epoch_s": 6.258931403979659,
      "batches": 109,
      "batch_pairs": 13952,
      "pairs_per_s": 2229.134511863927
    },
    {
      "epoch": 7,
      "loss": 0.14125457597435068,
      "epoch_s": 6.068965889513493,
      "batches": 109,
      "batch_pairs": 13952,
      "pairs_per_s": 2298.908949893346
    },
    {
      "epoch": 8,
      "loss": 0.11837242748759208,
      "epoch_s": 6.252264963462949,
      "batches": 109,
      "batch_pairs": 13952,
      "pairs_per_s": 2231.5113133452987
    },
    {
      "epoch": 9,
      "loss": 0.1067712031851668,
      "epoch_s": 6.265963353216648,
      "batches": 109,
      "batch_pairs": 13952,
      "pairs_per_s": 2226.632875667507
    },
    {
      "epoch": 10,
      "loss": 0.09421823228444529,
      "epoch_s": 6.151661908254027,
      "batches": 109,
      "batch_pairs": 13952,
      "pairs_per_s": 2268.0050054896265
    },
    {
      "epoch": 11,
      "loss": 0.09011604872728707,
      "epoch_s": 6.282859271392226,
      "batches": 109,
      "batch_pairs": 13952,
      "pairs_per_s": 2220.6449957470336
    },
    {
      "epoch": 12,
      "loss": 0.08161282293293454,
      "epoch_s": 6.272971590980887,
      "batches": 109,
      "batch_pairs": 13952,
      "pairs_per_s": 2224.1452551865236
    },
    {
      "epoch": 13,
      "loss": 0.07141938388621041,
      "epoch_s": 6.195295870304108,
      "batches": 109,
      "batch_pairs": 13952,
      "pairs_per_s": 2252.031265669825
    },
    {
      "epoch": 14,
      "loss": 0.0718040799534102,
      "epoch_s": 6.114616775885224,
      "batches": 109,
      "batch_pairs": 13952,
      "pairs_per_s": 2281.7456124190453
    },
    {
      "epoch": 15,
      "loss": 0.06182885330614694,
      "epoch_s": 6.140842664986849,
      "batches": 109,
      "batch_pairs": 13952,
      "pairs_per_s": 2272.0008899674162
    },
    {
      "epoch": 16,
      "loss": 0.05345645646026375,
      "epoch_s": 6.154777394607663,
      "batches": 109,
      "batch_pairs": 13952,
      "pairs_per_s": 2266.856964189096
    },
    {
      "epoch": 17,
      "loss": 0.05566748252155584,
      "epoch_s": 6.141516145318747,
      "batches": 109,
      "batch_pairs": 13952,
      "pairs_per_s": 2271.7517417315016
    },
    {
      "epoch": 18,
      "loss": 0.05643134670109924,
      "epoch_s": 6.119730774313211,
      "batches": 109,
      "batch_pairs": 13952,
      "pairs_per_s": 2279.8388547682093
    },
    {
      "epoch": 19,
      "loss": 0.053385143125549366,
      "epoch_s": 6.225103259086609,
      "batches": 109,
      "batch_pairs": 13952,
      "pairs_per_s": 2241.247963177905
    },
    {
      "epoch": 20,
      "loss": 0.05116825790033428,
      "epoch_s": 6.113972852006555,
      "batches": 109,
      "batch_pairs": 13952,
      "pairs_per_s": 2281.9859259631926
    },
    {
      "epoch": 21,
      "loss": 0.048705935102263724,
      "epoch_s": 6.185864863917232,
      "batches": 109,
      "batch_pairs": 13952,
      "pairs_per_s": 2255.4647259404924
    },
    {
      "epoch": 22,
      "loss": 0.04731576079759029,
      "epoch_s": 6.23442947678268,
      "batches": 109,
      "batch_pairs": 13952,
      "pairs_per_s": 2237.895231946713
    },
    {
      "epoch": 23,
      "loss": 0.043575504811805325,
      "epoch_s": 6.299056263640523,
      "batches": 109,
      "batch_pairs": 13952,
      "pairs_per_s": 2214.9349705818436
    },
    {
      "epoch": 24,
      "loss": 0.04122280732754174,
      "epoch_s": 6.240743603557348,
      "batches": 109,
      "batch_pairs": 13952,
      "pairs_per_s": 2235.6310219261504
    },
    {
      "epoch": 25,
      "loss": 0.038375993865892424,
      "epoch_s": 6.29979763366282,
      "batches": 109,
      "batch_pairs": 13952,
      "pairs_per_s": 2214.6743135760134
    },
    {
      "epoch": 26,
      "loss": 0.03950452961779516,
      "epoch_s": 6.169177459552884,
      "batches": 109,
      "batch_pairs": 13952,
      "pairs_per_s": 2261.565677349016
    },
    {
      "epoch": 27,
      "loss": 0.037889676971719896,
      "epoch_s": 6.228319989517331,
      "batches": 109,
      "batch_pairs": 13952,
      "pairs_per_s": 2240.0904294387774
    },
    {
      "epoch": 28,
      "loss": 0.036295060341784716,
      "epoch_s": 6.244189616292715,
      "batches": 109,
      "batch_pairs": 13952,
      "pairs_per_s": 2234.3972328443715
    },
    {
      "epoch": 29,
      "loss": 0.03943792183738236,
      "epoch_s": 6.166678095236421,
      "batches": 109,
      "batch_pairs": 13952,
      "pairs_per_s": 2262.482293469723
    },
    {
      "epoch": 30,
      "loss": 0.033948753781001505,
      "epoch_s": 6.2243020962923765,
      "batches": 109,
      "batch_pairs": 13952,
      "pairs_per_s": 2241.5364460395926
    },
    {
      "epoch": 31,
      "loss": 0.0346743356470668,
      "epoch_s": 6.2668554447591305,
      "batches": 109,
      "batch_pairs": 13952,
      "pairs_per_s": 2226.3159128184184
    },
    {
      "epoch": 32,
      "loss": 0.033078180062114645,
      "epoch_s": 6.257975058630109,
      "batches": 109,
      "batch_pairs": 13952,
      "pairs_per_s": 2229.4751687703497
    },
    {
      "epoch": 33,
      "loss": 0.0301992634157522,
      "epoch_s": 6.303091339766979,
      "batches": 109,
      "batch_pairs": 13952,
      "pairs_per_s": 2213.5170264747894
    },
    {
      "epoch": 34,
      "loss": 0.03193702753804146,
      "epoch_s": 6.3092063050717115,
      "batches": 109,
      "batch_pairs": 13952,
      "pairs_per_s": 2211.3716568095992
    },
    {
      "epoch": 35,
      "loss": 0.029334972791988916,
      "epoch_s": 6.200485726818442,
      "batches": 109,
      "batch_pairs": 13952,
      "pairs_per_s": 2250.146297354509
    },
    {
      "epoch": 36,
      "loss": 0.030054953564471062,
      "epoch_s": 6.302930051460862,
      "batches": 109,
      "batch_pairs": 13952,
      "pairs_per_s": 2213.573669085265
    },
    {
      "epoch": 37,
      "loss": 0.029361803699797448,
      "epoch_s": 6.29161986336112,
      "batches": 109,
      "batch_pairs": 13952,
      "pairs_per_s": 2217.5529200752662
    },
    {
      "epoch": 38,
      "loss": 0.03335256279881941,
      "epoch_s": 6.272510249167681,
      "batches": 109,
      "batch_pairs": 13952,
      "pairs_per_s": 2224.308840603542
    },
    {
      "epoch": 39,
      "loss": 0.03206102081805194,
      "epoch_s": 6.256604880094528,
      "batches": 109,
      "batch_pairs": 13952,
      "pairs_per_s": 2229.963417442018
    },
    {
      "epoch": 40,
      "loss": 0.026450887390779793,
      "epoch_s": 6.213687049224973,
      "batches": 109,
      "batch_pairs": 13952,
      "pairs_per_s": 2245.3657368760178
    },
    {
      "epoch": 41,
      "loss": 0.024436527230870832,
      "epoch_s": 6.1923924293369055,
      "batches": 109,
      "batch_pairs": 13952,
      "pairs_per_s": 2253.0871806349664
    },
    {
      "epoch": 42,
      "loss": 0.025388570827081663,
      "epoch_s": 6.212671862915158,
      "batches": 109,
      "batch_pairs": 13952,
      "pairs_per_s": 2245.7326425499214
    },
    {
      "epoch": 43,
      "loss": 0.03357419986790473,
      "epoch_s": 6.223820583894849,
      "batches": 109,
      "batch_pairs": 13952,
      "pairs_per_s": 2241.7098648542465
    },
    {
      "epoch": 44,
      "loss": 0.0292583983904178,
      "epoch_s": 6.29836418107152,
      "batches": 109,
      "batch_pairs": 13952,
      "pairs_per_s": 2215.1783540764377
    },
    {
      "epoch": 45,
      "loss": 0.024373103172407238,
      "epoch_s": 6.250324236229062,
      "batches": 109,
      "batch_pairs": 13952,
      "pairs_per_s": 2232.2041981645266
    },
    {
      "epoch": 46,
      "loss": 0.02408952084839891,
      "epoch_s": 6.232074771076441,
      "batches": 109,
      "batch_pairs": 13952,
      "pairs_per_s": 2238.7407905874866
    },
    {
      "epoch": 47,
      "loss": 0.03032532710274425,
      "epoch_s": 6.200866984203458,
      "batches": 109,
      "batch_pairs": 13952,
      "pairs_per_s": 2250.0079481695616
    },
    {
      "epoch": 48,
      "loss": 0.02299645368795876,
      "epoch_s": 6.165291845798492,
      "batches": 109,
      "batch_pairs": 13952,
      "pairs_per_s": 2262.991006582758
    },
    {
      "epoch": 49,
      "loss": 0.02106738445955679,
      "epoch_s": 6.285839671269059,
      "batches": 109,
      "batch_pairs": 13952,
      "pairs_per_s": 2219.5920878750644
    },
    {
      "epoch": 50,
      "loss": 0.02212666371546754,
      "epoch_s": 6.085089465603232,
      "batches": 109,
      "batch_pairs": 13952,
      "pairs_per_s": 2292.8175631378163
    }
  ],
  "best_params": {
    "topk": 5,
    "min_score": 0.8,
    "mutual": false,
    "reciprocal_rank_max": 3,
    "row_min_score": null,
    "row_min_margin": null,
    "edge_rank_bonus": 0.0
  },
  "val_before_hnm": {
    "r@1": 0.963,
    "r@5": 0.9846666666666667,
    "r@10": 0.9883333333333333,
    "mrr": 0.9726094438552079,
    "median_true_rank": 1.0,
    "pairs": 1642,
    "tp": 1440,
    "fp": 202,
    "fn": 60,
    "precision": 0.876979293544458,
    "recall": 0.96,
    "f1": 0.916613621896881,
    "f2": 0.9421617377649831,
    "candidate_edges": 3407
  },
  "hard_negatives": 0,
  "val": {
    "r@1": 0.963,
    "r@5": 0.9846666666666667,
    "r@10": 0.9883333333333333,
    "mrr": 0.9726094438552079,
    "median_true_rank": 1.0,
    "pairs": 1704,
    "tp": 1364,
    "fp": 340,
    "fn": 136,
    "precision": 0.8004694835680751,
    "recall": 0.9093333333333333,
    "f1": 0.8514357053682896,
    "f2": 0.8852544132917967,
    "candidate_edges": 3407
  },
  "candidate_params": {
    "topk": 10,
    "min_score": null,
    "mutual": false,
    "reciprocal_rank_max": null,
    "row_min_score": null,
    "row_min_margin": null,
    "edge_rank_bonus": 0.0
  },
  "val_candidates": {
    "candidate_edges": 29399,
    "exhaustive_edges": 10122750.0,
    "followup_reduction": 0.9970957496727668,
    "compression_factor": 344.32293615429097,
    "candidate_pair_recall": 0.9913333333333333,
    "tier1_edges": 1609,
    "tier1_precision": 0.8887507768800498,
    "tier1_recall": 0.9533333333333334,
    "tier12_edges": 3362,
    "tier12_precision": 0.43545508625817964,
    "tier12_recall": 0.976,
    "tier3_edges": 26037,
    "tier3_precision": 0.000883358297806967,
    "tier3_recall": 0.015333333333333332,
    "tier3_discarded_fraction": 0.885642368788054,
    "cal_brier": 0.017729866102158348,
    "cal_nll": 0.11799271728381983,
    "cal_ece": 0.08322307757599658
  },
  "pair_calibrator": {
    "type": "logistic_pair_calibrator",
    "l2": 0.001,
    "lr": 0.05,
    "max_iter": 600,
    "pos_weight": null,
    "mean": [
      0.6904499625696601,
      0.49099359678548593,
      0.1953543874401009,
      0.0547297527126773,
      0.07328321027157238,
      0.12244424887480243
    ],
    "scale": [
      0.10591071480058546,
      0.4575322118827334,
      0.21681407642246997,
      0.22745198807811395,
      0.0730354378235418,
      0.07091114012882237
    ],
    "coef": [
      -2.143305633676938,
      0.23274996586586874,
      0.3857391484320321,
      0.47916446494860526,
      0.8472585471572053,
      0.08244341954978875,
      -0.08944273358375489
    ]
  },
  "test": {
    "r@1": 0.967,
    "r@5": 0.9906666666666667,
    "r@10": 0.993,
    "mrr": 0.9763995502167687,
    "median_true_rank": 1.0,
    "pairs": 1722,
    "tp": 1370,
    "fp": 352,
    "fn": 130,
    "precision": 0.7955865272938444,
    "recall": 0.9133333333333333,
    "f1": 0.8504034761018001,
    "f2": 0.887075887075887,
    "candidate_edges": 3482
  },
  "test_candidates": {
    "candidate_edges": 29216,
    "exhaustive_edges": 10122750.0,
    "followup_reduction": 0.9971138277641945,
    "compression_factor": 346.4796686746988,
    "candidate_pair_recall": 0.9946666666666667,
    "tier1_edges": 1641,
    "tier1_precision": 0.8756855575868373,
    "tier1_recall": 0.958,
    "tier12_edges": 3358,
    "tier12_precision": 0.4362715902322811,
    "tier12_recall": 0.9766666666666667,
    "tier3_edges": 25858,
    "tier3_precision": 0.0010441642818470106,
    "tier3_recall": 0.018,
    "tier3_discarded_fraction": 0.8850629791894852,
    "cal_brier": 0.01846880660844508,
    "cal_nll": 0.12157080919830499,
    "cal_ece": 0.08365726195273743
  }
}
                                run  scale model_type data_mode  epochs  total_events  train_items    train_s  mean_epoch_s  mean_pairs_per_s    total_s  events_per_total_s  test_r@1  test_r@5  test_r@10  test_f1  candidate_pair_recall  candidate_edges
  inceptiontime_sis_noisy_n500_ep50    500        SIS     noisy      50          1500          700  18.197421      0.363769       1835.046719  20.672333           72.560752  0.833333  0.886667   0.913333 0.654088               0.933333             1448
 inceptiontime_sis_noisy_n1000_ep50   1000        SIS     noisy      50          3000         1400  32.257954      0.644877       2034.428029  36.863522           81.381263  0.933333  0.970000   0.973333 0.816456               0.973333             2817
 inceptiontime_sis_noisy_n2500_ep50   2500        SIS     noisy      50          7500         3500  80.474114      1.609248       2159.411226 100.229710           74.828112  0.937333  0.972000   0.972000 0.842912               0.973333             7209
 inceptiontime_sis_noisy_n5000_ep50   5000        SIS     noisy      50         15000         7000 156.384868      3.127443       2214.070963 229.445028           65.375136  0.949333  0.979333   0.982000 0.833333               0.984000            14556
inceptiontime_sis_noisy_n10000_ep50  10000        SIS     noisy      50         30000        14000 311.973802      6.239179       2237.428013 622.575143           48.186954  0.967000  0.990667   0.993000 0.850403               0.994667            29216
