delay_days,second_image_in_any_run,second_image_same_run,pass_time,pass_sky,pass_mass,pass_all,n_false_partners_passing,rank_true_partner
0.1064187046475032,True,True,True,True,True,True,6,1
43.48083839534326,True,True,True,True,True,True,15,1
10.102248268740517,True,True,True,True,True,True,8,2
8.983664139574632,True,True,True,True,True,True,21,4
0.410611789129338,True,True,True,True,True,True,12,6
6.307860532262671,True,True,True,True,True,True,6,3
0.7652572089636775,True,True,True,True,True,True,8,1
1.3991958808086298,True,True,True,True,True,True,5,2
0.36677409121964605,True,True,True,True,True,True,10,1
0.5940660947989601,True,True,True,True,True,True,9,4
48.88595304830227,True,True,True,True,True,True,17,6
3.4424107114584324,True,True,True,True,True,True,17,1
0.08890067946418015,True,True,True,True,True,True,8,5
1.760716379402646,True,True,True,True,True,True,10,1
7.900875028833933,True,True,True,True,True,True,6,2
4.620133967527601,True,True,True,True,True,True,9,5
23.84134131310246,True,True,True,True,True,True,4,1
21.54569853694239,True,True,True,True,True,True,2,1
6.949847963460146,True,True,True,True,True,True,6,1
13.89655561462128,True,True,True,True,True,True,13,2
2.188422705788363,True,True,True,True,True,True,31,16
66.72403619112423,True,True,True,True,True,True,10,2
5.339105469274969,True,True,True,True,True,True,11,6
0.833627035175879,True,True,True,True,True,True,15,1
2.338052372554058,True,True,True,True,True,True,8,1
0.5361034035493936,True,True,True,True,True,True,6,1
5.319634582852656,True,True,True,True,True,True,3,2
0.9585172254191973,True,True,True,True,True,True,9,4
0.49093424745476094,True,True,True,True,True,True,2,2
5.703046587064481,True,True,True,True,True,True,2,1
3.673657362069763,True,True,True,True,True,True,4,1
0.2725590018095575,True,True,True,True,True,True,9,4
0.03390604626139826,True,True,True,True,True,True,10,1
0.7468913855246516,True,True,True,True,True,True,8,4
0.003821330425616417,True,True,True,True,True,True,3,1
0.2274056787065217,True,True,True,True,True,True,3,2
2.0779946976000176,True,True,True,True,True,True,30,13
0.7108326350021599,True,True,True,True,True,True,11,2
16.807212909204424,True,True,True,True,True,True,11,1
1.9626548838475022,True,True,True,True,True,True,10,1
1.08252532364467,True,True,True,True,True,True,9,1
10.247893674217933,True,True,True,True,True,True,8,2
1.5069220845813178,True,True,True,True,True,True,3,1
1.5328242174944242,True,True,True,True,True,True,1,1
0.35412288432791417,True,True,True,True,True,True,28,18
0.2910023039495991,True,True,True,True,True,True,24,3
38.98364142014223,True,True,True,True,True,True,16,2
0.8968261005864546,True,True,True,True,True,True,3,1
0.32162313491536404,True,True,True,True,True,True,10,2
0.0715245349410417,True,True,True,True,True,True,6,1
45.043300511560425,True,True,True,True,True,True,2,1
0.6096234434786489,True,True,True,True,True,True,9,1
2.804542429518243,True,True,True,False,True,False,4,5
0.33575701504915234,True,True,True,True,True,True,8,4
3.348712733361057,True,True,True,True,True,True,4,1
5.412210859441303,True,True,True,True,True,True,5,3
1.2251923204981674,True,True,True,True,True,True,1,1
1.1000672426225637,True,True,True,True,True,True,2,1
0.7850052360381343,True,True,True,True,True,True,11,3
1.123503649803365,True,True,True,True,True,True,7,4
1.126614443846588,True,True,True,True,True,True,9,1
3.2166224268997934,True,True,True,True,True,True,3,1
0.014154703077197739,True,True,True,True,True,True,5,1
17.65911807809797,True,True,True,True,True,True,3,1
2.468961036347846,True,True,True,True,True,True,0,1
4.13514276467841,True,True,True,True,True,True,25,6
2.7026389542912654,True,True,True,True,True,True,14,11
0.5918673422382595,True,True,True,True,True,True,22,8
22.798503656800996,True,True,True,True,True,True,1,1
1.2673608142240145,True,True,True,True,True,True,9,4
2.647978223516359,True,True,True,True,True,True,3,1
12.817604388216012,True,True,True,True,True,True,10,1
7.137239596533051,True,True,True,True,True,True,14,1
3.537920626582754,True,True,True,True,True,True,7,1
2.6722690972141443,True,True,True,True,True,True,14,6
0.08275317787079098,True,True,True,True,True,True,10,3
9.717357812727311,True,True,True,True,True,True,1,1
0.2637008721964012,True,True,True,True,True,True,11,2
12.634336987761396,True,True,True,True,True,True,6,2
8.64182450054823,True,True,True,True,True,True,16,3
4.116406750104155,True,True,True,True,True,True,14,4
0.3654803153521885,True,True,True,True,True,True,7,1
0.18840724380129464,True,True,True,True,True,True,4,1
0.2127362035063271,True,True,True,True,True,True,32,9
0.8415177947397492,True,True,True,True,True,True,13,4
10.427560705326625,True,True,True,True,True,True,3,1
4.31348184858322,True,True,True,True,True,True,2,1
4.88698555592456,True,True,True,True,True,True,10,1
0.8031600237391817,True,True,True,True,True,True,13,3
0.2907087668347093,True,True,True,True,True,True,4,1
0.2669105040239944,True,True,True,True,True,True,14,2
0.21002569244930028,True,True,True,True,True,True,16,2
5.759031433361588,True,True,True,True,True,True,8,1
1.3565336962642132,True,True,True,True,True,True,10,1
0.4175115359246082,True,True,True,True,True,True,4,3
3.311090108594479,True,True,True,True,True,True,2,1
0.1527023601471594,True,True,True,True,True,True,16,4
9.951480783666728,True,True,True,True,True,True,11,2
0.33249835081597134,True,True,True,True,True,True,11,1
0.37321788404647555,True,True,True,True,True,True,4,3
3.948556325153054,True,True,True,True,True,True,2,3
4.870556901508342,True,True,True,True,True,True,36,3
79.1610715085332,True,True,True,True,True,True,4,2
9.32634447234568,True,True,True,False,True,False,9,10
1.1193257012471631,True,True,True,True,True,True,4,1
1.5536826350066848,True,True,True,True,True,True,8,1
1.53477049875752,True,True,True,True,True,True,3,1
8.582996155940174,True,True,True,True,True,True,19,5
0.008491126961590356,True,True,True,True,True,True,0,1
2.479815780372504,True,True,True,True,True,True,8,2
2.2127045004269,True,True,True,True,True,True,3,1
18.232178359065358,True,True,True,True,True,True,5,4
0.09281580562782278,True,True,True,True,True,True,31,2
8.003672545513645,True,True,True,True,True,True,17,1
44.37221463801335,True,True,True,True,True,True,2,1
30.512733839763392,True,True,True,True,True,True,31,3
0.6925875187724173,True,True,True,True,True,True,15,4
19.283071030531065,True,True,True,True,True,True,9,5
0.018387550172440103,True,True,True,True,True,True,4,2
24.91748740339849,True,True,True,True,True,True,8,2
0.028167205261814553,True,True,True,True,True,True,11,3
17.502176871860605,True,True,True,True,True,True,1,1
0.3120821390467688,True,True,True,True,True,True,12,2
4.5918084976293,True,True,True,True,True,True,7,1
0.7198304097086139,True,True,True,True,True,True,2,1
0.7385438545014521,True,True,True,True,True,True,2,2
1.7590611030447716,True,True,True,True,True,True,18,4
5.658478847883281,True,True,True,True,True,True,9,6
0.026769382248327294,True,True,True,True,True,True,9,5
0.12476099046010419,True,True,True,True,True,True,5,1
3.4201570900841585,True,True,True,True,True,True,15,4
0.7899494179812535,True,True,True,True,True,True,15,1
34.05582102492062,False,True,True,True,True,True,3,1
14.61347180089286,True,True,True,True,True,True,2,1
6.4600742076972795,True,True,True,True,True,True,3,1
0.9967317293301182,True,True,True,True,True,True,12,3
0.709296624444841,True,True,True,True,True,True,19,1
2.117427496209677,True,True,True,True,True,True,12,5
17.18216000586796,True,True,True,True,True,True,3,1
7.245414212363373,True,True,True,True,True,True,4,2
1.726532763645157,True,True,True,True,True,True,8,4
21.717174979562646,True,True,True,True,True,True,8,2
8.788246587711377,True,True,True,True,True,True,12,10
0.692796376242246,True,True,True,True,True,True,10,1
1.6652506002533183,True,True,True,True,True,True,5,1
2.6932539603762042,True,True,True,True,True,True,7,1
3.2673949904883677,True,True,True,True,True,True,19,9
0.06051555155579857,True,True,True,True,True,True,17,5
0.6525666539488968,True,True,True,True,True,True,11,2
0.32821484833638576,True,True,True,True,True,True,2,2
4.518884892997199,True,True,True,True,True,True,7,7
18.397651566180514,True,True,True,True,True,True,9,2
2.294886407926242,True,True,True,True,True,True,4,1
1.7971457099905024,True,True,True,True,True,True,18,2
0.08121621335430582,True,True,True,True,True,True,6,2
0.7278396238590139,True,True,True,True,True,True,34,9
3.111457374920054,True,True,True,True,True,True,11,2
0.14901963845495317,True,True,True,True,True,True,12,1
1.5492815867529415,True,True,True,True,True,True,18,4
4.55828067925668,True,True,True,True,True,True,3,1
2.8723889086220806,True,True,True,True,True,True,8,3
27.975308198037443,True,True,True,True,True,True,3,2
5.431739118380328,True,True,True,True,True,True,1,1
2.7614881263858666,True,True,True,True,True,True,11,6
0.24730448218867496,True,True,True,True,True,True,4,1
4.45291409768777,True,True,True,True,True,True,12,1
0.7954319308106625,True,True,True,True,True,True,10,1
4.335561742881849,True,True,True,True,True,True,12,5
0.7221194667808312,True,True,True,True,True,True,9,2
3.3192491718705335,True,True,True,True,True,True,11,8
0.8380519332134945,True,True,True,True,True,True,2,1
0.142998045382937,True,True,True,True,True,True,4,1
0.7115506690706705,True,True,True,True,True,True,3,3
0.8992755020971628,True,True,True,True,True,True,5,2
0.7005239580321332,True,True,True,True,True,True,2,1
0.9437068998102879,True,True,True,True,True,True,4,1
0.810591437962959,True,True,True,True,True,True,4,2
4.13351818468162,True,True,True,True,True,True,10,4
0.5233629459054903,True,True,True,True,True,True,14,9
0.20473120733082553,True,True,True,True,True,True,2,2
1.8364675107697683,True,True,True,True,True,True,11,1
2.4367181643298665,True,True,True,True,True,True,47,9
17.666223341983212,True,True,True,True,True,True,16,1
0.8575565805855073,True,True,True,True,True,True,6,1
1.9426084417361873,True,True,True,True,True,True,19,4
7.247009792403532,True,True,True,True,True,True,15,1
69.06335749196273,True,True,True,True,True,True,12,2
1.736820347342188,True,True,True,True,True,True,3,1
17.13357488941894,True,True,True,True,True,True,11,1
14.415832247550304,True,True,True,True,True,True,14,2
0.798720656208852,True,True,True,True,True,True,5,1
0.624022877221218,True,True,True,True,True,True,3,1
0.5579313309167908,True,True,True,True,True,True,4,1
19.001915065997284,True,True,True,True,True,True,1,1
0.11869534431181669,True,True,True,True,True,True,3,2
4.541844241373566,True,True,True,True,True,True,1,1
0.5584544201233326,True,True,True,True,True,True,8,1
1.399167285240667,True,True,True,True,True,True,19,5
4.712204196840374,True,True,True,True,True,True,13,2
0.04071522810042177,True,True,True,True,True,True,8,2
0.3646298954744829,True,True,True,True,True,True,12,1
0.5727857272455922,True,True,True,True,True,True,8,4
0.06131592154913318,True,True,True,True,True,True,6,1
2.9037931182602055,True,True,True,True,True,True,23,4
1.0106308489682867,True,True,True,True,True,True,13,4
0.7868732057394753,True,True,True,True,True,True,10,4
29.51489028774365,False,False,True,True,True,True,4,1
9.43104573865274,True,True,True,True,True,True,3,1
2.1548906849524454,True,True,True,True,True,True,5,4
0.0019764033851479737,True,True,True,True,True,True,11,1
6.1652731503656035,True,True,True,True,True,True,2,1
4.132489659587833,True,True,True,True,True,True,3,1
0.028913650508262972,True,True,True,True,True,True,5,1
1.1511647343140925,True,True,True,True,True,True,18,1
1.5658198301895363,True,True,True,True,True,True,13,5
0.02846535032644158,True,True,True,True,True,True,7,2
0.05917472737827093,True,True,True,True,True,True,2,1
0.7052804765509723,True,True,True,True,True,True,13,1
2.3548665318597464,True,True,True,True,True,True,10,2
0.19492856416376517,True,True,True,False,True,False,8,9
10.998798360656362,True,True,True,True,True,True,1,1
19.668145120105912,False,False,True,True,True,True,5,3
0.2811709141261417,True,True,True,True,True,True,17,3
4.165301777168892,True,True,True,True,True,True,8,5
0.021605682762341434,True,True,True,True,True,True,18,2
1.114117936803346,True,True,True,True,True,True,5,1
26.27246928512948,True,True,True,True,True,True,0,1
0.5327932983471766,True,True,True,True,False,False,4,4
16.005528397192627,True,True,True,True,True,True,7,2
1.3106294100301774,True,True,True,True,True,True,15,3
0.13581414606756675,True,True,True,True,True,True,3,2
2.8769045169888554,True,True,True,True,True,True,2,3
2.467150113890423,True,True,True,True,True,True,7,4
4.586936937171715,True,True,True,True,True,True,9,6
0.009764955631934854,True,True,True,True,True,True,8,5
25.693672099042747,True,True,True,True,True,True,5,1
2.3517532710233535,True,True,True,True,True,True,2,1
0.009329824059356812,True,True,True,True,True,True,52,45
2.7832807465915455,True,True,True,True,True,True,0,1
6.611129554416427,True,True,True,True,True,True,1,1
16.907698473320746,True,True,True,True,True,True,22,6
0.21190355691132587,True,True,True,True,True,True,11,3
57.28061237445632,True,True,True,True,True,True,1,1
0.6280465998300659,True,True,True,True,True,True,16,6
1.5860056638493993,True,True,True,True,False,False,2,6
9.634170314490637,True,True,True,True,True,True,10,1
14.749852420801583,True,True,True,True,True,True,4,2
2.543904710239967,True,True,True,True,True,True,34,20
0.22662615692782462,True,True,True,True,True,True,18,2
42.62408650736241,True,True,True,True,True,True,0,1
1.1650834954086564,True,True,True,True,True,True,14,7
0.5946398055126497,False,True,True,True,True,True,10,1
1.5947719389242647,True,True,True,True,True,True,22,12
1.4452528952427433,True,True,True,True,True,True,9,7
0.6266264937131507,True,True,True,True,True,True,8,2
5.265045416792019,True,True,True,True,True,True,3,3
44.17767635339638,True,True,True,True,True,True,1,1
7.20587920157231,True,True,True,True,True,True,5,1
0.5523513500795252,True,True,True,True,True,True,5,1
0.011189482433830762,True,True,True,True,False,False,4,4
0.01614159815166243,True,True,True,True,True,True,11,14
14.228041143946442,True,True,True,True,True,True,7,1
2.238654337764252,True,True,True,True,True,True,8,1
2.3738872217091482,True,True,True,True,True,True,7,1
2.068148867220482,True,True,True,True,True,True,6,2
2.0041914037228943,True,True,True,True,True,True,3,1
0.34529432173292357,True,True,True,True,True,True,4,1
0.05739720191378465,True,True,True,True,True,True,2,2
1.0746187662914088,True,True,True,True,True,True,16,2
1.7344420753640348,True,True,True,True,True,True,4,1
1.20374663070216,True,True,True,False,True,False,2,3
0.8231157162506253,True,True,True,True,True,True,2,1
11.966328869448196,True,True,True,True,True,True,9,2
6.175014532039387,True,True,True,True,True,True,1,1
5.398494970126109,True,True,True,True,True,True,8,4
37.76674867044678,True,True,True,True,True,True,15,4
0.11215275614119102,True,True,True,True,True,True,5,1
0.8898006366840169,True,True,True,True,True,True,3,2
3.0840552767110805,True,True,True,True,True,True,22,3
0.5368779316216206,True,True,True,True,True,True,1,1
8.213935927230434,True,True,True,True,True,True,3,1
4.94639910785245,True,True,True,True,True,True,4,1
0.5273794461222179,True,True,True,True,True,True,12,1
1.991176331246931,True,True,True,True,True,True,1,2
0.6691462987808162,True,True,True,True,True,True,2,2
2.1758013024115614,True,True,True,True,True,True,1,1
0.12943822466277502,True,True,True,True,True,True,25,4
1.8506580266056274,True,True,True,True,True,True,2,2
0.011467906793438884,True,True,True,True,True,True,29,16
2.192430974450814,True,True,True,True,True,True,11,1
0.41738850085619905,True,True,True,True,True,True,23,2
1.620229036278142,True,True,True,True,True,True,20,3
3.009456147323664,True,True,True,True,True,True,6,3
24.80789033935813,True,True,True,True,True,True,1,1
0.36211676162650736,True,True,True,True,True,True,3,1
2.36762403284598,True,True,True,True,True,True,20,9
0.09613968397547558,True,True,True,True,True,True,5,1
0.1588951468032287,True,True,True,True,True,True,3,1
15.95419436288273,True,True,True,True,True,True,21,4
0.19836987432176773,True,True,True,True,True,True,8,3
9.037324085160504,True,True,True,True,True,True,4,1
6.901237180628899,True,True,True,True,True,True,0,1
0.9675322246710847,True,True,True,True,True,True,11,1
15.650045184568372,True,True,True,True,True,True,9,5
0.11213670619570656,True,True,True,True,True,True,16,5
0.10318826224956212,True,True,True,True,True,True,5,4
0.04677563186476398,True,True,True,True,True,True,0,1
0.17456489294902877,True,True,True,True,True,True,9,1
1.268924614054375,True,True,True,True,True,True,2,1
0.011701002967239,True,True,True,True,True,True,3,1
7.6682591409600835,True,True,True,True,True,True,6,1
1.0913272442634887,True,True,True,True,True,True,5,2
1.16822137156752,True,True,True,True,True,True,3,1
10.555066147508157,True,True,True,True,True,True,1,1
0.1835997201266316,True,True,True,True,True,True,5,1
14.36227980415251,True,True,True,True,True,True,6,2
0.025792581503934098,True,True,True,True,True,True,7,1
8.113456977331497,True,True,True,True,True,True,8,1
27.105482350654416,True,True,True,True,True,True,5,1
0.020868040040975682,True,True,True,True,True,True,13,1
0.6049099509965706,True,True,True,True,True,True,14,1
0.4535030199960792,True,True,True,True,True,True,36,16
1.1084495275463344,True,True,True,True,True,True,0,1
11.825300730188374,True,True,True,True,True,True,6,3
1.0934446190330929,True,True,True,True,True,True,10,1
0.04251393397507696,True,True,True,True,True,True,8,1
31.77509529762656,True,True,True,True,True,True,1,1
4.110785499542071,True,True,True,True,True,True,1,1
0.6043171053575268,True,True,True,True,True,True,15,3
1.2960981628915447,True,True,True,True,True,True,7,4
4.062430889729316,True,True,True,True,True,True,11,2
2.6224883882915253,True,True,True,True,True,True,7,1
2.486461389203862,True,True,True,True,True,True,3,1
1.6191531806698933,True,True,True,True,True,True,15,2
19.047838447191936,True,True,True,True,True,True,5,1
3.634167028487241,True,True,True,True,True,True,5,1
1.513679650658947,True,True,True,True,True,True,1,1
0.6711901119808489,True,True,True,True,True,True,31,14
0.01596362129415668,True,True,True,True,True,True,7,7
2.5532866337283817,True,True,True,True,True,True,14,1
5.166450127956749,True,True,True,True,True,True,6,1
0.06418215770166837,True,True,True,True,True,True,7,1
1.614856416045036,True,True,True,True,True,True,11,2
1.346215822824282,True,True,True,True,True,True,3,1
2.2231944288518837,True,True,True,True,True,True,5,1
8.707232538056926,True,True,True,True,True,True,2,1
2.5969465305262154,True,True,True,True,True,True,3,1
3.4600275317324822,True,True,True,True,True,True,6,1
0.30844305597437593,True,True,True,True,True,True,4,3
1.756926735742588,True,True,True,True,True,True,22,2
3.682523772993553,True,True,True,True,True,True,8,1
0.21834661568096925,True,True,True,True,True,True,8,2
0.8565776328723209,True,True,True,True,True,True,15,2
0.9242827194121797,True,True,True,True,True,True,6,2
7.578350719628343,True,True,True,True,True,True,7,1
0.21267204660405523,True,True,True,True,True,True,12,4
5.189945157620353,True,True,True,True,True,True,8,2
1.6918455378356232,True,True,True,True,True,True,13,1
0.0834572805440282,True,True,True,True,True,True,3,3
1.1284382448119965,True,True,True,True,True,True,13,2
1.1555225638652553,True,True,True,True,True,True,14,4
0.6258402322783594,True,True,True,True,True,True,12,4
0.5769136762169917,True,True,True,True,True,True,2,1
0.12134163454702582,True,True,True,True,True,True,4,1
9.958624718817157,True,True,True,True,True,True,3,2
0.1638820353122954,True,True,True,True,True,True,3,1
0.008434512424526799,True,True,True,True,True,True,4,1
11.600906380834292,True,True,True,True,True,True,4,1
3.2690426626717555,True,True,True,True,True,True,6,6
3.6223655276061573,True,True,True,True,True,True,9,4
6.002683717000702,True,True,True,True,True,True,8,1
6.793631746037014,True,True,True,True,True,True,13,1
0.5319513358708651,True,True,True,True,True,True,4,3
4.864461490729753,True,True,True,True,True,True,16,4
4.711590528013611,True,True,True,True,True,True,21,6
4.51037009949332,True,True,True,True,True,True,13,4
0.008721506455700329,True,True,True,True,True,True,5,4
2.1106291745818706,True,True,True,True,True,True,10,2
4.2105155661726075,True,True,True,True,True,True,2,1
0.37362619531561797,True,True,True,True,True,True,0,1
13.44044434593251,True,True,True,True,True,True,2,3
1.721528733313966,True,True,True,True,True,True,1,1
1.5191880386309986,True,True,True,True,True,True,8,3
0.5833316782213713,True,True,True,True,True,True,6,2
11.404041964984346,True,True,True,True,True,True,7,4
10.96927969181265,True,True,True,True,True,True,26,18
0.3980496406285239,True,True,True,True,True,True,2,2
12.672633297949195,True,True,True,True,True,True,2,1
1.8683250961336644,True,True,True,True,True,True,13,4
8.175425362007761,True,True,True,True,True,True,5,1
16.30603646400256,True,True,True,True,True,True,2,1
1.896496354906612,True,True,True,True,True,True,1,1
1.1600259283280006,True,True,True,True,True,True,4,1
0.957952812439629,True,True,True,True,True,True,2,1
0.9091796461763726,True,True,True,True,True,True,10,1
7.161347327554938,True,True,True,True,True,True,2,1
8.179815423680592,True,True,True,True,True,True,2,1
2.262873165314914,True,True,True,True,True,True,10,2
1.2430508803559757,True,True,True,True,True,True,16,3
7.278545625788157,True,True,True,True,True,True,3,2
1.943086880235887,True,True,True,True,False,False,4,9
0.898409255352359,True,True,True,True,True,True,3,2
1.1029152828529283,True,True,True,True,True,True,16,3
1.4336334320431559,True,True,True,True,True,True,4,1
0.24502873488427995,True,True,True,True,True,True,9,1
1.0043693049700586,True,True,True,True,True,True,7,4
7.122217555965337,True,True,True,True,True,True,11,1
8.918512471285766,True,True,True,True,True,True,9,2
2.925046364574108,True,True,True,True,True,True,2,1
8.481748645653688,True,True,True,True,True,True,11,2
0.7630279176350475,True,True,True,True,True,True,12,1
0.037020939602404455,True,True,True,True,True,True,14,1
3.2974364891420676,True,True,True,True,True,True,10,1
1.3981260886193634,True,True,True,True,True,True,8,6
1.6229083896266123,True,True,True,True,True,True,8,1
12.703379165491572,True,True,True,True,True,True,9,2
0.3167610000719243,True,True,True,True,True,True,9,1
0.08354804188462725,True,True,True,True,True,True,22,3
0.6525531200534018,True,True,True,True,True,True,11,4
0.11286660375572147,True,True,True,True,True,True,3,1
3.8550965832392663,True,True,True,True,True,True,4,1
0.19888578601780119,True,True,True,True,True,True,16,7
31.27338347788082,True,True,True,True,True,True,9,2
0.33917599680219285,True,True,True,True,True,True,8,2
0.04932690445199426,True,True,True,True,True,True,18,1
2.497974424446068,True,True,True,True,True,True,7,1
10.137915670567587,True,True,True,True,True,True,0,1
1.7868109002479424,True,True,True,True,True,True,6,3
0.7278309511493889,True,True,True,True,True,True,22,7
1.593903674726563,True,True,True,True,True,True,31,3
12.594639139340005,True,True,True,True,True,True,8,3
0.05363649128357725,True,True,True,True,True,True,8,2
3.03098015166185,True,True,True,True,True,True,2,1
27.205648807046604,False,False,True,True,True,True,11,2
0.007398149744941841,True,True,True,True,True,True,3,1
0.3457903041704328,True,True,True,True,True,True,16,1
4.786661911270256,True,True,True,True,True,True,11,1
0.38433613103163833,True,True,True,True,True,True,5,1
0.35606504413446777,True,True,True,True,True,True,3,1
34.49650354036313,True,True,True,True,True,True,4,1
4.08264472873594,True,True,True,True,True,True,7,4
4.356967270530543,True,True,True,True,True,True,10,1
2.3197089502723323,True,True,True,True,True,True,3,1
0.6539295455089907,True,True,True,True,True,True,14,1
12.695979240039811,True,True,True,False,True,False,10,12
46.00394469953406,False,False,True,True,True,True,7,2
0.07821657155928227,True,True,True,True,True,True,3,1
0.6214742933920209,True,True,True,True,True,True,14,2
7.771794994096885,True,True,True,True,True,True,5,2
0.09275018304837217,True,True,True,True,True,True,10,3
5.7204454161186336,True,True,True,True,True,True,2,1
0.06974265772488167,True,True,True,True,True,True,9,1
32.22783876136244,True,True,True,True,True,True,3,1
24.022547247412835,True,True,True,True,True,True,4,1
18.62801767072126,True,True,True,True,True,True,2,1
19.862635676306553,True,True,True,True,True,True,2,2
0.6416221817969459,True,True,True,True,True,True,32,3
2.431928521784661,True,True,True,True,True,True,4,1
35.575381620592005,True,True,True,True,True,True,11,2
0.10945840765914913,True,True,True,True,True,True,3,1
0.0024315730786326926,True,True,True,True,True,True,5,5
4.036590679079458,True,True,True,True,True,True,10,3
0.9957477885472895,True,True,True,True,True,True,1,1
3.6271331113651657,True,True,True,True,True,True,1,1
0.5982184882477979,True,True,True,True,True,True,2,1
0.11891326879153766,True,True,True,True,True,True,20,7
2.2487616259602428,True,True,True,True,True,True,2,1
0.8295363609072478,True,True,True,True,True,True,1,2
0.2040354873100709,True,True,True,True,True,True,11,1
0.7699106429238696,True,True,True,True,True,True,2,2
53.893851341761774,True,True,True,True,True,True,1,1
91.14962583882223,True,True,True,True,True,True,4,4
5.7493171990548,True,True,True,True,True,True,15,3
0.785735069997227,True,True,True,True,True,True,8,4
4.637340216916843,True,True,True,True,True,True,10,1
2.3360358102752485,True,True,True,True,True,True,7,2
17.980992164696858,True,True,True,True,True,True,16,2
1.8388203027130425,True,True,True,True,True,True,13,6
9.94591340368936,True,True,True,True,True,True,24,6
2.6346667315321066,True,True,True,True,True,True,15,4
6.029873974828026,True,True,True,True,True,True,10,4
0.6379621953986435,True,True,True,True,True,True,14,1
0.07031480666657342,True,True,True,True,True,True,0,1
11.092798158466955,False,True,True,True,True,True,16,9
6.7937124771538135,True,True,True,True,True,True,7,2
2.0010458785521137,True,True,True,True,True,True,7,2
15.842602824353474,True,True,True,True,True,True,1,1
6.935254012019254,True,True,True,True,True,True,9,1
1.814068847912055,True,True,True,True,True,True,2,2
0.10504300648204129,True,True,True,True,True,True,4,1
7.168349644659859,True,True,True,True,True,True,0,1
3.030151290339218,True,True,True,True,True,True,1,2
12.155858920157259,True,True,True,True,True,True,13,1
35.44217802426168,True,True,True,True,True,True,2,1
2.7223678103350992,True,True,True,True,True,True,16,2
0.6633174571297021,True,True,True,True,True,True,3,1
2.4242675113927423,True,True,True,True,True,True,3,2
0.1670086548913706,True,True,True,True,True,True,10,1
0.4244237992298695,True,True,True,True,True,True,6,1
0.5476748691346038,True,True,True,True,True,True,9,3
5.938577638280739,True,True,True,True,True,True,5,3
4.882855010916525,True,True,True,False,True,False,3,5
2.155996337096588,True,True,True,True,True,True,5,2
5.37725740049597,True,True,True,True,True,True,5,2
2.246014641809345,True,True,True,True,True,True,18,4
7.186184951137378,True,True,True,True,True,True,4,2
0.5795451228203624,True,True,True,True,True,True,15,2
0.014517943883528478,True,True,True,True,True,True,4,4
101.14101362006934,True,True,True,False,True,False,7,30
2.0237573565840186,True,True,True,True,True,True,5,1
19.589615761412688,True,True,True,True,True,True,20,7
27.583914673872453,True,True,True,True,True,True,10,8
0.5040097993006156,True,True,True,True,True,True,5,1
11.89120344939492,True,True,True,True,True,True,25,5
3.617934415669591,True,True,True,True,True,True,4,1
2.3129550583813976,True,True,True,True,True,True,21,3
11.540436773163613,True,True,True,True,True,True,0,1
0.5624651007781895,True,True,True,True,True,True,12,1
0.01892155250848913,True,True,True,True,True,True,12,1
12.812072023868947,True,True,True,True,True,True,13,6
4.674732980991514,True,True,True,True,True,True,6,5
10.161238046548835,True,True,True,True,True,True,1,1
4.686033122435664,True,True,True,True,True,True,19,2
1.0496835214151858,True,True,True,True,True,True,3,1
4.145174733712044,True,True,True,True,True,True,4,1
0.5630658453168619,True,True,True,True,True,True,11,4
0.6852945749220148,True,True,True,True,True,True,19,3
4.036461789914289,True,True,True,True,True,True,13,2
0.26667446534902867,True,True,True,True,True,True,16,10
0.09764206888637503,True,True,True,True,True,True,3,1
1.9058310765227473,True,True,True,True,True,True,4,2
0.8196805529471631,True,True,True,True,True,True,2,1
1.922422150362753,True,True,True,False,True,False,8,5
16.18894324570566,True,True,True,True,True,True,8,6
8.570414925846237,True,True,True,True,True,True,10,4
17.71494736486569,True,True,True,True,True,True,2,1
0.3416019035817388,True,True,True,True,True,True,4,1
3.3866153066582627,True,True,True,True,True,True,8,1
0.6591688959813802,True,True,True,True,True,True,8,1
3.7727205165620767,True,True,True,True,True,True,5,1
0.7817062827437283,True,True,True,True,True,True,15,7
1.3056369456477035,True,True,True,True,True,True,5,1
0.16805671007177236,True,True,True,True,True,True,7,7
1.1216498371904482,True,True,True,True,True,True,3,2
0.3520724124823107,True,True,True,True,True,True,11,2
0.11826441290489849,True,True,True,True,True,True,0,1
0.04724287701290217,True,True,True,True,True,True,15,3
0.07617005413178443,True,True,True,True,True,True,8,5
3.0260690277067748,True,True,True,True,True,True,9,3
9.859207285123118,True,True,True,True,True,True,3,1
0.048917177800329656,True,True,True,True,True,True,10,2
21.75069734530622,True,True,True,True,True,True,23,1
28.26822566452157,True,True,True,True,True,True,8,1
6.719968986437534,True,True,True,True,True,True,6,1
0.08855112895865692,True,True,True,True,True,True,2,1
9.638199706089063,True,True,True,True,True,True,2,1
1.2291660334549448,True,True,True,True,True,True,5,4
0.20452615102488073,True,True,True,True,True,True,9,5
0.8098557082852929,True,True,True,True,True,True,2,1
1.9695960307947997,True,True,True,True,True,True,6,1
9.779339259204676,True,True,True,True,True,True,21,3
2.5260862778189788,True,True,True,True,True,True,9,1
1.4310782158652635,True,True,True,True,True,True,10,2
0.09878631212897353,True,True,True,True,True,True,16,3
0.07311548982965158,True,True,True,True,True,True,6,2
1.3639102482164818,True,True,True,True,True,True,8,6
24.615121059880813,True,True,True,True,True,True,8,2
3.5201894821159234,True,True,True,True,True,True,2,2
6.039102998847801,True,True,True,True,True,True,4,1
0.5013273402889379,True,True,True,True,True,True,2,2
0.4669516533828906,True,True,True,True,True,True,8,1
0.3986628058442387,True,True,True,True,True,True,45,2
10.677552953020678,True,True,True,True,True,True,3,2
0.30370631972880774,True,True,True,True,True,True,4,1
0.00698287167815817,True,True,True,True,True,True,14,4
0.021546709977863843,True,True,True,True,True,True,15,1
2.0907033266721897,True,True,True,True,True,True,15,2
1.5075319657712265,True,True,True,True,True,True,12,1
61.609132215402745,True,True,True,True,True,True,2,2
1.3142954691279942,True,True,True,True,True,True,11,4
4.847030615335321,True,True,True,True,True,True,8,1
3.941815736140694,True,True,True,True,True,True,12,1
3.1473249734736957,True,True,True,True,True,True,2,1
0.18385947173357664,True,True,True,True,True,True,12,2
2.928382597869351,True,True,True,True,True,True,9,1
5.042749573242095,True,True,True,True,True,True,30,3
0.6230591325311234,True,True,True,True,True,True,1,1
15.000746480577893,True,True,True,True,True,True,8,3
0.24160576579080806,True,True,True,True,True,True,6,3
4.7979060646549945,True,True,True,True,True,True,16,1
6.091515018772209,True,True,True,True,True,True,2,1
0.0413427609447725,True,True,True,True,True,True,7,1
3.5962188196472247,True,True,True,True,True,True,3,2
1.3751929199675403,True,True,True,True,True,True,1,1
0.3991306214230124,True,True,True,True,True,True,26,7
11.30471982188784,True,True,True,True,True,True,9,2
0.9364571730311708,True,True,True,True,True,True,13,2
1.2278983261779133,True,True,True,True,True,True,9,1
5.812708310220384,True,True,True,True,True,True,3,2
1.4227808073242698,True,True,True,True,True,True,3,1
8.023811626117599,True,True,True,True,True,True,5,1
0.27418466524155816,True,True,True,True,True,True,6,5
5.766975979806858,True,True,True,True,True,True,2,1
0.10793691667847803,True,True,True,True,True,True,11,8
1.1541495525793772,True,True,True,True,True,True,23,16
23.854881131231167,True,True,True,True,True,True,3,1
11.56592484727774,True,True,True,True,True,True,2,2
16.167546727967974,True,True,True,True,True,True,9,1
18.422300703741154,True,True,True,True,True,True,5,1
0.029701558413730046,True,True,True,True,True,True,11,3
0.05577716554666419,True,True,True,True,True,True,6,1
0.9497610147898237,True,True,True,True,True,True,6,1
7.350652881368921,True,True,True,True,True,True,17,12
12.4820154783617,True,True,True,True,True,True,7,1
41.10125672780287,True,True,True,True,True,True,12,1
0.3870734888669217,True,True,True,True,True,True,22,17
0.2022732278812011,True,True,True,True,True,True,4,1
6.064891973973653,True,True,True,True,True,True,26,1
3.215019556486364,True,True,True,True,True,True,6,3
2.995902128517955,True,True,True,True,True,True,3,1
2.091500890210253,True,True,True,True,True,True,3,2
0.11827667015638796,True,True,True,True,True,True,2,1
2.3804717003523113,True,True,True,True,True,True,15,1
0.3016730462380284,True,True,True,True,True,True,14,5
3.105646593080323,True,True,True,True,True,True,6,2
0.056760716895497665,True,True,True,True,True,True,3,2
0.07689006596404728,True,True,True,True,True,True,8,3
2.0564058240007377,True,True,True,True,True,True,2,1
0.34179358187842634,True,True,True,True,True,True,21,2
0.6661651564690535,True,True,True,True,True,True,31,3
4.333249624478798,True,True,True,True,True,True,17,6
3.6155592492558126,True,True,True,True,True,True,6,2
0.18608221173098669,True,True,True,True,True,True,8,2
22.748797989284927,True,True,True,True,True,True,17,5
2.999422173938706,True,True,True,True,True,True,11,4
0.4641615113169825,True,True,True,True,True,True,15,6
0.09073013502541587,True,True,True,True,True,True,16,9
3.6266337500711225,True,True,True,True,True,True,5,1
6.147305985301735,True,True,True,True,True,True,3,1
20.969896838919666,True,True,True,True,True,True,4,1
0.31705170657412174,True,True,True,True,True,True,9,1
66.36062256045469,True,True,True,True,True,True,0,1
21.8752682585604,True,True,True,True,True,True,8,1
3.710006771376756,True,True,True,True,True,True,2,1
0.27127967750897053,True,True,True,True,True,True,8,1
55.631611121347106,True,True,True,True,True,True,9,1
0.6040269636096824,True,True,True,True,True,True,21,2
9.327261577519295,True,True,True,True,True,True,1,2
11.728264034943738,True,True,True,True,True,True,8,2
2.816321924402604,True,True,True,True,True,True,7,2
4.037854882280851,True,True,True,True,True,True,3,1
0.056630027696120834,True,True,True,True,True,True,3,1
0.5517233134208304,True,True,True,True,True,True,1,1
12.445875114119694,True,True,True,True,True,True,5,3
0.35705191519168017,True,True,True,True,True,True,7,5
5.402073587102623,True,True,True,True,True,True,27,2
0.32568543343278306,True,True,True,True,True,True,15,12
0.049952394549200245,True,True,True,True,True,True,4,2
3.033624497964927,True,True,True,True,True,True,6,4
14.966836176339168,True,True,True,True,True,True,2,1
20.361520013405897,False,True,True,True,True,True,4,2
1.7542089029274601,False,True,True,True,True,True,11,2
22.001282317166446,True,True,True,True,True,True,16,4
20.476615627967163,True,True,True,True,True,True,14,9
2.1531219933661534,True,True,True,True,True,True,4,1
4.732072208585586,True,True,True,True,True,True,4,2
1.0170295485452434,True,True,True,True,True,True,8,7
5.005375400023595,True,True,True,True,True,True,2,3
0.07761514830948481,True,True,True,True,True,True,14,1
12.089391503982679,True,True,True,True,True,True,1,2
1.0885335478139988,True,True,True,True,True,True,8,1
0.26307799373461027,True,True,True,True,True,True,7,1
0.20446093548205285,True,True,True,True,True,True,26,3
33.208583902939516,True,True,True,True,True,True,0,1
0.3953374188678011,True,True,True,True,True,True,24,1
7.452756752225516,True,True,True,True,True,True,11,7
3.6552753307500496,True,True,True,True,True,True,12,1
24.22916680201571,True,True,True,True,True,True,4,1
0.015195911411889572,True,True,True,True,True,True,43,2
0.04304532390450415,True,True,True,True,True,True,1,1
8.299163024327719,True,True,True,True,True,True,9,1
3.9023514887434767,True,True,True,True,True,True,11,3
0.26136648602207246,True,True,True,True,True,True,3,1
0.29972378039402137,True,True,True,True,True,True,5,1
0.0858520618140028,True,True,True,True,True,True,19,5
1.0287826676356524,True,True,True,True,True,True,10,1
3.91873024775371,True,True,True,True,True,True,26,2
0.34082524852665164,True,True,True,True,True,True,33,7
13.125385801056762,True,True,True,True,True,True,10,1
1.5228294105603362,True,True,True,True,True,True,4,1
3.6173561289797793,True,True,True,True,True,True,1,1
1.9884932542620666,True,True,True,True,True,True,8,1
0.16960927846177073,True,True,True,True,True,True,10,4
27.730340359073338,True,True,True,True,True,True,25,12
0.15102889931537533,True,True,True,True,True,True,12,5
0.027803211405296235,True,True,True,True,True,True,6,1
1.165804771019975,True,True,True,True,True,True,13,6
0.03928064126846944,True,True,True,True,True,True,13,2
0.7379911693912968,True,True,True,True,True,True,23,2
5.15136589221242,True,True,True,True,True,True,14,3
0.7684323906699672,True,True,True,True,True,True,2,1
9.193554985429941,True,True,True,True,True,True,11,1
0.05826372987989342,True,True,True,True,True,True,6,2
0.18892559269695355,True,True,True,True,True,True,7,2
0.09084249065492728,True,True,True,True,True,True,1,2
14.072885768400363,True,True,True,True,True,True,3,1
3.0365435120770536,True,True,True,True,True,True,4,1
30.068043060866664,True,True,True,True,True,True,2,1
8.459503256751022,True,True,True,True,True,True,12,1
0.444501768387438,True,True,True,False,True,False,11,11
8.656853470611086,True,True,True,True,True,True,15,3
0.2616846549081861,False,True,True,True,True,True,16,6
67.954608050731,True,True,True,True,True,True,14,3
13.89471788631162,True,True,True,True,True,True,12,7
1.2582260629446884,True,True,True,True,True,True,4,3
1.057779438378525,True,True,True,True,True,True,3,1
9.733870811066815,True,True,True,True,True,True,9,1
0.05202826474559472,True,True,True,True,True,True,13,1
0.427265811920913,True,True,True,True,True,True,3,1
0.7020535797852511,True,True,True,True,True,True,8,4
1.8576797751041314,True,True,True,True,True,True,10,1
6.946496259689962,True,True,True,True,True,True,1,1
0.1687281266840895,True,True,True,True,True,True,9,2
0.2152918912336506,True,True,True,True,True,True,9,2
0.0864852646295074,True,True,True,True,True,True,35,9
1.9122733660629359,True,True,True,True,True,True,2,1
0.06751874758605504,True,True,True,True,True,True,8,3
0.577377152545177,True,True,True,True,True,True,3,1
6.791935407055399,True,True,True,True,True,True,5,3
1.8150022971345519,True,True,True,True,True,True,28,5
9.973265209064683,True,True,True,True,True,True,16,2
0.6412772009474822,True,True,True,True,True,True,4,1
3.320444256816972,True,True,True,True,True,True,16,4
8.8663142613643,True,True,True,True,True,True,3,1
0.0006090927876632388,True,True,True,True,True,True,31,6
0.16107460482066252,True,True,True,True,True,True,4,3
0.08121621335430582,True,True,True,True,True,True,6,3
0.03752479910004568,True,True,True,True,True,True,3,2
2.0727619203922103,True,True,True,True,True,True,4,1
0.11859686576399764,True,True,True,True,True,True,12,2
7.6719415497827494,True,True,True,True,True,True,10,4
0.3020724398031421,True,True,True,True,True,True,16,7
2.5206223918134545,True,True,True,True,True,True,10,5
0.7675170613648222,True,True,True,True,True,True,17,1
1.4443307029570864,True,True,True,True,True,True,8,1
6.2251244108668295,True,True,True,True,True,True,4,1
1.7322736000398342,True,True,True,True,True,True,2,1
0.05205313451225559,True,True,True,True,True,True,4,2
0.47026628821008487,True,True,True,True,True,True,2,2
20.395059062760065,True,True,True,True,True,True,5,2
5.317302791942873,True,True,True,True,True,True,5,2
8.426730480208489,True,True,True,True,True,True,1,1
2.18139388165327,True,True,True,True,True,True,1,2
0.29617652572893155,True,True,True,True,True,True,12,1
3.1416147051502215,True,True,True,True,True,True,6,1
6.594672012342183,True,True,True,True,True,True,6,1
0.007468645930044198,True,True,True,True,True,True,10,2
1.246676110568784,True,True,True,True,True,True,11,1
5.769591678671232,True,True,True,True,True,True,8,1
9.172910159543013,True,True,True,True,True,True,8,4
4.092360421459037,True,True,True,True,True,True,12,1
0.01164768209182627,True,True,True,True,True,True,22,6
24.498119534316885,True,True,True,True,True,True,9,3
0.5304749794356597,True,True,True,True,True,True,17,1
0.3388347488440048,True,True,True,True,True,True,35,25
0.5728474446839831,True,True,True,True,True,True,13,1
5.22180973645012,True,True,True,True,True,True,6,2
0.14605841385632612,True,True,True,True,True,True,4,5
0.4397652677312594,True,True,True,True,True,True,7,1
3.518305933047798,True,True,True,True,True,True,9,1
9.131230760866943,True,True,True,True,True,True,8,1
0.42290798896846776,True,True,True,True,True,True,9,4
5.305967932552384,True,True,True,True,True,True,3,1
3.6540814749265964,True,True,True,True,True,True,19,13
0.011385453653624774,True,True,True,True,True,True,11,1
3.0045847359371067,True,True,True,True,True,True,15,2
0.26413304961483214,True,True,True,True,True,True,4,3
1.565552165195855,True,True,True,True,True,True,17,7
6.0443762015354565,True,True,True,False,True,False,3,6
3.334688375984103,True,True,True,True,True,True,17,9
0.6651185758827687,True,True,True,True,True,True,9,1
2.4036780589889206,True,True,True,True,True,True,11,1
1.4627643886391946,True,True,True,True,True,True,16,1
0.0027318434373160253,True,True,True,True,True,True,10,3
44.734580694054706,True,True,True,True,True,True,20,11
34.22354117090756,True,True,True,True,True,True,5,4
7.288997836344097,True,True,True,True,True,True,9,1
0.9449418892830743,True,True,True,True,True,True,17,3
0.6563019558662417,True,True,True,True,True,True,4,1
2.116790474790887,True,True,True,True,True,True,10,5
0.11511265111733009,True,True,True,True,True,True,26,13
3.0795842043956227,True,True,True,True,True,True,4,1
5.109117143802483,True,True,True,True,True,True,3,1
1.2817227614403364,True,True,True,True,True,True,9,2
90.32876489938367,False,False,True,True,True,True,6,1
1.0748323450690629,True,True,True,True,True,True,13,4
0.6378098760271826,True,True,True,True,True,True,6,3
0.07011604558784511,True,True,True,True,True,True,15,2
0.025961721314363688,True,True,True,True,True,True,29,6
1.9202225711421659,True,True,True,True,True,True,5,1
25.366912488246772,True,True,True,True,True,True,3,2
8.7990777470058,True,True,True,True,True,True,3,3
0.07199054453677414,True,True,True,True,True,True,34,6
85.73180237671855,False,False,True,True,True,True,3,1
5.525864000364811,True,True,True,True,True,True,6,1
24.827529026510106,True,True,True,True,True,True,1,2
12.009945096257688,True,True,True,True,True,True,2,2
0.49347611007012077,True,True,True,True,True,True,0,1
0.9883815428233683,True,True,True,True,True,True,2,1
0.04381305741982327,True,True,True,True,True,True,14,1
2.9398194084770224,True,True,True,True,True,True,10,1
2.266688786429193,True,True,True,True,True,True,2,1
2.3993902276343206,True,True,True,True,True,True,2,1
0.30923604005364763,True,True,True,True,True,True,6,1
0.8129517983247977,True,True,True,True,True,True,3,1
3.828129478092232,True,True,True,True,True,True,12,3
2.0052211711912804,True,True,True,True,True,True,8,1
0.13321433447137232,True,True,True,True,True,True,17,1
10.791441409249147,True,True,True,True,True,True,2,2
3.9596835649405806,True,True,True,True,True,True,7,2
6.066622134143665,True,True,True,True,True,True,8,1
2.499475949703338,True,True,True,True,True,True,20,2
1.5239770489144964,True,True,True,True,True,True,27,3
1.7246572086905987,True,True,True,True,True,True,7,1
0.8190819126842027,True,True,True,True,True,True,3,1
2.1292590729742678,True,True,True,True,True,True,9,1
4.708351735173676,True,True,True,True,True,True,9,3
0.6139600186272887,True,True,True,True,True,True,8,5
1.3160981583124725,True,True,True,True,True,True,4,2
2.217268254304271,True,True,True,True,True,True,11,6
1.734487852953751,True,True,True,True,True,True,5,2
0.15137466044420955,True,True,True,True,True,True,29,5
0.181818653907329,True,True,True,True,True,True,19,7
0.5277812581834891,True,True,True,True,False,False,1,2
1.484920975838086,True,True,True,True,True,True,7,1
27.615230501138118,True,True,True,True,True,True,9,6
1.1829171153907883,True,True,True,True,True,True,11,4
0.5547980318105162,True,True,True,True,True,True,5,1
3.475139665517024,True,True,True,True,True,True,17,7
2.590529571073754,True,True,True,True,True,True,5,3
5.139407261737709,True,True,True,True,True,True,13,1
0.07234886005057355,True,True,True,True,True,True,9,3
0.673963259901909,True,True,True,True,True,True,25,9
63.01691944506377,False,False,True,True,True,True,11,1
1.335641646324699,True,True,True,True,True,True,6,1
0.4642433636021134,True,True,True,True,True,True,2,1
6.268001760525518,True,True,True,True,True,True,13,6
2.022614417831511,True,True,True,True,True,True,5,4
0.8275963296059548,True,True,True,True,True,True,8,4
2.2283825037664133,True,True,True,True,True,True,25,6
6.041685535243909,True,True,True,True,True,True,8,5
3.006508722094753,True,True,True,True,True,True,12,3
0.2848090353007661,True,True,True,True,True,True,4,1
1.4046995291085322,True,True,True,True,True,True,11,1
2.932319829080964,True,True,True,True,True,True,13,3
0.14061793703700043,True,True,True,True,True,True,3,1
3.5657026029712653,True,True,True,True,True,True,2,1
0.14518936721240133,True,True,True,True,True,True,11,6
0.48000291556367597,True,True,True,True,True,True,18,6
5.738294070556402,True,True,True,True,True,True,10,3
2.2477493640193806,True,True,True,True,True,True,19,3
0.03291724774174278,True,True,True,True,True,True,18,1
1.196255810467574,True,True,True,True,True,True,3,2
2.565504252865833,True,True,True,True,True,True,14,3
5.834241273608437,True,True,True,True,True,True,9,1
0.796035080120028,True,True,True,True,True,True,12,2
22.315619191062176,True,True,True,True,True,True,11,1
21.217364270990256,False,False,True,True,True,True,5,2
0.01947988313073572,True,True,True,True,True,True,12,1
1.16822137156752,True,True,True,True,True,True,1,1
15.970459370757771,False,False,True,True,True,True,8,2
0.9460242504609235,True,True,True,True,True,True,8,3
21.279728067021097,False,False,True,True,True,True,20,4
4.503872678716901,True,True,True,True,True,True,10,1
1.8103255379329326,True,True,True,True,True,True,12,2
0.16232854761636442,True,True,True,True,True,True,1,1
1.9287401178153214,True,True,True,True,True,True,2,1
0.6667191185386625,True,True,True,True,True,True,18,1
38.23851470344904,True,True,True,True,True,True,0,1
6.466270490587725,True,True,True,True,True,True,11,3
0.06869268418743084,True,True,True,True,True,True,5,2
0.4302817585192577,True,True,True,True,True,True,18,6
7.266514669446885,True,True,True,True,True,True,5,1
0.3542595365525079,True,True,True,True,True,True,19,3
12.576483536408036,True,True,True,True,True,True,14,2
1.7314985528917066,True,True,True,True,True,True,5,1
0.3881177131838958,True,True,True,True,True,True,5,1
0.0006140498196431531,True,True,True,False,True,False,9,12
0.2015240360096045,True,True,True,True,True,True,3,2
3.2479372058548464,True,True,True,True,True,True,8,1
11.316682642635348,True,True,True,True,True,True,7,1
0.08885620515899374,True,True,True,True,True,True,20,2
8.823801810371599,True,True,True,True,True,True,16,1
1.6148879311849447,True,True,True,True,True,True,9,3
1.6433636662607825,True,True,True,True,True,True,6,2
0.7798616920259233,True,True,True,True,True,True,2,1
0.389927200486315,True,True,True,True,True,True,6,3
0.19520688383041337,True,True,True,True,True,True,19,4
3.9715686181251786,True,True,True,True,True,True,3,1
0.6956631160841799,True,True,True,True,True,True,12,7
3.0014650790493094,True,True,True,True,True,True,4,1
0.14531797692035023,True,True,True,True,True,True,6,2
21.520960753350234,True,True,True,True,True,True,12,2
0.060930538918812366,True,True,True,True,True,True,13,4
17.560748588641964,True,True,True,True,True,True,21,3
0.03475207125087277,True,True,True,True,True,True,9,1
0.07083813671504538,True,True,True,True,True,True,9,4
0.011234559315750509,True,True,True,True,True,True,5,1
1.0755381732388134,True,True,True,True,True,True,17,4
13.90022310856575,True,True,True,True,True,True,6,1
1.6672623754577807,True,True,True,True,True,True,12,6
1.0948352129550771,True,True,True,True,True,True,13,6
0.4417185235463874,True,True,True,True,True,True,5,1
4.755885369643473,True,True,True,True,True,True,18,7
20.12412407930153,True,True,True,True,True,True,2,1
0.358434932948433,True,True,True,True,True,True,11,4
3.348496389755167,True,True,True,True,True,True,3,2
0.1278692513180436,True,True,True,True,True,True,1,1
7.684134094841506,True,True,True,True,True,True,32,2
1.0424184630458304,True,True,True,True,True,True,2,1
10.582586904006256,True,True,True,True,True,True,10,4
3.0664243837739855,True,True,True,True,True,True,1,1
2.9091043057910757,True,True,True,True,True,True,13,1
0.11840708487777087,True,True,True,True,True,True,4,1
86.09490705120119,True,True,True,True,True,True,36,22
0.35487701513427794,True,True,True,True,True,True,37,2
28.613243583202678,True,True,True,True,True,True,8,1
2.242220695081686,True,True,True,True,True,True,10,2
9.320587981372382,True,True,True,True,True,True,11,5
6.83550167447978,True,True,True,True,True,True,7,1
0.48493417797482397,True,True,True,False,True,False,12,15
9.948731054779312,True,True,True,True,True,True,4,3
114.81448501510381,False,False,True,True,True,True,2,1
1.3246398558847945,True,True,True,True,True,True,17,7
0.15064830372479093,True,True,True,True,True,True,5,2
0.2640043626149667,True,True,True,True,True,True,3,3
7.133187303792035,True,True,True,True,True,True,6,1
0.20516044310042877,True,True,True,True,True,True,7,2
0.5472222470192646,True,True,True,True,True,True,29,4
0.5754352645634202,True,True,True,True,True,True,1,1
0.1894152581950801,True,True,True,True,True,True,3,2
0.7738447913313833,True,True,True,True,True,True,31,3
85.41119865805784,False,False,True,True,True,True,5,1
2.422675784328949,True,True,True,True,True,True,16,2
1.7605568509186338,True,True,True,True,True,True,14,2
4.452977230018774,True,True,True,True,True,True,2,1
5.911277311239934,True,True,True,True,True,True,7,1
2.2835693163389377,True,True,True,True,True,True,7,1
4.714096031338087,True,True,True,True,True,True,9,1
0.6630722926337754,True,True,True,True,True,True,1,2
0.7086750444093809,True,True,True,True,True,True,0,1
1.7296594721511904,True,True,True,True,True,True,2,1
0.7112082765035331,True,True,True,True,True,True,15,3
12.346408691827417,True,True,True,True,True,True,4,3
0.08544719494450108,True,True,True,True,True,True,18,1
14.21677104483706,True,True,True,True,True,True,3,2
2.491829465091316,True,True,True,True,True,True,1,2
0.3415335188299058,True,True,True,True,True,True,6,1
0.03713966324395333,True,True,True,True,True,True,18,3
3.2794512321032365,True,True,True,True,True,True,6,1
0.9986215722634763,True,True,True,True,True,True,9,3
0.15362725086387835,True,True,True,True,True,True,28,2
1.7086408884166684,True,True,True,True,True,True,19,5
0.13695132329388213,True,True,True,True,True,True,8,5
0.41594277472455576,True,True,True,True,True,True,5,1
0.04136784350010996,True,True,True,True,True,True,7,4
1.311503992568981,True,True,True,True,True,True,1,1
1.8891319929206303,True,True,True,True,True,True,7,2
14.98967600212865,True,True,True,True,True,True,1,1
0.14496075222735696,True,True,True,True,True,True,4,1
1.5318376168919072,True,True,True,True,True,True,3,1
0.6195086206184156,True,True,True,True,True,True,11,4
9.711246887982433,True,True,True,True,True,True,0,1
0.11020549918130838,True,True,True,True,True,True,12,1
0.9462519783839723,True,True,True,False,True,False,7,12
0.8501151719756073,True,True,True,True,True,True,7,2
3.2508245857412166,True,True,True,True,True,True,19,6
3.431475205722412,True,True,True,True,True,True,16,4
0.7137519660834958,True,True,True,True,True,True,7,1
5.621215089657499,True,True,True,True,True,True,21,7
5.774027423126085,True,True,True,True,True,True,5,1
0.09172506603295132,True,True,True,True,True,True,1,1
16.634642968890372,True,True,True,True,True,True,2,1
0.4681034079016262,True,True,True,True,True,True,7,2
0.6213069411265238,True,True,True,True,True,True,9,1
17.12630048960858,True,True,True,True,True,True,4,3
15.981957175468581,True,True,True,True,True,True,8,1
1.3419502050652339,True,True,True,True,True,True,2,1
0.7051090535616885,True,True,True,True,True,True,11,1
0.8288057576410243,True,True,True,True,True,True,6,1
0.21647604933195894,True,True,True,True,True,True,34,3
0.39243897570368835,True,True,True,True,True,True,4,2
0.4800532676108993,True,True,True,True,True,True,9,1
14.164057132169146,True,True,True,True,True,True,4,2
14.252363810240567,True,True,True,True,True,True,15,1
9.704646171422288,True,True,True,True,True,True,5,1
3.4368757352679884,True,True,True,True,True,True,6,1
0.12092317050568871,True,True,True,True,True,True,46,13
1.301094270806516,True,True,True,True,True,True,7,1
1.3866741577189157,True,True,True,True,True,True,7,1
0.0908498415688633,True,True,True,True,True,True,3,1
0.010600043629219805,True,True,True,True,True,True,4,3
11.60876195870724,True,True,True,True,True,True,6,1
0.06568547961057712,True,True,True,True,True,True,4,4
0.1280279008773905,True,True,True,True,True,True,20,12
10.629378149229199,True,True,True,True,True,True,7,3
0.9249889003472755,True,True,True,True,True,True,29,1
2.2755083942045293,True,True,True,True,True,True,4,1
0.10570107884864119,True,True,True,True,True,True,9,5
4.196349046928215,True,True,True,True,True,True,7,1
0.10601669147250353,True,True,True,True,True,True,13,2
0.2252186790558684,True,True,True,True,True,True,8,2
6.586610746908535,True,True,True,True,True,True,10,1
14.168697404203401,True,True,True,True,True,True,20,6
0.11784250774653855,True,True,True,True,True,True,9,4
11.893468696963668,True,True,True,True,True,True,9,1
1.1315382115977688,True,True,True,True,True,True,5,1
0.06188944125084273,True,True,True,True,True,True,1,2
0.11063070749268815,True,True,True,True,True,True,7,1
3.110621529417166,True,True,True,True,True,True,8,1
0.06496461265370086,True,True,True,True,True,True,7,7
0.6559372719817937,True,True,True,True,True,True,2,1
0.0014313577506890067,True,True,True,True,True,True,10,4
0.11397216288460685,True,True,True,True,True,True,5,1
2.106440866752292,True,True,True,True,True,True,9,1
0.008077686536062062,True,True,True,True,True,True,6,2
0.10285360739984264,True,True,True,True,True,True,3,1
2.0994056403731527,True,True,True,True,True,True,7,1
0.6169694351715913,True,True,True,True,True,True,29,1
0.6638673202398162,True,True,True,True,True,True,15,3
0.0317624822151556,True,True,True,True,True,True,1,1
8.312632502687325,True,True,True,True,True,True,5,1
0.029064486185194794,True,True,True,True,True,True,15,1
11.833729673209413,True,True,True,True,True,True,22,10
1.477026703832399,True,True,True,True,True,True,0,1
45.864437045688184,True,True,True,True,True,True,25,5
0.6842795016599076,True,True,True,True,True,True,7,2
1.2374437583039137,True,True,True,True,True,True,3,1
1.9478350360677295,True,True,True,True,True,True,12,11
0.4608356311731028,True,True,True,True,True,True,5,2
0.5315272222876904,True,True,True,True,True,True,12,3
7.22904854113846,True,True,True,True,True,True,4,5
0.4300371965072337,True,True,True,True,True,True,5,1
0.057232096515114794,True,True,True,True,True,True,6,2
3.9023514887434767,True,True,True,True,True,True,2,2
4.117232771489343,True,True,True,True,False,False,3,4
0.6411690663974553,True,True,True,False,True,False,2,3
0.4812484598410526,False,True,True,True,True,True,15,6
1.034444210737719,True,True,True,True,True,True,12,1
11.22657081613887,True,True,True,True,True,True,12,7
15.126371118737087,True,True,True,True,True,True,16,2
0.6368169719578687,True,True,True,True,True,True,8,1
0.9166706144102572,True,True,True,True,True,True,6,1
9.45891722073742,True,True,True,True,True,True,8,1
3.3387118665570057,True,True,True,True,True,True,2,1
0.022317152070897725,True,True,True,True,True,True,6,1
1.2091839018722246,True,True,True,True,True,True,3,1
0.03062496084268481,True,True,True,True,True,True,20,8
0.49031068189221927,True,True,True,True,True,True,12,5
0.8749994601815888,True,True,True,True,True,True,14,8
0.6627822954588722,True,True,True,True,True,True,10,2
2.9959995977315885,True,True,True,True,True,True,21,2
1.4183950612916931,True,True,True,True,True,True,10,3
5.07861037612802,True,True,True,True,True,True,8,8
4.179634391578057,True,True,True,True,True,True,3,1
0.7754065995720976,True,True,True,True,True,True,5,1
0.024030937711977472,True,True,True,True,True,True,3,1
0.21211723980971542,True,True,True,True,True,True,12,5
0.20167972391870428,True,True,True,True,True,True,5,2
2.0490812666044986,True,True,True,True,True,True,27,1
0.21751080668951994,True,True,True,True,True,True,7,1
2.6642440622392627,True,True,True,True,True,True,11,3
28.369819590074655,False,False,True,True,True,True,0,1
0.9596581936477423,True,True,True,True,True,True,6,1
3.6126992954879644,True,True,True,True,True,True,4,5
1.072099752716923,True,True,True,True,True,True,11,4
0.45414821148704126,True,True,True,True,True,True,4,3
0.16631119614845677,True,True,True,True,True,True,6,1
1.1849962547754052,True,True,True,True,True,True,5,2
0.6079013361426656,True,True,True,True,True,True,8,1
4.960625129349555,True,True,True,True,True,True,3,1
1.4314907045060508,True,True,True,True,True,True,3,1
1.0956240062728495,True,True,True,True,True,True,16,6
9.085461627623085,True,True,True,True,True,True,9,2
3.961482516523187,True,True,True,True,True,True,8,3
3.2133548879918763,True,True,True,True,True,True,9,3
55.038416053014494,True,True,True,True,True,True,25,1
0.2755015045113504,True,True,True,True,True,True,4,1
2.4088337952354606,True,True,True,True,True,True,4,1
0.2743894258822772,True,True,True,True,True,True,15,1
0.2971121298627646,True,True,True,True,True,True,3,1
1.756926735742588,True,True,True,True,True,True,9,1
0.20230248022371952,True,True,True,True,True,True,14,14
0.03367094298828988,True,True,True,True,True,True,4,2
8.733408608977074,True,True,True,False,True,False,17,17
1.9977091550237651,True,True,True,True,True,True,2,1
0.017474185795651926,True,True,True,True,True,True,4,1
0.06890536596451156,True,True,True,True,True,True,24,8
3.065418346141365,False,True,True,True,True,True,5,1
4.546019233726861,True,True,True,True,True,True,2,1
1.1257287012162283,True,True,True,True,True,True,5,1
5.864227184777917,True,True,True,True,True,True,4,2
0.04677206345747361,True,True,True,True,True,True,7,2
15.110370192037436,True,True,True,True,True,True,3,1
0.04074832051234258,True,True,True,True,True,True,5,2
2.130741272404465,True,True,True,True,True,True,24,2
0.4658683712858051,True,True,True,True,True,True,31,10
16.5356685621896,True,True,True,True,True,True,3,1
0.056053919315804536,True,True,True,True,True,True,2,3
2.6728383473057478,True,True,True,True,True,True,9,3
5.217326799526855,True,True,True,True,True,True,8,1
17.046774443504496,True,True,True,True,True,True,10,5
1.3689932454228853,True,True,True,True,True,True,17,1
49.80872223827228,True,True,True,True,True,True,11,2
0.960072140518879,True,True,True,True,True,True,2,1
18.155785082443458,True,True,True,True,True,True,4,5
10.67325019261617,True,True,True,True,True,True,4,1
2.5430011888150483,True,True,True,True,True,True,13,6
5.205959010749133,True,True,True,True,True,True,6,2
28.956648767265477,True,True,True,True,True,True,11,1
0.010755476305710578,True,True,True,True,True,True,16,6
6.648161211306002,True,True,True,True,True,True,1,2
0.03368888765168629,True,True,True,True,True,True,20,5
0.4593506001014781,True,True,True,True,True,True,7,4
16.07961971895952,True,True,True,True,True,True,5,2
9.28498534232625,True,True,True,True,True,True,18,7
0.02042996737553827,True,True,True,True,True,True,14,2
0.08348359341220735,True,True,True,True,True,True,13,1
0.040918360723956215,True,True,True,True,True,True,4,1
0.04094127005405379,True,True,True,True,True,True,9,2
0.9811517584118681,True,True,True,True,True,True,14,3
15.761510375609321,False,False,True,True,True,True,4,1
0.4319631016557125,True,True,True,True,True,True,4,1
8.233760442527402,True,True,True,True,True,True,1,1
0.16598837804117733,True,True,True,True,True,True,11,4
4.220274447119761,True,True,True,True,True,True,2,2
19.724400774889972,True,True,True,True,True,True,18,2
15.120832507390631,True,True,True,True,True,True,21,13
3.967983110468157,True,True,True,True,True,True,8,1
3.075088606988917,True,True,True,True,True,True,10,1
8.17802766951159,True,True,True,True,True,True,13,5
2.672507635826854,True,True,True,True,True,True,3,1
5.096271010460808,True,True,True,True,True,True,15,4
14.07768738839146,True,True,True,True,True,True,1,1
0.7625357613617849,True,True,True,True,True,True,12,3
0.5878007157473887,True,True,True,True,True,True,2,1
0.2897142621631572,True,True,True,True,True,True,13,2
3.7419604300816234,True,True,True,True,True,True,16,6
3.76544591430065,True,True,True,True,True,True,24,2
0.09105856553782135,True,True,True,True,True,True,6,6
0.7426217739723611,True,True,True,True,True,True,5,3
16.853534421218285,True,True,True,True,True,True,14,5
1.0402693482586822,True,True,True,True,True,True,6,1
0.45216298883837047,True,True,True,True,True,True,29,10
2.6803975002432394,True,True,True,True,True,True,13,6
1.8157071199810593,True,True,True,True,True,True,6,2
0.8692081521015566,True,True,True,True,True,True,17,6
29.965161360348105,True,True,True,True,True,True,12,2
0.2553235745034234,True,True,True,True,True,True,2,1
1.552664413461166,True,True,True,True,True,True,11,7
14.850855851848946,False,True,True,True,True,True,7,5
0.5396874441039107,True,True,True,True,True,True,2,2
2.6582773493539107,True,True,True,True,True,True,6,1
12.867422761351355,True,True,True,True,True,True,10,11
15.385766711089218,True,True,True,True,True,True,13,1
4.520803923158347,True,True,True,True,True,True,3,2
0.2613280865676716,True,True,True,True,True,True,7,1
31.873270323226635,False,False,True,True,True,True,4,2
4.831833204548186,True,True,True,True,True,True,8,3
14.018915724829744,True,True,True,True,True,True,6,1
0.39990274256079356,True,True,True,True,False,False,12,9
3.8173113246149013,True,True,True,True,True,True,2,1
7.1014145257303705,True,True,True,True,True,True,9,1
34.689215347476775,True,True,True,True,True,True,18,10
3.818607141185433,True,True,True,True,True,True,6,1
1.0955590710694139,True,True,True,True,True,True,6,1
4.465595930557924,True,True,True,True,True,True,21,10
5.351498319909604,True,True,True,True,True,True,17,4
0.9412119363130464,True,True,True,True,True,True,7,3
3.2898972746897104,True,True,True,True,True,True,15,2
0.30378600879658235,True,True,True,True,True,True,5,1
0.12946286123653858,True,True,True,True,True,True,7,1
0.5777761257419791,True,True,True,True,True,True,28,11
0.12778364893922695,True,True,True,True,True,True,6,4
7.747887686116851,True,True,True,True,True,True,6,1
0.13734746775194814,True,True,True,True,True,True,14,3
1.2371740235973092,True,True,True,True,True,True,10,1
0.27120506543134426,True,True,True,True,True,True,19,8
0.6165105034736372,True,True,True,True,True,True,12,4
39.053961895057235,True,True,True,True,True,True,9,2
22.32631188674293,False,True,True,True,True,True,11,2
1.3818256152616717,True,True,True,True,True,True,3,2
0.7322953407060613,True,True,True,True,True,True,8,1
29.16807710006709,True,True,True,True,True,True,2,1
7.824410635286358,True,True,True,True,True,True,2,1
0.7401731467754269,True,True,True,True,True,True,23,2
1.0618879664986618,True,True,True,True,False,False,2,2
24.612025007047798,True,True,True,True,True,True,32,5
1.033824781574585,True,True,True,True,True,True,5,3
2.2549926673823175,True,True,True,True,True,True,18,5
0.06387474850899871,True,True,True,True,True,True,6,1
0.015117504075465926,True,True,True,True,True,True,14,1
0.501300944930419,True,True,True,True,True,True,7,2
1.7080534830251084,True,True,True,True,True,True,6,1
38.04085432845469,True,True,True,True,True,True,5,4
2.7089333799531814,True,True,True,True,True,True,9,1
1.3521854507244455,True,True,True,True,True,True,6,3
23.564069079706506,True,True,True,True,True,True,3,1
2.2519022285482357,True,True,True,False,True,False,11,12
0.006314237056444684,True,True,True,True,True,True,8,3
1.0810247629389034,True,True,True,True,True,True,1,1
0.21967633190212146,True,True,True,True,True,True,1,1
0.9354430224034816,True,True,True,True,True,True,15,1
1.2937951880753351,True,True,True,True,True,True,3,2
0.2626004695838958,True,True,True,True,True,True,19,1
1.469620834177872,True,True,True,True,True,True,20,8
6.972137599752887,True,True,True,True,True,True,11,1
0.25734289396174764,True,True,True,True,True,True,2,2
0.33160606803698933,True,True,True,True,True,True,18,12
3.3293263015323196,True,True,True,True,True,True,9,3
30.450190005484572,True,True,True,True,True,True,2,1
0.508201276422849,True,True,True,True,True,True,7,1
0.3186528127226657,True,True,True,True,True,True,3,2
27.046012064662257,True,True,True,True,True,True,13,2
0.9743821041408232,True,True,True,True,True,True,1,1
1.4108682195764342,True,True,True,True,True,True,5,5
0.12881417224395386,True,True,True,True,True,True,11,2
3.467410354495052,True,True,True,True,True,True,14,8
3.06131606398183,True,True,True,True,True,True,6,6
0.03072826151457498,True,True,True,True,True,True,23,5
4.134159673797627,True,True,True,True,True,True,1,1
27.351676448832688,True,True,True,True,True,True,1,1
3.259166018807083,True,True,True,True,True,True,24,6
0.14917095778553568,True,True,True,True,True,True,7,1
2.1382774215851583,True,True,True,True,True,True,8,8
0.2336254593499538,True,True,True,True,True,True,14,3
2.5174166734005645,True,True,True,True,True,True,1,1
0.0035388121162013156,True,True,True,True,True,True,0,1
0.5455291805241015,True,True,True,True,True,True,6,5
1.5167150656592197,True,True,True,True,True,True,18,1
0.05384934670071221,True,True,True,True,True,True,11,1
7.2366907544737575,True,True,True,True,True,True,1,1
0.6681808734942115,True,True,True,True,True,True,21,11
8.763406387528496,True,True,True,True,True,True,2,1
95.7994652036384,False,False,True,True,True,True,36,2
0.23175728788936048,True,True,True,True,True,True,23,3
3.15155222979663,True,True,True,True,True,True,10,1
5.286439999253298,True,True,True,True,True,True,7,6
0.00202933064238777,True,True,True,True,True,True,7,2
15.392112465790047,True,True,True,True,True,True,22,2
29.13527979675319,True,True,True,True,True,True,21,1
0.10939221974245854,True,True,True,True,True,True,30,1
8.947273725701677,True,True,True,True,True,True,13,2
28.509591275036353,True,True,True,True,True,True,9,1
0.009322556467546893,True,True,True,True,True,True,48,30
2.833556229965773,True,True,True,True,True,True,3,1
0.6965696456048933,True,True,True,True,True,True,10,5
14.598835811513416,True,True,True,True,True,True,3,2
0.09111420746880358,True,True,True,True,True,True,1,1
7.587426538983404,True,True,True,True,True,True,3,1
0.059045435982579685,True,True,True,True,True,True,29,27
0.17647351843245984,True,True,True,True,True,True,24,9
1.560402656971713,True,True,True,True,True,True,1,2
39.791868239659706,True,True,True,True,True,True,14,3
13.302144992047038,True,True,True,True,True,True,5,3
48.76395854359523,True,True,True,True,True,True,3,3
0.103101340090129,True,True,True,True,True,True,17,5
6.882548085103765,True,True,True,True,True,True,5,2
0.25427047606742986,True,True,True,True,True,True,13,1
0.2786408091460434,True,True,True,True,True,True,3,2
0.08158621027842461,True,True,True,True,True,True,14,5
12.113043473900541,True,True,True,True,True,True,7,1
18.42074181812853,False,False,True,True,True,True,9,1
3.6682890635612684,True,True,True,True,True,True,24,1
1.7011343687835159,True,True,True,True,True,True,13,4
0.6852721765577456,True,True,True,True,True,True,3,1
25.74433748675326,True,True,True,True,True,True,5,4
0.14805352810538336,True,True,True,True,True,True,6,1
7.133187303792035,True,True,True,True,True,True,32,4
2.612346607185418,True,True,True,True,True,True,4,4
4.634227639095924,True,True,True,True,True,True,6,2
3.6263702216050837,True,True,True,True,True,True,17,2
0.002019808982115571,True,True,True,True,True,True,8,1
2.802785526196713,True,True,True,True,True,True,10,2
3.0157585029100407,True,True,True,True,True,True,10,4
0.493144171748509,True,True,True,True,True,True,3,4
1.5142970297327842,True,True,True,True,True,True,19,7
17.962223634487504,True,True,True,True,True,True,0,1
0.33871289381341674,True,True,True,True,True,True,2,2
2.3172852712786134,True,True,True,True,True,True,4,2
15.791552827182645,True,True,True,True,True,True,12,1
14.349539833948448,True,True,True,True,True,True,2,1
4.983223687634009,True,True,True,True,True,True,2,1
4.917409675717239,True,True,True,True,True,True,7,1
4.742394787990425,True,True,True,True,True,True,13,3
0.3258075239609401,True,True,True,True,True,True,12,2
0.757535085946143,True,True,True,True,True,True,10,8
0.17212694487182795,True,True,True,True,True,True,11,2
1.5014703832610057,True,True,True,True,True,True,8,4
16.3824085035208,True,True,True,True,True,True,31,15
2.1294118898452408,True,True,True,True,True,True,8,1
2.626902357783153,True,True,True,True,True,True,10,1
0.41924476364000846,True,True,True,True,True,True,3,1
0.1756428343908842,True,True,True,True,True,True,1,1
4.841623844471864,True,True,True,True,True,True,1,1
0.5510619774619043,True,True,True,True,False,False,6,3
0.026179626561498498,True,True,True,True,True,True,0,1
9.806513639565974,True,True,True,True,True,True,6,2
0.023405773367803067,True,True,True,True,True,True,1,1
4.221176560012105,True,True,True,True,True,True,1,1
1.1504037290110594,True,True,True,True,True,True,3,4
1.3342355040999605,True,True,True,True,True,True,6,1
23.08805044248563,True,True,True,True,True,True,1,1
13.882436369705932,True,True,True,True,True,True,4,5
0.021490779967234055,True,True,True,True,True,True,11,1
0.23488119108498157,True,True,True,True,True,True,14,1
7.550609586679269,True,True,True,True,True,True,7,3
1.2076644231847855,True,True,True,True,True,True,17,2
0.2677260400501567,True,True,True,True,True,True,13,2
1.0454560700858087,True,True,True,True,True,True,31,1
0.37949135528167055,True,True,True,True,True,True,4,1
3.570979089854103,True,True,True,True,True,True,2,2
4.621731914075592,True,True,True,True,True,True,4,1
0.585042597663234,True,True,True,True,True,True,8,2
0.7330401716204257,True,True,True,True,True,True,5,1
6.8595438976632055,True,True,True,True,True,True,11,1
0.26808489311262873,True,True,True,True,True,True,26,15
27.0838195951174,True,True,True,True,True,True,11,1
0.8087353808801909,True,True,True,True,True,True,7,6
3.075088606988917,True,True,True,True,True,True,3,1
1.1204105441851857,True,True,True,True,True,True,11,2
0.039946984564457375,True,True,True,True,True,True,2,2
4.790852588567436,True,True,True,True,True,True,1,1
2.642329000058035,True,True,True,True,True,True,13,5
44.62346883356901,False,False,True,True,True,True,3,1
8.038802015693685,True,True,True,True,True,True,9,3
23.67899536549372,True,True,True,True,True,True,4,1
2.772893325570283,True,True,True,True,True,True,7,1
1.5281714406575853,True,True,True,True,True,True,3,1
1.4178113530580947,True,True,True,True,True,True,8,1
34.00399899752711,True,True,True,True,True,True,2,2
0.27408771974834384,True,True,True,True,True,True,12,3
1.6334405079205674,True,True,True,True,True,True,7,5
0.9103182390473007,True,True,True,True,True,True,6,2
14.227803175984322,True,True,True,True,True,True,6,6
18.146617173199324,True,True,True,True,True,True,17,2
0.013033729358206663,True,True,True,True,True,True,3,2
0.17330755931519323,True,True,True,True,True,True,7,1
0.13753963969060093,True,True,True,True,True,True,10,1
10.140784424813656,True,True,True,True,True,True,2,1
24.126782618343128,True,True,True,True,True,True,8,3
9.165112626631142,True,True,True,True,True,True,8,7
0.8472540412526351,True,True,True,True,True,True,2,2
0.2348064101814037,True,True,True,True,True,True,3,4
1.0292531782092835,True,True,True,True,True,True,31,20
4.190571340987433,True,True,True,True,True,True,8,1
2.398895731652009,True,True,True,True,True,True,18,3
3.9767715947798123,True,True,True,True,True,True,14,1
0.8973857825957403,True,True,True,True,True,True,18,7
1.1359606830604227,True,True,True,True,True,True,1,1
0.7327595260965976,True,True,True,True,True,True,17,2
1.9492213772623765,True,True,True,True,True,True,1,1
1.1039140863638515,True,True,True,True,True,True,6,1
1.685015632887926,True,True,True,True,True,True,30,3
3.8223588582816483,True,True,True,True,True,True,35,6
0.04381565831107486,True,True,True,True,True,True,13,2
0.038128239693231016,True,True,True,True,True,True,18,8
0.08862339134605293,True,True,True,True,True,True,21,2
0.277331207048788,True,True,True,True,True,True,7,3
0.12162093579734923,True,True,True,True,True,True,8,1
3.2742049923593757,True,True,True,True,True,True,4,1
2.2736569884034608,True,True,True,True,True,True,1,1
6.32775287541753,True,True,True,True,True,True,41,13
0.6884541801230145,True,True,True,True,True,True,6,1
88.8739614221811,False,False,True,True,True,True,16,5
0.9088868794261159,True,True,True,True,True,True,9,1
0.05611826228546271,True,True,True,True,True,True,5,1
21.329981616526172,True,True,True,True,True,True,6,3
0.18308740186893008,True,True,True,True,True,True,16,2
11.919229401479129,True,True,True,True,True,True,4,1
0.3390994336765546,True,True,True,True,False,False,22,14
18.66454335038157,True,True,True,True,True,True,4,4
0.922652520339199,True,True,True,True,True,True,15,3
0.281920237826867,True,True,True,True,True,True,11,4
1.8178751242510518,True,True,True,True,True,True,5,2
0.06844811279350352,True,True,True,True,True,True,13,8
0.014429659140422602,True,True,True,True,True,True,3,2
0.06314086198403616,True,True,True,True,True,True,9,5
1.599853835742888,True,True,True,True,True,True,14,2
21.781053788808247,True,True,True,True,True,True,2,1
6.7402628097937765,True,True,True,True,True,True,9,1
0.8962883214263476,True,True,True,True,True,True,19,2
0.2224757893015585,True,True,True,True,True,True,16,2
1.8817690235981115,True,True,True,True,True,True,5,6
0.43852579162289446,True,True,True,True,True,True,9,5
2.7575064244216376,True,True,True,True,True,True,21,3
0.7681666880907319,True,True,True,True,True,True,12,8
1.2331840699754983,True,True,True,True,True,True,2,2
0.48907333360896516,True,True,True,True,True,True,2,1
0.41304192426464725,True,True,True,True,True,True,12,1
2.6771188886369393,True,True,True,True,False,False,4,1
0.0333523627274926,True,True,True,True,True,True,5,5
0.2029539648507907,True,True,True,True,True,True,2,1
6.32246837781848,True,True,True,True,True,True,12,1
2.0169317959669297,True,True,True,True,True,True,17,5
0.4003635905272958,True,True,True,True,True,True,10,1
0.45721305661858025,True,True,True,True,True,True,12,1
18.633147831142043,True,True,True,True,True,True,11,2
1.959013037811107,True,True,True,True,True,True,1,1
1.002542182425224,True,True,True,True,True,True,4,1
0.26875471685675,True,True,True,True,True,True,0,1
0.16998798953346475,True,True,True,True,True,True,2,1
1.1095776690665178,True,True,True,True,True,True,6,3
16.787565889694047,True,True,True,True,True,True,11,6
5.435559289694818,True,True,True,True,True,True,10,1
0.037041757421681594,True,True,True,True,True,True,5,3
6.255351341369205,True,True,True,True,True,True,8,1
0.017330448903429052,True,True,True,True,True,True,11,4
17.86873222288723,True,True,True,True,False,False,2,2
1.614818657276756,True,True,True,True,True,True,40,5
3.6683747773999156,True,True,True,True,True,True,15,5
2.4040638130070633,True,True,True,True,True,True,10,2
4.204979450213409,True,True,True,True,True,True,1,1
11.789428816742191,True,True,True,True,True,True,10,1
9.931325588791966,True,True,True,True,True,True,17,1
31.975693646158813,True,True,True,True,True,True,10,1
1.2370988053353351,True,True,True,True,True,True,8,3
1.5654547262720886,True,True,True,True,True,True,7,1
1.4195244561302953,True,True,True,True,True,True,18,6
0.9696401499709602,True,True,True,True,True,True,13,2
0.10937688611504791,True,True,True,True,True,True,9,1
3.4948031182237678,True,True,True,True,True,True,3,1
7.859820008935825,True,True,True,True,True,True,1,1
1.717437912063434,True,True,True,True,True,True,6,1
8.989440988173026,True,True,True,True,True,True,9,6
13.516686488248133,True,True,True,True,True,True,7,2
8.510005787666392,True,True,True,True,True,True,9,2
0.358591611630781,True,True,True,True,True,True,16,1
3.0759273631345336,True,True,True,True,True,True,23,11
0.2864294700089614,True,True,True,True,True,True,12,7
1.4739405840489141,True,True,True,True,True,True,4,1
0.0004614496124100695,True,True,True,True,True,True,18,2
0.04098560225256079,True,True,True,True,True,True,16,4
2.527127127495701,True,True,True,True,True,True,6,2
0.8575659054261928,True,True,True,True,True,True,10,1
1.6048388927155763,True,True,True,True,True,True,12,1
0.04177655455665677,True,True,True,True,True,True,6,2
3.718306258792027,True,True,True,True,True,True,9,3
5.232282626765603,True,True,True,True,True,True,22,6
0.29737585219481,True,True,True,True,True,True,2,1
2.303278814912428,True,True,True,True,True,True,5,2
0.6960267975888023,True,True,True,True,True,True,13,3
0.2740835593133473,True,True,True,True,True,True,5,5
2.638033984543944,True,True,True,True,True,True,3,1
25.86489240107261,True,True,True,True,True,True,1,1
19.113103647185305,True,True,True,True,True,True,5,4
0.4927935931377698,True,True,True,True,True,True,4,1
0.14832471365480462,True,True,True,True,True,True,2,1
5.603428734034884,True,True,True,True,True,True,21,6
0.4430359604917837,True,True,True,True,True,True,20,4
9.957055045029616,True,True,True,True,True,True,12,2
9.415201457521277,True,True,True,True,True,True,4,1
0.851853387116049,True,True,True,True,True,True,3,2
1.2988603841674253,True,True,True,True,True,True,12,4
19.047493864489603,True,True,True,True,True,True,30,1
0.3818578600981038,True,True,True,True,True,True,17,2
0.40236504682607976,True,True,True,True,True,True,8,1
0.9126860974047274,True,True,True,True,True,True,20,3
0.16450051697943238,False,True,True,True,True,True,6,2
3.9476605309613544,True,True,True,True,True,True,5,1
2.12343739595351,True,True,True,True,True,True,8,1
2.1231662054359335,True,True,True,True,True,True,3,2
2.2123869684414275,True,True,True,True,True,True,2,3
0.7461564359618158,True,True,True,True,True,True,19,2
8.55836340527617,True,True,True,True,True,True,2,3
5.406356042860631,True,True,True,True,True,True,14,2
0.729934502495319,True,True,True,True,True,True,4,3
0.037390122721557915,True,True,True,True,True,True,6,1
3.91363693530769,True,True,True,True,True,True,10,5
2.1839813692871024,True,True,True,True,True,True,4,1
9.381572346223209,True,True,True,True,True,True,2,1
0.035584159682925644,True,True,True,True,True,True,7,6
1.052723735211456,True,True,True,True,True,True,5,1
0.16095978027659652,True,True,True,True,True,True,2,2
1.9368288169967032,True,True,True,True,True,True,10,1
0.6631969617758879,True,True,True,True,True,True,6,1
1.4300501614297527,True,True,True,True,True,True,28,1
0.01389607307314553,True,True,True,True,True,True,15,1
0.6609583591622572,True,True,True,True,True,True,32,3
1.186379811595373,True,True,True,True,True,True,4,1
0.2533640801464856,True,True,True,True,True,True,1,1
9.977321360286266,True,True,True,True,True,True,2,1
1.9701645448477394,True,True,True,True,True,True,19,5
5.668556848986466,True,True,True,True,True,True,1,1
2.6073325889919907,True,True,True,True,True,True,3,1
2.852987427445498,True,True,True,True,True,True,7,1
5.8700518270495134,True,True,True,True,True,True,16,1
0.963015134068147,True,True,True,True,True,True,13,11
27.278402973900008,True,True,True,True,True,True,31,2
0.2437496780092116,True,True,True,True,True,True,6,3
0.4554300072122687,True,True,True,True,True,True,5,3
17.10325511025574,True,True,True,True,True,True,6,2
21.82880859985381,True,True,True,True,False,False,5,4
13.858675585462544,True,True,True,True,True,True,8,1
49.80378781278705,False,False,True,True,True,True,20,3
3.016334462046867,True,True,True,True,True,True,2,2
8.478674923695966,True,True,True,True,True,True,3,2
0.0605303224943244,True,True,True,True,True,True,20,4
7.026639863054562,True,True,True,True,True,True,1,1
1.196245659737429,True,True,True,True,True,True,8,2
0.1831931973012342,True,True,True,True,True,True,14,1
8.567038384259241,True,True,True,True,True,True,10,6
16.61996325096359,True,True,True,True,True,True,2,1
13.491808634637348,True,True,True,True,True,True,5,3
1.9133870645202744,True,True,True,True,True,True,21,7
4.8469917603661035,True,True,True,True,True,True,19,4
62.66923564978959,False,False,True,True,True,True,7,3
1.391187645172792,True,True,True,True,True,True,4,1
3.4297835004226,True,True,True,True,True,True,9,4
0.6873237002137573,True,True,True,True,True,True,3,1
15.64100589274065,True,True,True,True,True,True,8,4
1.9623728155571256,True,True,True,True,True,True,5,5
1.752547160953967,True,True,True,True,True,True,4,1
0.28523837664851404,True,True,True,True,True,True,21,10
71.28816290651756,False,False,True,True,True,True,8,2
0.16336567655787257,True,True,True,True,True,True,13,2
0.6460073020880001,True,True,True,True,True,True,1,1
0.7332367483176966,True,True,True,True,True,True,6,1
0.0007430079052004975,True,True,True,True,True,True,30,17
0.03127787426362992,True,True,True,True,True,True,7,1
0.0784995218621666,True,True,True,True,True,True,9,1
2.7890944674768985,True,True,True,True,True,True,12,1
51.034173934546956,True,True,True,True,True,True,8,1
0.31481704597425986,True,True,True,True,True,True,2,1
1.029461537607711,True,True,True,True,True,True,10,1
1.440462933887042,True,True,True,True,True,True,4,1
0.9415523798141582,True,True,True,True,True,True,3,1
11.742469690371395,True,True,True,True,True,True,11,2
0.37269008518602076,True,True,True,True,True,True,3,2
2.0371445837431517,True,True,True,True,True,True,9,4
8.248067425194913,True,True,True,True,True,True,5,1
3.7914181584398845,True,True,True,True,True,True,8,1
14.515268428018702,True,True,True,True,True,True,30,15
0.6025847763910238,True,True,True,True,True,True,12,7
16.21450944710382,False,False,True,True,True,True,3,1
11.252972836733377,True,True,True,True,True,True,23,1
0.5113088080049063,True,True,True,False,True,False,12,11
0.2572295952110983,True,True,True,True,True,True,11,6
53.86326346996475,True,True,True,True,True,True,11,1
1.9578418008494827,True,True,True,True,True,True,8,2
0.014588461816142678,True,True,True,True,True,True,5,1
1.9950910661881682,True,True,True,True,True,True,9,1
1.6936115188320453,True,True,True,True,True,True,18,1
0.26605476529733624,True,True,True,True,True,True,10,6
0.26698723483615666,True,True,True,True,True,True,4,1
5.347471766926719,True,True,True,True,True,True,19,6
5.013501080355754,True,True,True,True,True,True,29,13
0.5263992513108834,True,True,True,True,True,True,16,3
3.5285544116736323,True,True,True,True,True,True,23,2
0.2057537951500118,True,True,True,True,True,True,9,3
4.001155285172576,True,True,True,True,True,True,9,7
3.4662891959180935,True,True,True,True,True,True,10,4
0.6415376202067868,True,True,True,True,True,True,4,3
0.06502566564723876,True,True,True,True,True,True,3,2
12.258621666013946,True,True,True,True,True,True,16,1
19.516947068631314,True,True,True,True,True,True,11,1
10.090327824087415,True,True,True,True,True,True,19,7
1.1486995433478426,True,True,True,True,True,True,3,1
0.43231919555000947,True,True,True,True,True,True,2,3
0.023956994803943202,True,True,True,True,True,True,8,2
8.921074199633544,True,True,True,True,True,True,5,1
9.894387034598216,True,True,True,True,True,True,15,8
0.6834705810368463,True,True,True,True,True,True,12,4
0.015519623269339453,True,True,True,True,True,True,4,1
0.9147110033726648,True,True,True,True,True,True,9,2
1.5941140447731854,True,True,True,True,True,True,8,2
2.4955098519384946,True,True,True,True,True,True,9,2
1.478212855942324,True,True,True,True,True,True,15,1
2.4143119602669634,True,True,True,True,True,True,4,3
0.0498864153027785,True,True,True,True,True,True,8,8
2.558565968149199,True,True,True,True,True,True,16,2
8.556548057125037,True,True,True,True,True,True,31,5
1.156833627853221,True,True,True,True,True,True,5,1
0.9886254090933995,True,True,True,True,True,True,2,1
6.27440220154039,True,True,True,True,True,True,5,1
17.89865025468127,True,True,True,True,True,True,10,3
0.018350565555019547,True,True,True,True,True,True,7,2
0.5869582709929941,True,True,True,True,True,True,2,2
1.1761466498639568,True,True,True,True,True,True,9,4
45.56114730956244,True,True,True,True,True,True,5,1
0.1996267760994244,True,True,True,True,True,True,2,3
12.28304328407784,True,True,True,True,True,True,10,6
18.08633659625491,True,True,True,True,True,True,3,1
7.112845208773538,True,True,True,True,True,True,7,1
0.07042958196812303,True,True,True,True,True,True,2,1
2.016692016765222,True,True,True,True,True,True,11,1
0.9730848509792014,True,True,True,True,True,True,8,3
0.15281653870654116,True,True,True,True,True,True,7,8
5.795560058189555,True,True,True,True,True,True,10,3
7.98910955435687,True,True,True,True,True,True,13,2
0.14453744175888278,True,True,True,True,True,True,5,3
29.694476392630815,True,True,True,True,True,True,7,1
0.8502951522777298,True,True,True,True,True,True,12,1
4.317367627847786,True,True,True,True,True,True,1,2
8.612603404740838,True,True,True,True,True,True,7,1
0.2563133478075516,True,True,True,True,True,True,2,1
0.07757014913647176,True,True,True,True,True,True,25,4
0.20792563232063668,True,True,True,True,True,True,9,3
1.516848163693348,True,True,True,True,True,True,7,1
6.52415806231008,True,True,True,True,True,True,15,5
0.8031242537848793,True,True,True,True,True,True,6,3
5.658163055599652,True,True,True,True,True,True,4,1
2.1663116298564655,True,True,True,True,True,True,3,1
7.65655447951082,True,True,True,True,True,True,8,3
2.480195434442702,True,True,True,True,True,True,23,1
10.124477860493753,True,True,True,True,True,True,10,2
0.1589207284661694,True,True,True,True,True,True,14,2
0.1822866836489903,True,True,True,True,True,True,4,1
0.9333036921325502,True,True,True,True,True,True,12,2
1.1488170139277418,True,True,True,True,True,True,5,3
48.558762051970376,True,True,True,True,True,True,4,2
1.1074338090379576,True,True,True,True,True,True,1,1
22.431108352841353,True,True,True,True,True,True,8,2
0.7233955613829158,True,True,True,True,True,True,7,1
0.09456947396757907,True,True,True,True,True,True,14,2
1.474331287636147,True,True,True,True,True,True,6,2
3.9454026036257,True,True,True,True,True,True,3,1
0.8703263894834201,True,True,True,True,True,True,1,1
0.03514068942690852,True,True,True,True,True,True,9,5
1.017243956723316,True,True,True,True,True,True,3,2
0.07608909790613472,True,True,True,True,True,True,15,1
0.9782395827731712,True,True,True,True,True,True,7,3
0.40327806678130806,True,True,True,True,True,True,7,1
0.323574961453874,True,True,True,True,True,True,13,2
0.17589021538265118,True,True,True,True,True,True,12,3
6.321946471528799,True,True,True,True,True,True,5,3
18.238030753034874,True,True,True,True,True,True,6,2
1.5350597888463744,True,True,True,True,True,True,8,3
0.08822181950364362,True,True,True,True,True,True,8,2
6.461387208187407,True,True,True,True,True,True,8,1
0.5838915185939544,True,True,True,True,True,True,21,2
0.08700097196556485,True,True,True,True,True,True,6,1
0.011177571767590756,True,True,True,True,True,True,31,13
3.8032227640621583,True,True,True,True,True,True,7,3
1.6233978240325821,True,True,True,True,True,True,8,1
0.013539787559882317,True,True,True,True,True,True,2,1
78.48312770684846,True,True,True,True,True,True,1,1
0.16328685047183025,True,True,True,True,True,True,4,1
0.02962541035312735,True,True,True,True,True,True,3,1
10.215524182424707,True,True,True,True,True,True,16,2
3.4718197402599453,True,True,True,True,True,True,24,1
0.16926329989765942,True,True,True,True,True,True,18,1
7.885274418202746,True,True,True,True,True,True,19,10
3.6487746591932835,True,True,True,True,True,True,14,2
16.610700193582996,True,True,True,True,True,True,1,1
0.08244379229685231,True,True,True,True,True,True,4,1
7.248122790482855,True,True,True,True,True,True,39,1
0.028948589139717998,True,True,True,True,True,True,13,1
1.21448828422854,True,True,True,True,True,True,13,3
0.49764980361962874,True,True,True,True,True,True,11,2
9.334507000057297,True,True,True,True,True,True,12,4
3.258763867541046,True,True,True,True,True,True,8,2
4.745355955786866,True,True,True,True,True,True,25,3
6.843433637144874,True,True,True,True,True,True,4,1
0.07191745002443936,True,True,True,True,True,True,36,6
0.6549540248915146,True,True,True,True,True,True,25,1
1.8364849199452227,True,True,True,True,True,True,6,1
2.7322858971145187,True,True,True,True,True,True,8,2
1.0801485727270488,True,True,True,True,True,True,11,3
0.21599784708148642,True,True,True,True,True,True,15,2
1.7847366211492315,True,True,True,True,True,True,11,5
0.030790779806653054,True,True,True,True,True,True,5,1
6.019221824594943,True,True,True,True,True,True,3,4
0.07444913306711774,True,True,True,True,True,True,1,1
42.124339129395246,True,True,True,True,True,True,0,1
2.5403479549891848,True,True,True,True,True,True,10,2
0.6818838948543655,True,True,True,True,True,True,21,8
0.42370438049582054,True,True,True,True,True,True,7,2
1.146120888157351,True,True,True,True,True,True,10,4
30.703020712830185,False,True,True,True,True,True,14,1
0.32513425221396147,True,True,True,True,True,True,16,10
1.770925767159074,True,True,True,True,True,True,4,1
0.24516644247515712,True,True,True,True,True,True,4,1
1.523897908361179,True,True,True,True,True,True,15,8
1.1178446366738795,True,True,True,True,True,True,5,1
14.972695007852497,True,True,True,True,True,True,11,1
10.763174024399838,True,True,True,True,True,True,3,1
3.153416302054181,True,True,True,True,True,True,6,1
1.4282243452165773,True,True,True,True,True,True,8,4
2.682580886343855,True,True,True,True,True,True,4,1
0.04919997442396217,True,True,True,True,True,True,10,1
1.8484491186121628,True,True,True,True,True,True,4,1
0.11628211552959115,True,True,True,True,True,True,17,4
1.4770720213988142,True,True,True,True,True,True,5,1
22.363027114363316,True,True,True,True,True,True,16,3
0.360451269478002,True,True,True,True,True,True,2,1
3.8981353499404214,True,True,True,True,True,True,31,2
0.009273627831461377,True,True,True,True,True,True,4,1
23.31044822246504,True,True,True,True,True,True,4,2
6.507106147063726,True,True,True,True,True,True,9,3
3.585862772793248,True,True,True,True,True,True,4,1
13.867016478935957,True,True,True,True,True,True,3,1
0.002323629816376897,True,True,True,True,True,True,7,2
26.821971501059547,False,False,True,True,True,True,6,2
0.7958399833863058,True,True,True,True,True,True,1,1
8.503753406896005,True,True,True,True,True,True,2,1
4.796899290328185,True,True,True,True,True,True,34,4
1.1270650482663371,True,True,True,True,True,True,9,2
0.2180950385381705,True,True,True,True,True,True,21,13
0.7001325970062966,True,True,True,True,True,True,5,1
3.096552254995158,True,True,True,True,True,True,5,2
3.1167693538073165,True,True,True,True,True,True,17,1
0.025786478643505542,True,True,True,True,True,True,1,1
16.090310701685276,True,True,True,True,True,True,5,1
1.1218714269345522,True,True,True,True,True,True,4,1
5.583914996929955,True,True,True,True,True,True,2,1
0.1220819691001728,True,True,True,True,True,True,10,2
12.566057374782789,True,True,True,False,True,False,13,13
0.07941784905695087,True,True,True,True,True,True,12,6
2.776026696694267,True,True,True,True,True,True,9,2
8.165740536041058,True,True,True,True,True,True,14,4
0.041081420682884555,True,True,True,True,True,True,8,5
7.127659192176805,True,True,True,True,True,True,9,2
3.4617973336496846,True,True,True,True,True,True,15,3
12.730275381474799,True,True,True,True,True,True,8,3
6.959566054560454,True,True,True,True,True,True,6,4
1.8112449764629956,True,True,True,True,True,True,0,1
2.5919524147547657,True,True,True,True,True,True,10,2
1.405544769296748,True,True,True,True,True,True,3,3
2.3648358919972092,True,True,True,True,True,True,5,4
2.2717169644107673,True,True,True,True,True,True,18,2
0.47072933087039387,True,True,True,True,False,False,13,9
34.18917212054202,True,True,True,True,True,True,1,1
1.8469117744102284,True,True,True,True,True,True,3,1
3.1302034494963493,True,True,True,True,True,True,14,1
0.8735613636575583,True,True,True,True,True,True,13,1
10.15677473965969,False,True,True,True,True,True,12,3
1.1111903186632581,True,True,True,True,True,True,10,3
0.17888186337505896,True,True,True,True,True,True,1,2
8.410047019099368,True,True,True,True,True,True,27,17
2.011585190819631,True,True,True,True,True,True,7,7
15.269310638278373,True,True,True,True,True,True,1,1
4.6717249651708475,True,True,True,True,True,True,19,3
2.848637127991366,True,True,True,True,True,True,2,2
6.447014445939328,True,True,True,True,True,True,8,1
27.44444654776165,True,True,True,True,True,True,1,1
16.021230483082697,True,True,True,True,True,True,15,7
1.7038345108086943,True,True,True,True,True,True,3,1
0.026743106143529854,True,True,True,True,True,True,3,1
40.64113632183287,True,True,True,True,True,True,15,4
0.254030491659069,True,True,True,True,True,True,13,3
0.6424228722758611,True,True,True,True,False,False,6,5
0.10648585062064121,True,True,True,True,True,True,7,1
0.5269576038058662,True,True,True,True,True,True,12,1
0.9041840358788245,True,True,True,True,True,True,7,3
37.76674867044678,True,True,True,True,True,True,5,1
0.15971334764946032,True,True,True,True,True,True,15,3
0.37401786193746767,True,True,True,True,True,True,15,5
54.05680586481784,False,False,True,True,True,True,7,1
1.0667467165665303,True,True,True,True,True,True,9,5
6.639069341613038,True,True,True,True,True,True,2,2
4.774662510092684,True,True,True,True,True,True,5,1
7.503824003209784,True,True,True,True,True,True,4,3
0.05269531897310054,True,True,True,True,True,True,13,1
0.8230294153173662,True,True,True,True,True,True,4,1
0.0015542139746636153,True,True,True,True,True,True,12,3
2.213242986644088,True,True,True,True,True,True,5,2
0.6133193740866105,True,True,True,True,True,True,14,16
1.622781098672425,True,True,True,True,True,True,13,2
0.13339930255506427,True,True,True,True,True,True,14,3
10.410720597702085,True,True,True,True,True,True,17,7
2.7423040993310046,True,True,True,True,True,True,9,1
7.132543124052738,True,True,True,True,True,True,5,2
10.90642711799879,True,True,True,True,True,True,6,1
1.4270008093104076,True,True,True,True,True,True,23,3
1.3358810926138187,True,True,True,True,True,True,14,1
2.4411437637303464,True,True,True,True,True,True,37,3
0.19302411314389983,True,True,True,True,True,True,3,2
6.421245547734345,True,True,True,True,True,True,17,1
2.347155937718306,True,True,True,True,True,True,4,1
0.148449527526436,True,True,True,True,True,True,9,3
1.0098441114773054,True,True,True,True,True,True,3,1
2.7957338081408802,True,True,True,True,True,True,3,1
5.721300482793214,True,True,True,True,True,True,12,1
7.744677984690338,True,True,True,True,True,True,17,1
0.026829870526940868,True,True,True,True,True,True,8,1
0.4446293366638458,True,True,True,True,True,True,5,1
0.022990047484558067,True,True,True,True,True,True,26,2
25.19620889201661,True,True,True,True,True,True,7,1
1.759662848375498,True,True,True,True,True,True,2,1
13.19851489668466,True,True,True,True,True,True,5,1
1.779472758100795,False,True,True,True,True,True,5,2
0.2670626846876384,True,True,True,True,True,True,2,1
10.080641015464616,True,True,True,True,True,True,4,1
2.0976813798682405,True,True,True,True,True,True,1,1
0.7796276454075378,True,True,True,True,True,True,13,3
5.646924940143481,True,True,True,True,True,True,2,1
8.100512856518403,True,True,True,True,True,True,8,2
0.8096053387107844,True,True,True,True,True,True,16,2
8.763026458079832,True,True,True,True,True,True,4,2
4.919900399422712,True,True,True,True,True,True,4,2
0.6601244722387622,True,True,True,True,True,True,6,1
1.0383320828615843,True,True,True,True,True,True,23,2
20.839516804260718,True,True,True,True,True,True,16,3
9.955134425451687,True,True,True,True,True,True,9,2
11.609522180745913,True,True,True,True,True,True,2,2
1.4874896234977348,True,True,True,True,True,True,6,2
11.095658196958563,True,True,True,True,True,True,11,1
0.6011537606673787,True,True,True,True,True,True,2,1
8.262845323980233,True,True,True,True,True,True,4,2
2.098984936267782,True,True,True,True,True,True,8,1
0.7651741873780536,True,True,True,True,True,True,0,1
0.15627565573804333,True,True,True,True,True,True,7,1
14.347683004949946,True,True,True,True,True,True,5,2
0.04024401594433458,True,True,True,True,True,True,10,1
20.987097237291398,True,True,True,True,False,False,1,2
1.3449795587391353,True,True,True,True,True,True,0,1
11.950883410097637,True,True,True,True,True,True,5,2
2.642329000058035,True,True,True,True,True,True,5,2
0.056846663105051265,True,True,True,True,True,True,5,4
0.24722041221618438,True,True,True,True,True,True,12,1
4.63579248204406,True,True,True,True,True,True,9,1
0.07806685512679593,True,True,True,False,True,False,10,14
8.459588224159376,True,True,True,True,True,True,2,2
0.3180750447713495,True,True,True,True,True,True,1,1
1.0775361144756568,True,True,True,True,True,True,5,2
0.22534900283312756,True,True,True,True,True,True,4,4
0.05601512724245549,True,True,True,True,True,True,16,2
0.03597169072762609,True,True,True,True,True,True,20,2
1.8702764598447343,True,True,True,True,True,True,4,3
1.9319467120564833,True,True,True,True,True,True,16,2
2.8814121102717682,True,True,True,True,True,True,27,1
13.882977403141636,True,True,True,True,True,True,7,1
0.2819251265755098,True,True,True,True,True,True,13,1
0.5476374514797605,True,True,True,True,True,True,8,1
0.37981928225500733,True,True,True,True,True,True,10,7
1.9538313497267386,True,True,True,True,True,True,1,1
2.0476441071353655,True,True,True,True,True,True,14,4
12.176755923870848,False,True,True,True,True,True,1,1
1.1017453236961694,True,True,True,True,True,True,3,1
0.017021868475477486,True,True,True,True,True,True,21,2
3.1432134299828025,True,True,True,True,True,True,2,2
10.15947966955537,True,True,True,True,True,True,10,5
0.4625568711801185,True,True,True,True,True,True,12,1
0.8504309736466514,True,True,True,True,True,True,22,7
1.0020133969055034,True,True,True,True,True,True,8,2
3.139241623473034,True,True,True,True,True,True,7,3
2.5186240993570435,True,True,True,True,True,True,13,3
0.43951440729721264,True,True,True,True,True,True,8,5
0.2927278152306653,True,True,True,True,True,True,6,1
5.777662359481027,True,True,True,True,True,True,9,5
6.172582629852897,True,True,True,True,True,True,17,2
0.045889452438221685,True,True,True,True,True,True,14,1
75.0625818593579,True,True,True,True,True,True,4,1
60.08018590384468,True,True,True,True,True,True,17,3
0.20023885371444677,True,True,True,True,True,True,10,3
7.205471300419558,True,True,True,True,True,True,4,1
0.0625641355839715,True,True,True,True,True,True,34,2
1.3978386862242236,True,True,True,True,True,True,2,2
2.579355857545193,True,True,True,True,True,True,4,1
5.448210045041421,True,True,True,True,True,True,15,2
9.658746635950186,True,True,True,True,True,True,3,1
0.12232583775185926,True,True,True,True,True,True,4,2
9.169454004618444,True,True,True,True,True,True,4,2
22.889119105249964,True,True,True,True,True,True,7,3
5.663856425767019,True,True,True,True,True,True,9,1
6.834696247218316,True,True,True,True,True,True,16,3
5.3138022116207155,True,True,True,True,True,True,5,1
5.3106685778370455,True,True,True,True,False,False,2,3
5.649764129574864,True,True,True,True,True,True,2,2
13.263405022028678,True,True,True,True,True,True,8,1
18.099052449540114,False,False,True,True,True,True,3,1
0.26630610025751,True,True,True,True,True,True,33,14
0.41716022904033184,True,True,True,True,True,True,2,3
9.360132876891232,True,True,True,True,True,True,10,1
0.10416001094798655,True,True,True,True,True,True,9,1
0.2780732297028978,True,True,True,True,True,True,1,1
0.06926121092444702,True,True,True,True,True,True,11,1
3.2001482566883195,True,True,True,True,True,True,13,2
2.50986054737315,True,True,True,True,True,True,0,1
39.33555435430867,True,True,True,True,True,True,2,1
0.20738954396756307,True,True,True,True,True,True,13,2
0.052869094199329905,True,True,True,True,True,True,7,5
0.4422425168297743,True,True,True,True,True,True,16,3
11.30775470449311,True,True,True,True,True,True,19,1
0.21004736275906044,True,True,True,True,True,True,15,1
0.6873528533040301,True,True,True,True,True,True,14,4
0.9201661176249823,True,True,True,True,True,True,26,1
10.174394943570773,False,True,True,True,True,True,2,2
6.52888323012572,True,True,True,True,True,True,8,1
8.338322257532141,True,True,True,True,True,True,2,1
0.3274380896313208,True,True,True,True,True,True,16,2
5.333717113118456,True,True,True,True,True,True,3,4
0.5506330386820477,True,True,True,True,True,True,14,1
2.936119725437384,True,True,True,True,True,True,11,1
37.779855955653154,True,True,True,True,True,True,22,8
0.589110502029016,False,True,True,True,True,True,4,1
0.48117778060323174,True,True,True,True,True,True,1,1
1.0346360162439505,True,True,True,True,True,True,19,2
0.14057728856936624,True,True,True,True,True,True,18,1
4.044761110874259,True,True,True,True,True,True,5,3
2.321465270348961,True,True,True,True,True,True,25,1
0.15751599726464727,True,True,True,True,True,True,15,9
0.4098760905889488,True,True,True,True,True,True,5,1
0.01930699460053225,True,True,True,True,True,True,7,3
1.1765947832806065,True,True,True,True,True,True,0,1
4.128695782063704,True,True,True,True,True,True,18,4
1.1973462443098872,True,True,True,True,True,True,17,1
0.5397686972323265,True,True,True,True,True,True,16,6
0.887831105524563,True,True,True,True,True,True,8,1
7.779184438230264,True,True,True,True,True,True,7,2
1.1973109522907877,True,True,True,True,True,True,23,2
58.500071586604584,True,True,True,True,True,True,11,1
3.500155090352474,True,True,True,True,True,True,8,1
7.411903812887384,True,True,True,True,True,True,2,2
62.36606100852023,True,True,True,True,True,True,12,1
7.441354917410343,True,True,True,True,True,True,10,1
1.5410824007840698,True,True,True,True,True,True,0,1
14.02162731417113,True,True,True,True,True,True,4,1
0.039297868761923295,True,True,True,True,True,True,8,1
1.7082580754793004,True,True,True,True,True,True,18,6
0.29336742125653137,True,True,True,True,True,True,5,3
16.596251801566133,True,True,True,True,True,True,5,5
0.773073494887371,True,True,True,True,True,True,4,1
1.6823494110346369,True,True,True,True,True,True,32,2
0.6989724050075165,True,True,True,True,True,True,1,1
0.09147935114610377,True,True,True,True,True,True,6,1
1.0030294151550991,True,True,True,True,True,True,6,3
3.8858637451528137,True,True,True,False,True,False,7,7
7.22047751317495,True,True,True,True,True,True,3,2
1.0372327608864278,True,True,True,True,True,True,26,1
0.271390603887161,True,True,True,True,True,True,6,2
0.44273743584919445,True,True,True,True,True,True,0,1
0.02453497399481029,True,True,True,True,True,True,4,1
13.656210598442302,True,True,True,True,True,True,10,5
1.979610443730291,True,True,True,True,True,True,3,1
8.230511006574954,True,True,True,True,True,True,14,6
4.773845709156576,True,True,True,True,True,True,2,1
0.032485207869571556,True,True,True,True,True,True,11,1
0.0005408489901506158,True,True,True,True,True,True,13,9
8.981292465053137,True,True,True,True,True,True,8,1
40.89921380050656,True,True,True,True,True,True,29,9
19.439576953610445,False,False,True,True,True,True,2,1
0.018411072235329153,True,True,True,True,True,True,9,2
0.7918044806995286,True,True,True,True,True,True,21,7
0.04406640979998669,True,True,True,True,True,True,17,3
22.010955545863933,True,True,True,True,True,True,4,2
0.3601910343007443,True,True,True,True,True,True,9,1
4.346233312140746,True,True,True,True,True,True,2,3
7.373426791829933,True,True,True,True,True,True,1,1
2.2313420729578204,True,True,True,True,True,True,3,2
47.65544623571372,True,True,True,True,True,True,6,1
0.9751774018081241,True,True,True,True,True,True,9,2
12.285824357994182,False,True,True,True,True,True,36,4
0.8888938879872128,True,True,True,True,True,True,14,1
0.11117937068814154,True,True,True,True,True,True,4,3
0.2734256998880637,True,True,True,True,True,True,4,1
0.036134086032026315,True,True,True,True,True,True,9,2
1.3605511996450692,True,True,True,True,True,True,0,1
0.40611950203002717,True,True,True,True,True,True,11,1
3.096464143699218,True,True,True,True,True,True,15,5
0.22023614189410162,True,True,True,True,True,True,3,1
0.03133208448521381,True,True,True,True,True,True,15,1
3.9476605309613544,True,True,True,True,True,True,7,1
7.145896489443139,True,True,True,True,True,True,4,1
8.435372930942625,True,True,True,True,True,True,7,1
0.8615423781412067,True,True,True,True,True,True,16,3
0.007109849391789233,True,True,True,True,True,True,2,1
11.739698921129891,True,True,True,True,True,True,5,2
1.9035143551053766,True,True,True,True,True,True,14,2
1.893828779034927,True,True,True,True,True,True,7,1
0.4595383284152041,True,True,True,True,True,True,16,7
10.123342901979548,True,True,True,True,True,True,5,1
7.891719728941319,True,True,True,True,True,True,15,3
2.911393973218413,True,True,True,True,True,True,15,5
1.9647911108767568,True,True,True,True,True,True,3,1
0.10151544232177806,True,True,True,True,True,True,1,1
0.21538123400172973,True,True,True,True,True,True,23,10
12.327302627726132,True,True,True,True,True,True,17,1
23.476169083515973,True,True,True,True,True,True,28,4
1.677039576515806,True,True,True,True,True,True,20,1
4.325936477043389,True,True,True,True,True,True,1,1
0.054810315622841756,True,True,True,True,True,True,11,4
0.15281922894709707,True,True,True,True,True,True,5,2
0.14340103268423385,True,True,True,True,True,True,6,2
0.09314509098203938,True,True,True,True,True,True,1,1
2.6421502404585264,True,True,True,True,True,True,7,6
0.41490671351389236,True,True,True,True,True,True,5,2
23.975166588038036,True,True,True,True,True,True,7,4
0.06768496145430299,True,True,True,True,True,True,15,1
0.033345072359630086,True,True,True,True,True,True,5,1
1.501724723484481,True,True,True,True,True,True,13,2
14.181637375964048,True,True,True,True,True,True,5,1
1.7479818153278601,True,True,True,True,True,True,6,2
1.3247086946771354,True,True,True,True,True,True,3,1
9.054159500317965,True,True,True,True,True,True,5,1
3.0535282699649273,True,True,True,True,True,True,4,1
6.654385555996064,True,True,True,True,True,True,5,4
0.6793768977440674,False,True,True,True,True,True,6,1
0.39100955266813936,True,True,True,True,True,True,7,2
10.379377049748351,True,True,True,True,True,True,5,1
26.334776788532338,True,True,True,True,True,True,31,1
0.33575701504915234,True,True,True,True,True,True,4,1
1.3798975176917718,True,True,True,True,True,True,2,3
7.063633885113661,True,True,True,True,True,True,8,1
0.12535010180852263,True,True,True,True,True,True,5,1
1.6029122327372827,True,True,True,True,True,True,0,1
25.470227004354523,True,True,True,True,True,True,3,1
1.0259436549042062,True,True,True,True,True,True,21,3
0.35841517317592164,True,True,True,True,True,True,8,3
3.6174095387789915,True,True,True,True,True,True,4,2
1.5251621217008235,True,True,True,True,True,True,23,6
0.1626218541362294,True,True,True,True,True,True,19,12
14.375857839380616,True,True,True,True,True,True,1,2
0.20710451503412716,True,True,True,True,True,True,3,1
0.18647356000205947,True,True,True,True,True,True,24,3
0.3314509946399273,True,True,True,True,True,True,3,1
2.888122614636071,True,True,True,True,True,True,19,3
0.11526097109185998,True,True,True,True,True,True,3,2
0.2564185449933432,True,True,True,True,True,True,1,1
0.01806091868762235,False,True,True,True,True,True,15,4
0.4327616178262047,True,True,True,True,True,True,17,2
3.6019488265376123,True,True,True,True,True,True,4,2
3.452554494113911,True,True,True,True,True,True,14,4
39.05045804362956,True,True,True,True,True,True,19,5
0.2521717710774664,True,True,True,True,True,True,7,3
0.5883797230170466,True,True,True,True,True,True,6,1
1.5759694977482828,True,True,True,True,True,True,11,3
1.8097690856840352,True,True,True,True,True,True,26,12
1.8632049903147594,True,True,True,True,True,True,2,3
21.677686138074915,True,True,True,True,True,True,4,1
2.707949679325621,True,True,True,True,True,True,5,2
0.32592900884414144,True,True,True,True,True,True,5,1
0.08489751692627871,True,True,True,True,True,True,14,10
14.328529022816262,True,True,True,True,True,True,15,7
0.5688320389934248,True,True,True,True,True,True,5,1
28.32714544572039,True,True,True,True,True,True,4,1
0.11220931157251969,True,True,True,True,True,True,4,2
7.006738633807023,True,True,True,True,True,True,9,1
1.3253407442679792,True,True,True,True,True,True,13,3
3.008238119924968,True,True,True,True,True,True,17,5
5.287029842761472,True,True,True,True,True,True,3,4
0.7380479835164323,True,True,True,True,True,True,5,1
1.0265559583512138,True,True,True,True,True,True,9,4
26.72582383905885,True,True,True,True,True,True,3,1
4.863878075869423,True,True,True,False,True,False,12,12
2.3517469045383534,True,True,True,True,True,True,19,4
3.2970816640038247,True,True,True,True,True,True,9,1
7.2366907544737575,True,True,True,True,True,True,31,4
0.23626797283178994,True,True,True,True,True,True,8,1
4.004620745641813,True,True,True,True,True,True,14,3
1.505762175447924,True,True,True,True,True,True,5,1
2.99547465381563,True,True,True,True,True,True,4,1
5.904529474713644,True,True,True,True,True,True,28,3
1.6145268084975177,True,True,True,True,True,True,13,1
1.3535684593366368,True,True,True,True,True,True,7,3
3.169539556561873,True,True,True,True,True,True,1,2
1.1173525584479695,True,True,True,True,True,True,7,1
3.8162845241173526,True,True,True,True,True,True,25,2
12.039039292456874,True,True,True,True,True,True,19,2
5.3539044452238995,True,True,True,True,True,True,6,1
0.32653536219249996,True,True,True,True,True,True,1,1
4.532915339269339,True,True,True,True,True,True,14,2
5.036804003975952,True,True,True,True,True,True,16,3
2.087489554382352,True,True,True,True,True,True,11,9
5.883141386276916,True,True,True,True,True,True,4,1
0.683468105588258,True,True,True,True,True,True,7,2
8.70150114114005,True,True,True,True,True,True,6,1
2.2556740371026742,True,True,True,True,True,True,5,1
22.32822644393043,False,False,True,False,True,False,1,3
4.654329563344553,True,True,True,True,True,True,12,1
17.23301229588424,False,False,True,True,True,True,4,1
0.2829474243288526,True,True,True,True,True,True,1,1
2.7050292832655756,True,True,True,True,True,True,12,1
1.1543953800143383,True,True,True,True,True,True,13,6
0.12126207034449399,True,True,True,True,True,True,5,1
3.3866799732564155,True,True,True,True,True,True,10,2
0.6426650464043864,True,True,True,True,True,True,0,1
0.18582307514038168,True,True,True,True,True,True,10,2
0.8598052825299158,True,True,True,True,True,True,5,1
1.3417485934320739,True,True,True,True,True,True,43,35
6.896731338348149,True,True,True,True,True,True,8,3
2.513555498440312,True,True,True,True,True,True,14,1
0.9222817030592269,True,True,True,True,True,True,10,1
6.379311607238121,True,True,True,True,True,True,13,1
0.16157554572096286,True,True,True,True,True,True,15,3
3.7181821791530765,True,True,True,True,True,True,13,1
11.713746351256809,True,True,True,True,True,True,23,1
27.14815887570246,True,True,True,True,True,True,5,2
1.8717377710250265,True,True,True,True,True,True,3,1
2.0225793835421837,True,True,True,True,True,True,2,1
0.40358027508273087,True,True,True,True,True,True,8,1
14.093084894781033,True,True,True,True,True,True,25,1
0.048344200724639755,True,True,True,True,True,True,2,1
6.431970821420726,True,True,True,True,True,True,7,1
4.098186637211588,True,True,True,True,True,True,8,1
0.052182785128446076,True,True,True,True,True,True,2,1
47.34739568220234,True,True,True,True,True,True,5,1
0.2617853511755994,True,True,True,True,True,True,2,1
0.9712070293949588,True,True,True,True,True,True,3,1
34.08439157287289,False,False,True,True,True,True,13,5
0.13842921166341288,True,True,True,True,True,True,9,3
3.7125714673723094,True,True,True,True,True,True,1,2
0.4456054689660793,True,True,True,True,True,True,4,1
0.5295786183562919,True,True,True,True,True,True,7,7
1.4946647731545604,True,True,True,True,True,True,7,2
1.0404264296265564,True,True,True,True,True,True,2,2
0.3639937820664891,True,True,True,True,True,True,4,3
0.16723497084260125,True,True,True,True,True,True,4,1
0.07035926413590916,True,True,True,True,True,True,10,3
4.251097700086116,True,True,True,True,True,True,12,6
1.0095282427761538,True,True,True,True,True,True,4,1
1.2746905369383206,True,True,True,True,True,True,15,7
4.62751729967392,True,True,True,True,True,True,11,1
2.0608226237917955,True,True,True,True,True,True,2,1
2.714599593898818,True,True,True,True,True,True,3,1
0.016945649164169366,True,True,True,True,True,True,8,1
7.403906515657346,True,True,True,True,True,True,2,1
0.06881409624287234,True,True,True,True,True,True,11,4
12.490150097450716,True,True,True,True,True,True,23,1
0.5448934900265429,True,True,True,True,True,True,11,11
3.267676001299443,True,True,True,True,False,False,1,1
0.33731346266655693,True,True,True,True,True,True,8,1
4.1435405995116055,True,True,True,True,False,False,4,4
0.1271342459191739,True,True,True,True,True,True,11,4
0.09767013437269381,True,True,True,True,True,True,13,1
2.9210415801650513,True,True,True,True,True,True,12,2
8.172519394670353,True,True,True,True,True,True,23,2
2.554508556390639,True,True,True,True,True,True,7,2
0.6727736163110081,True,True,True,True,True,True,21,4
30.798237686894765,True,True,True,True,True,True,36,3
18.63734510382943,False,True,True,True,True,True,7,1
25.19052733318926,True,True,True,True,True,True,0,1
0.4249469553355135,True,True,True,True,True,True,15,1
18.89519667833452,False,False,True,True,True,True,4,1
0.7224584987214749,True,True,True,True,True,True,5,2
3.9644152058560174,True,True,True,False,True,False,6,7
35.48285894949226,True,True,True,True,True,True,2,1
80.63534664127963,True,True,True,True,True,True,1,2
0.5489882572788586,True,True,True,True,True,True,2,1
1.3791748699950115,True,True,True,True,True,True,9,2
2.504897322655998,True,True,True,True,True,True,9,2
2.0502993497845448,True,True,True,True,True,True,3,1
1.300489479899076,True,True,True,True,True,True,11,1
76.46887437205235,True,True,True,True,True,True,15,8
2.6161455291692315,True,True,True,True,True,True,11,1
1.12721399715937,True,True,True,True,True,True,7,1
1.3307269198226341,True,True,True,True,True,True,5,2
1.8061794528629587,True,True,True,True,True,True,5,2
8.214205143178551,True,True,True,True,True,True,7,2
2.618632688470762,True,True,True,True,True,True,12,8
210.60720572244043,False,False,True,True,True,True,2,1
19.175902657104455,True,True,True,True,True,True,9,5
12.988480154574766,True,True,True,True,True,True,0,1
2.965720662682406,True,True,True,True,True,True,10,1
6.113592424208396,True,True,True,True,True,True,10,5
2.5357666447435196,True,True,True,True,True,True,17,1
0.06255236449586754,True,True,True,True,True,True,9,4
2.1550732593623367,True,True,True,True,True,True,12,1
4.752604711831164,True,True,True,True,True,True,10,3
1.1134949462028922,True,True,True,True,True,True,24,4
6.256499181297909,True,True,True,True,True,True,5,1
11.754436535653802,True,True,True,True,True,True,5,1
1.712154199853211,True,True,True,True,True,True,27,4
5.582597498759253,True,True,True,True,True,True,5,2
0.37226628223111075,True,True,True,True,True,True,5,2
9.381572346223209,True,True,True,True,True,True,4,1
6.7612047953427385,True,True,True,True,True,True,15,2
48.32071525141325,True,True,True,True,True,True,6,4
0.9301712439572624,True,True,True,True,True,True,31,1
0.23471400534894563,True,True,True,True,True,True,4,1
0.315546578006709,True,True,True,True,True,True,7,6
0.024412273029829436,True,True,True,True,True,True,3,2
7.081174249190284,True,True,True,True,True,True,5,6
0.15226171580598094,True,True,True,True,True,True,9,2
1.4003897527097724,True,True,True,True,True,True,13,1
2.003698802911951,True,True,True,True,True,True,1,2
13.929206982156815,True,True,True,True,True,True,3,2
21.037099784071703,True,True,True,True,True,True,4,2
0.3174649534360351,True,True,True,True,True,True,2,2
5.635089864095785,True,True,True,True,True,True,31,7
0.11814481029637507,True,True,True,True,True,True,8,4
57.30105540394734,True,True,True,True,True,True,15,3
145.2799865943689,False,False,True,True,True,True,3,1
0.04966962074288554,True,True,True,True,True,True,2,1
1.6956808294921468,True,True,True,True,True,True,0,1
1.9072862437943254,True,True,True,True,True,True,7,2
0.12428874796852887,True,True,True,True,True,True,15,7
0.06175127079780903,True,True,True,True,True,True,9,3
0.07047966191171018,True,True,True,True,True,True,13,3
0.6634613065047454,True,True,True,True,True,True,6,4
0.5237852783764486,True,True,True,True,True,True,5,1
0.35310501058148996,True,True,True,True,True,True,4,6
0.9365355358200237,True,True,True,True,True,True,1,1
10.099105706058161,True,True,True,True,True,True,11,2
5.483647351734431,True,True,True,True,True,True,5,2
26.243413869665837,True,True,True,True,True,True,15,10
1.2453053959798843,True,True,True,True,True,True,36,9
1.7386324719627282,True,True,True,True,True,True,5,3
10.85604393120596,False,True,True,True,True,True,8,5
0.08772988962768549,True,True,True,True,True,True,5,1
0.08836082676523067,True,True,True,True,True,True,14,3
0.5327932983471766,True,True,True,True,True,True,36,6
0.6005380749303969,True,True,True,True,True,True,7,4
3.8907248565601043,True,True,True,True,True,True,10,3
3.9751237554949403,True,True,True,True,True,True,8,3
0.6898628423109017,True,True,True,True,True,True,15,10
0.06701755290697961,True,True,True,True,True,True,13,4
0.14381189181748474,True,True,True,True,True,True,6,3
3.782549818401562,True,True,True,True,True,True,22,4
12.120689536888811,True,True,True,True,True,True,4,1
1.7280937857302574,True,True,True,True,True,True,14,2
1.4892385225163982,True,True,True,True,True,True,13,1
0.16769209575080457,True,True,True,True,True,True,12,2
0.7982422458788972,True,True,True,True,True,True,13,11
2.110967333658208,True,True,True,True,True,True,7,1
0.7342507218387402,True,True,True,True,True,True,7,5
8.053535953788272,True,True,True,True,True,True,14,11
2.2900865330619267,True,True,True,True,True,True,1,2
44.881319590925,False,False,True,True,True,True,15,2
3.6044965356652865,True,True,True,True,True,True,4,1
0.43748644728745545,True,True,True,True,True,True,1,1
4.929723679201753,True,True,True,True,True,True,8,1
0.7225303442433875,True,True,True,True,True,True,9,5
1.8332045288609444,True,True,True,True,True,True,5,1
24.77605095996703,True,True,True,True,True,True,7,1
21.360807204460585,True,True,True,True,True,True,20,5
1.6162938872661892,True,True,True,True,True,True,1,1
2.9171611212241952,True,True,True,True,True,True,14,5
1.1867984296763927,True,True,True,True,True,True,4,1
0.09663589300960904,True,True,True,True,True,True,2,2
0.7648628454417059,True,True,True,True,True,True,2,1
0.6125861885891302,True,True,True,True,True,True,11,7
3.3882852663127045,False,True,True,True,True,True,1,2
0.46619394632887307,True,True,True,True,True,True,29,1
3.5869407752181197,True,True,True,True,True,True,10,1
19.118357861043663,True,True,True,True,True,True,9,3
1.5057758205271063,True,True,True,True,True,True,0,1
0.22134180876321843,True,True,True,True,True,True,7,1
0.4243219147442404,True,True,True,True,True,True,7,3
15.636966531702042,True,True,True,True,True,True,6,4
0.6402358022036401,True,True,True,True,True,True,7,1
0.16148196042043975,True,True,True,True,True,True,9,2
0.9548092435615974,True,True,True,True,True,True,14,1
4.802817202521023,True,True,True,True,True,True,5,1
1.2569404304237275,True,True,True,True,True,True,1,2
0.20619404844186673,True,True,True,True,True,True,3,3
50.316369625355186,True,True,True,True,True,True,1,2
103.02518984608284,True,True,True,True,True,True,2,1
0.6971478989775843,True,True,True,True,True,True,6,1
3.6138395871012716,True,True,True,True,True,True,14,4
0.673662216068934,True,True,True,True,True,True,11,4
5.406619270593485,True,True,True,True,True,True,4,2
1.2078316340118913,True,True,True,True,True,True,0,1
0.6372099635374445,True,True,True,True,True,True,7,1
0.14250578474784686,True,True,True,True,True,True,10,1
4.378355583310474,True,True,True,True,True,True,13,1
0.9214100155113207,True,True,True,True,True,True,14,4
2.2379975478618688,True,True,True,True,True,True,9,1
4.950860538781421,True,True,True,True,True,True,0,1
22.865535923036596,True,True,True,True,True,True,5,1
2.810272178507347,True,True,True,True,True,True,2,2
26.011401311526985,True,True,True,True,True,True,30,6
0.9611729464674537,True,True,True,True,True,True,7,1
5.052043098982772,True,True,True,True,True,True,6,1
8.308640502163213,True,True,True,True,True,True,13,8
10.154406155694712,True,True,True,True,True,True,3,2
0.3163838358182892,True,True,True,True,True,True,19,2
0.1819379500747451,True,True,True,True,True,True,8,4
14.252363810240567,True,True,True,True,True,True,2,1
24.524370998867433,True,True,True,True,True,True,5,1
0.08094378681308367,True,True,True,True,True,True,2,2
2.5216833422968383,True,True,True,True,True,True,2,1
1.1992908323422797,True,True,True,True,True,True,9,5
1.0486790005486177,True,True,True,True,True,True,4,1
1.6406831146798972,True,True,True,True,True,True,2,2
0.4739572833497949,True,True,True,True,True,True,9,2
0.04284088721395327,True,True,True,True,True,True,17,3
0.25413218844541524,True,True,True,True,True,True,6,1
0.024287658678949248,True,True,True,True,True,True,4,1
2.0999366769004557,True,True,True,True,True,True,5,2
7.353064760066276,True,True,True,True,True,True,4,1
0.03403050632940305,True,True,True,True,True,True,15,1
3.8861551680782407,True,True,True,True,True,True,12,1
0.6679306446962716,True,True,True,True,True,True,2,1
0.6254790575932192,True,True,True,True,True,True,4,1
1.3063380306768024,True,True,True,True,True,True,22,5
18.147397231356347,True,True,True,True,True,True,2,1
3.000702673423778,True,True,True,True,True,True,5,1
8.203682694937774,True,True,True,True,True,True,4,2
1.6785013325555438,True,True,True,True,True,True,13,1
10.081966483065822,True,True,True,True,True,True,9,2
0.0048470054359096544,True,True,True,True,True,True,6,1
1.360016939692645,True,True,True,True,True,True,18,4
12.973580141053853,True,True,True,True,True,True,1,1
5.341252624906215,True,True,True,True,True,True,2,1
0.7279366050995464,True,True,True,True,True,True,21,2
1.731577492919995,True,True,True,True,True,True,9,1
4.553527940323682,True,True,True,True,True,True,4,1
3.2447793708764308,True,True,True,False,True,False,5,6
2.053497799049449,True,True,True,True,True,True,7,2
89.41496834302166,False,False,True,True,True,True,12,1
1.5869358489286518,True,True,True,True,True,True,9,5
0.1625736656323567,True,True,True,True,True,True,2,2
5.031110043926407,True,True,True,True,True,True,31,1
0.08134606226062482,True,True,True,True,True,True,10,1
2.2201767473358682,True,True,True,True,True,True,0,1
1.5366710571658397,True,True,True,True,True,True,16,6
0.15065204667605578,False,True,True,True,True,True,2,1
9.606933626118872,True,True,True,True,True,True,2,2
2.882136562511252,True,True,True,True,True,True,6,1
2.3308386490391726,True,True,True,True,True,True,4,1
58.611921069563856,True,True,True,False,True,False,5,6
0.13122889687517647,True,True,True,True,True,True,7,2
0.601132491835672,True,True,True,True,True,True,4,1
0.09672868352700807,True,True,True,True,True,True,18,7
0.6401852837855002,True,True,True,True,True,True,3,1
3.2009879971416813,True,True,True,True,True,True,17,3
0.42216178326198117,True,True,True,True,True,True,3,1
10.616962009340565,True,True,True,True,True,True,18,15
0.8656266166789424,True,True,True,True,True,True,11,1
2.9232543370655653,False,True,True,True,True,True,7,2
52.142420661722085,True,True,True,True,True,True,20,3
0.2750796258950369,True,True,True,True,True,True,8,1
0.4548372324936084,True,True,True,True,True,True,12,8
0.36508914099413226,True,True,True,True,True,True,3,1
3.1578648860296368,False,True,True,True,True,True,18,8
0.01402176494353812,True,True,True,True,True,True,7,2
7.079054305408937,True,True,True,True,True,True,21,4
0.8422952804042205,True,True,True,True,True,True,13,2
6.507849217081966,True,True,True,True,True,True,8,3
0.7909908297033443,True,True,True,False,True,False,14,16
0.009329159600986622,True,True,True,True,True,True,7,6
0.872541796635509,True,True,True,True,True,True,12,5
4.023187074969707,True,True,True,True,True,True,16,2
2.5068479855364996,True,True,True,True,True,True,1,2
18.217060443977406,True,True,True,True,True,True,8,1
1.0032910507185264,True,True,True,True,True,True,11,1
2.2212345116051297,True,True,True,True,True,True,3,1
2.11291295801501,True,True,True,True,True,True,10,1
69.07642192002504,False,False,True,True,True,True,12,4
11.3354988637324,True,True,True,True,True,True,11,1
0.030678311830531015,True,True,True,True,True,True,4,6
12.575250185248303,True,True,True,True,True,True,15,9
1.302124220662011,True,True,True,True,True,True,25,4
0.649602990087584,True,True,True,True,True,True,4,1
0.18289855400294408,True,True,True,True,True,True,5,4
4.404748994377202,True,True,True,True,True,True,12,6
107.29746647495479,True,True,True,True,True,True,2,3
1.4147830355631894,True,True,True,True,True,True,18,2
0.06228509051315524,True,True,True,True,True,True,0,1
0.1564717599173468,True,True,True,True,True,True,6,1
9.334507000057297,True,True,True,True,False,False,7,8
0.2490095718124572,True,True,True,True,True,True,14,6
0.10057313430825662,True,True,True,True,True,True,15,14
1.4961519030812367,True,True,True,True,True,True,8,4
0.6937796885336233,True,True,True,True,True,True,8,6
0.27720615741730953,True,True,True,True,True,True,19,15
0.24090757736474427,True,True,True,True,True,True,5,1
2.809429285482581,True,True,True,True,True,True,23,4
0.6270246293600122,True,True,True,True,True,True,2,3
2.813861282801271,True,True,True,True,True,True,7,2
10.479719660601447,True,True,True,True,True,True,17,1
0.8957292781562634,True,True,True,True,True,True,1,1
0.2705393223628647,True,True,True,True,True,True,19,11
1.2901130243655943,True,True,True,True,True,True,8,1
96.3234376463119,True,True,True,True,True,True,17,2
0.3737267983699566,True,True,True,True,True,True,14,2
3.717293160806258,True,True,True,True,True,True,8,3
0.22698292077478618,True,True,True,True,True,True,34,6
4.284340012446735,True,True,True,True,True,True,18,1
0.7495431752147779,True,True,True,True,True,True,4,1
5.835278543233083,True,True,True,True,True,True,8,1
0.014594894059226586,True,True,True,True,True,True,4,1
26.691509035122984,True,True,True,True,True,True,11,1
1.9642574315554604,True,True,True,True,True,True,5,1
58.10531771023758,False,False,True,True,True,True,26,10
50.500735078573754,True,True,True,True,True,True,4,1
10.557424859454025,True,True,True,True,True,True,4,2
51.22466393504544,True,True,True,True,True,True,20,1
3.3946287620130864,True,True,True,True,True,True,7,1
2.096360051023706,True,True,True,True,True,True,8,2
27.0954435623838,True,True,True,True,True,True,12,1
2.6718965023468386,True,True,True,True,True,True,2,1
0.7168979550168343,True,True,True,True,True,True,11,6
6.212137300675581,True,True,True,True,True,True,17,1
10.840635416999714,True,True,True,False,True,False,3,6
0.71540548605084,True,True,True,True,True,True,8,1
0.35378757549465467,True,True,True,True,True,True,2,2
9.788315290491685,True,True,True,True,True,True,13,4
0.25042568432914847,True,True,True,True,True,True,12,3
2.2119469779665297,True,True,True,True,True,True,9,4
0.11473950208850693,True,True,True,True,True,True,12,5
10.611260595036876,True,True,True,True,True,True,8,4
0.2238118451573967,True,True,True,True,True,True,20,8
0.3038733582175995,True,True,True,True,True,True,1,2
3.6393153271110594,True,True,True,True,True,True,17,4
74.68962430350783,True,True,True,True,True,True,9,7
6.632983496965146,True,True,True,True,True,True,31,28
0.34793801158415927,True,True,True,True,True,True,24,10
12.994449952259712,True,True,True,True,True,True,12,5
11.068240209812117,True,True,True,True,False,False,1,4
10.222772101311351,True,True,True,True,True,True,13,6
8.397660835337646,True,True,True,True,True,True,1,2
0.2332658492066485,True,True,True,True,True,True,12,2
5.582384250765791,True,True,True,True,True,True,2,1
0.4260817627941356,True,True,True,True,True,True,1,1
18.355954440454884,True,True,True,True,True,True,16,2
14.327723006811318,True,True,True,True,True,True,8,2
1.6124358812483564,True,True,True,True,True,True,9,5
72.97394295524329,True,True,True,True,True,True,22,2
0.22507679521561816,True,True,True,True,True,True,5,1
2.8137858734757346,True,True,True,True,True,True,21,3
0.8959295485768008,True,True,True,True,True,True,1,1
0.42147505916875794,True,True,True,True,True,True,12,2
8.265172392522713,True,True,True,True,True,True,14,6
11.604030221207907,True,True,True,True,True,True,8,2
2.5712947932103987,True,True,True,True,True,True,2,1
1.1670868302828328,True,True,True,True,True,True,12,1
64.55541996855158,True,True,True,True,True,True,1,1
37.83499469538859,True,True,True,True,True,True,6,2
1.0815696576952563,True,True,True,True,True,True,5,1
1.3754559271473177,True,True,True,True,True,True,6,1
16.04785152805896,True,True,True,True,True,True,8,1
36.65368422763793,True,True,True,True,True,True,6,2
0.06869268418743084,True,True,True,True,True,True,4,2
23.686168001886628,False,True,True,True,True,True,15,3
0.2832855811078694,True,True,True,True,True,True,11,2
0.04992371476124364,True,True,True,True,True,True,2,1
0.5269909766003738,True,True,True,True,True,True,15,1
25.02991267931863,True,True,True,True,True,True,4,2
24.320417452816823,True,True,True,True,True,True,17,1
0.8419374657315858,True,True,True,True,True,True,4,1
1.0012514711304563,True,True,True,True,True,True,9,3
0.8267347527781707,True,True,True,True,True,True,9,1
0.05803080936757186,True,True,True,True,True,True,0,1
0.7897983900994033,True,True,True,True,True,True,11,6
2.767424880091784,True,True,True,True,True,True,25,3
0.04509590303607988,True,True,True,True,True,True,15,3
2.685704802076823,True,True,True,True,True,True,4,3
0.019001888343893426,True,True,True,True,True,True,1,1
0.12975958638975119,True,True,True,True,True,True,32,1
0.31705170657412174,True,True,True,True,True,True,25,12
14.740287982564478,True,True,True,True,True,True,6,2
0.6980696716189897,True,True,True,True,True,True,3,2
4.841424298821578,True,True,True,True,True,True,3,2
12.03145179577959,True,True,True,True,True,True,10,3
0.8018604026584825,True,True,True,True,True,True,12,2
0.7792829514110666,True,True,True,True,True,True,7,1
0.014914362177571258,True,True,True,True,True,True,21,1
0.03974247067454908,True,True,True,True,True,True,4,2
2.820804341184943,True,True,True,True,True,True,8,6
12.12038334301856,True,True,True,True,True,True,4,1
0.6698725425713599,True,True,True,True,True,True,10,2
75.50308351335676,False,False,True,True,True,True,1,1
15.867930100958043,True,True,True,True,True,True,11,3
3.3109035339420356,True,True,True,True,True,True,5,2
0.026513722276401707,True,True,True,True,True,True,4,2
0.5903455758364697,True,True,True,True,True,True,8,1
14.258986917319215,False,True,True,True,True,True,20,1
5.799074233366013,True,True,True,True,True,True,7,1
3.7471688652311927,True,True,True,True,True,True,5,2
1.1372718711868348,True,True,True,True,True,True,13,1
3.3262245434497015,True,True,True,True,True,True,6,1
2.274467847417536,True,True,True,True,True,True,3,2
0.4676917830260981,True,True,True,True,True,True,5,1
6.226091802038602,True,True,True,True,True,True,8,4
18.96848078802905,True,True,True,True,True,True,4,1
1.2417270206103446,True,True,True,True,True,True,2,1
0.14707781639222037,True,True,True,True,True,True,4,1
7.802468226999263,True,True,True,True,True,True,6,4
0.007254397785291495,True,True,True,True,True,True,6,2
66.15069524596116,True,True,True,True,True,True,7,2
38.03190297893859,True,True,True,True,True,True,10,4
0.06651382941579692,True,True,True,True,False,False,2,2
1.1965019654881852,True,True,True,True,True,True,18,5
0.00046409100775511125,True,True,True,True,True,True,10,2
0.7278795129966797,False,True,True,True,True,True,7,2
0.05957026283266456,True,True,True,True,True,True,6,1
14.066343146862529,True,True,True,True,True,True,3,1
0.2839337936593842,True,True,True,True,True,True,5,2
1.4748908481938392,True,True,True,True,True,True,8,1
4.8152870334562925,True,True,True,True,True,True,6,1
3.3299546037751275,False,True,True,True,True,True,9,6
1.867648901406927,True,True,True,True,True,True,5,1
3.4046981094479505,True,True,True,True,True,True,4,1
16.907698473320746,True,True,True,True,True,True,12,1
2.1095039910858873,True,True,True,True,True,True,8,2
5.768828150070948,True,True,True,True,True,True,10,1
2.194227282165676,True,True,True,True,True,True,2,2
86.91250657711812,True,True,True,True,True,True,18,5
2.0318467661739272,True,True,True,True,True,True,9,1
1.4190248391007523,True,True,True,True,True,True,6,1
0.12656405584186478,True,True,True,True,True,True,5,2
0.017468562781394262,True,True,True,True,True,True,5,1
6.6766056166862064,True,True,True,True,True,True,5,1
0.035070023454777326,True,True,True,True,True,True,8,4
0.7517660320985579,True,True,True,True,True,True,5,1
0.9674389079192709,True,True,True,True,True,True,12,1
0.49653986630623315,True,True,True,True,True,True,13,12
0.10986043666496602,True,True,True,True,True,True,20,3
0.17946296045006768,True,True,True,True,True,True,3,1
15.991760990195763,True,True,True,True,True,True,3,3
0.9821321264222477,True,True,True,True,True,True,9,2
1.2896120670629385,True,True,True,True,True,True,6,2
1.1287309339904377,True,True,True,True,True,True,5,3
0.8582327754997587,True,True,True,True,True,True,3,4
2.9731706473872372,True,True,True,True,True,True,2,2
0.2601103925787179,True,True,True,True,True,True,7,2
0.685483674616752,True,True,True,True,True,True,13,6
4.665333952731062,True,True,True,True,True,True,19,4
0.6711028956370131,True,True,True,True,True,True,12,8
25.208636334032846,True,True,True,True,False,False,7,10
12.629604275581784,True,True,True,True,True,True,28,1
3.657061387761161,True,True,True,True,True,True,2,2
0.07084488273242753,True,True,True,True,True,True,10,3
2.2384143379290973,True,True,True,True,True,True,6,4
0.8726136020759341,True,True,True,True,True,True,17,1
6.140305474945793,True,True,True,True,True,True,7,3
71.34303531675017,False,False,True,True,True,True,6,1
0.2269546115102569,True,True,True,True,True,True,1,1
1.7944150526176212,True,True,True,True,True,True,6,2
0.496045458606791,True,True,True,True,True,True,6,2
1.23150863271749,True,True,True,True,True,True,4,2
0.3397469542966617,True,True,True,True,True,True,11,1
4.4425518393785195,True,True,True,True,True,True,6,3
1.1040202949853557,True,True,True,True,True,True,11,2
8.106254163746575,True,True,True,True,True,True,5,2
5.406356042860631,True,True,True,True,True,True,2,1
0.5438945477320646,True,True,True,True,True,True,13,2
0.7660979382519792,True,True,True,True,True,True,4,1
0.4279551068583104,True,True,True,True,True,True,17,1
1.298513627114988,True,True,True,True,True,True,3,1
1.006563250368446,True,True,True,True,True,True,4,2
2.435813566407952,True,True,True,True,True,True,3,1
6.614980480496369,True,True,True,True,True,True,10,2
0.3047575419034756,False,True,True,True,True,True,5,2
0.6437714069277188,True,True,True,True,True,True,5,4
0.6843121964177389,True,True,True,True,True,True,9,2
3.504575747303312,True,True,True,True,True,True,10,7
3.2555583230126293,True,True,True,True,True,True,2,1
0.42371957996868626,True,True,True,True,True,True,7,1
4.561604652681287,True,True,True,True,True,True,6,4
1.805839787177495,True,True,True,True,True,True,2,1
0.046941874415321716,True,True,True,True,True,True,3,1
1.0797540663877125,True,True,True,True,True,True,3,1
0.11143117397192176,True,True,True,True,True,True,6,2
11.652995832400576,True,True,True,True,True,True,7,1
11.46169987406834,True,True,True,True,True,True,5,1
9.815651071651386,True,True,True,True,True,True,7,1
2.8665155166983336,True,True,True,True,True,True,12,1
1.2812249979564216,True,True,True,True,True,True,6,3
1.3900075691812754,True,True,True,True,True,True,6,2
8.020986450537505,True,True,True,True,True,True,6,3
0.07329984971223556,True,True,True,True,True,True,3,1
0.6814727937949278,True,True,True,True,True,True,23,1
44.487241954683476,False,False,True,True,True,True,8,3
1.5147074342049318,True,True,True,True,True,True,12,1
0.2749132583640978,True,True,True,True,True,True,18,4
0.06936745842692382,True,True,True,True,True,True,15,2
0.5852036378729631,True,True,True,True,True,True,5,1
7.155846714039249,True,True,True,True,True,True,8,1
2.380139453141351,True,True,True,True,True,True,16,8
5.556955741520493,True,True,True,True,True,True,30,15
0.014498629177007978,True,True,True,True,True,True,6,1
32.29574381673649,True,True,True,True,True,True,1,1
1.996171556635487,True,True,True,True,True,True,9,6
15.03101341979746,True,True,True,True,True,True,16,1
3.179613627934062,True,True,True,True,True,True,21,1
19.486875971767695,True,True,True,True,True,True,2,2
0.039681429668777676,True,True,True,True,False,False,13,20
15.19300986394708,True,True,True,True,True,True,8,5
4.443720595709725,True,True,True,True,True,True,7,1
0.06333121210653646,True,True,True,True,True,True,9,1
2.3179349836284593,True,True,True,True,True,True,2,1
2.8304053635145245,True,True,True,True,True,True,6,3
0.11871720309367678,True,True,True,True,True,True,4,2
3.024676443675074,True,True,True,True,True,True,15,1
0.0034207801286300823,True,True,True,True,True,True,23,6
6.209558918790216,True,True,True,True,True,True,10,3
10.074880097848768,True,True,True,True,True,True,16,3
5.985524333902751,True,True,True,True,True,True,32,4
0.5221720884401969,True,True,True,True,True,True,10,1
10.026295101158011,True,True,True,True,True,True,16,2
0.015419655256118797,True,True,True,True,True,True,3,2
0.5768118882797186,True,True,True,True,True,True,17,1
1.8121102017688255,True,True,True,True,True,True,8,2
2.058038867182463,True,True,True,True,True,True,6,1
5.520563316559647,True,True,True,True,True,True,15,1
0.05496570726798948,True,True,True,True,True,True,9,1
8.388361314082164,True,True,True,True,True,True,1,1
11.133822392217834,True,True,True,True,True,True,4,1
0.0927062873329082,True,True,True,True,True,True,9,1
29.84774736870852,True,True,True,True,True,True,9,2
136.70469403768166,True,True,True,True,True,True,16,1
33.035597399373934,True,True,True,True,True,True,7,5
1.1017471828040069,True,True,True,True,True,True,1,2
0.6750075564885659,True,True,True,True,True,True,2,1
2.5125547976077756,True,True,True,True,True,True,30,5
4.281721800669842,True,True,True,True,True,True,6,2
0.2831072467290876,True,True,True,True,True,True,5,2
7.5597997897163225,True,True,True,True,True,True,24,5
0.11784250774653855,True,True,True,True,True,True,5,2
1.3217341857639875,True,True,True,True,True,True,12,2
9.919748711079286,True,True,True,True,True,True,1,2
5.811948057963383,True,True,True,True,True,True,6,1
1.962015084854562,True,True,True,True,True,True,12,4
4.350359117424878,True,True,True,True,True,True,3,2
1.96202134624154,True,True,True,True,True,True,8,1
0.6544347662401439,True,True,True,True,True,True,26,5
0.11913420410301197,True,True,True,True,True,True,3,1
11.701194651328686,True,True,True,True,True,True,1,2
7.870382394486153,True,True,True,True,True,True,10,3
0.5366421716111963,True,True,True,True,True,True,18,10
1.0483351985528377,True,True,True,True,True,True,2,1
2.6704775637501226,True,True,True,True,True,True,14,3
1.8116428439898709,True,True,True,True,True,True,8,4
24.60685924640232,True,True,True,True,True,True,6,2
34.78639898576879,True,True,True,True,True,True,21,2
9.595418752733837,True,True,True,True,True,True,2,1
0.4150068485169959,True,True,True,True,True,True,4,2
77.87819951307239,True,True,True,True,True,True,4,1
0.9534824502011181,True,True,True,False,True,False,11,11
6.320056819649627,True,True,True,True,True,True,10,1
0.012547512753712109,True,True,True,True,True,True,14,4
1.3481274517694695,True,True,True,True,True,True,12,6
1.6924862870082398,True,True,True,True,True,True,8,3
0.02942309878941857,True,True,True,True,True,True,25,10
6.900367575894245,True,True,True,True,True,True,9,5
0.5165543755271348,True,True,True,True,True,True,22,2
25.494116328988458,True,True,True,True,True,True,4,2
1.7326848128873846,True,True,True,True,True,True,2,1
0.40079949785944363,True,True,True,True,True,True,4,1
3.836176829089968,True,True,True,True,True,True,11,3
1.6749417698333464,True,True,True,True,True,True,11,1
7.153537202345253,True,True,True,True,True,True,9,1
10.884267093688939,True,True,True,True,True,True,10,1
8.278862808170004,True,True,True,True,True,True,15,1
0.6840593742565074,True,True,True,True,True,True,7,1
21.295755441794523,True,True,True,True,True,True,1,1
10.108644153938817,True,True,True,True,True,True,11,1
0.5939390262355829,True,True,True,True,True,True,15,6
0.5010738313733716,True,True,True,True,True,True,3,1
2.427565208710498,True,True,True,True,True,True,6,1
0.1834094080177601,True,True,True,True,True,True,2,1
7.350128352499931,True,True,True,True,True,True,5,1
0.21608689439551781,True,True,True,True,True,True,7,3
1.6355829573414684,True,True,True,True,True,True,23,13
2.6420350346382753,True,True,True,True,True,True,7,5
0.7490663371271205,True,True,True,True,True,True,4,1
0.0694480843329705,True,True,True,True,True,True,16,3
7.6338319335118126,True,True,True,True,True,True,1,1
5.6729209218415555,True,True,True,True,True,True,9,4
1.3946146305355596,True,True,True,True,True,True,13,6
0.9517771754188514,True,True,True,True,True,True,12,5
2.2475170491676084,True,True,True,True,True,True,6,4
0.04830822275954418,True,True,True,True,True,True,8,2
0.35378757549465467,True,True,True,True,True,True,4,1
8.36693564802718,True,True,True,True,True,True,12,1
18.379811911347364,False,False,True,True,True,True,10,3
67.24740971355786,True,True,True,True,True,True,4,1
0.2656032513731301,True,True,True,True,True,True,4,1
0.19756314387996668,True,True,True,True,True,True,24,5
2.035402172760638,True,True,True,True,True,True,4,3
15.518510698066368,True,True,True,True,True,True,2,1
10.47753742699355,True,True,True,True,True,True,1,1
5.756933414474671,True,True,True,True,True,True,4,1
9.867390528020527,True,True,True,True,True,True,12,1
1.0496324755681128,True,True,True,True,True,True,22,1
3.496951422046559,True,True,True,True,True,True,7,4
0.5465081344311066,True,True,True,True,True,True,10,4
0.833533739914441,True,True,True,True,True,True,5,2
0.01573853701361744,True,True,True,True,True,True,8,8
5.509040480967845,True,True,True,True,True,True,5,1
0.5983417822319286,True,True,True,True,True,True,22,4
0.8062946430857848,True,True,True,True,True,True,14,1
1.058934659217925,True,True,True,True,True,True,6,1
1.6940209580131822,True,True,True,True,True,True,7,1
2.978584499226576,True,True,True,True,True,True,1,1
5.866657106540902,True,True,True,True,True,True,6,1
11.066131712506516,True,True,True,True,True,True,12,1
5.289028077393098,True,True,True,True,True,True,6,1
0.14785122120560515,True,True,True,True,True,True,4,3
5.203730521662239,True,True,True,True,True,True,4,3
0.48204866971769617,True,True,True,True,True,True,27,2
14.567826182330869,True,True,True,True,True,True,10,1
1.341662388831286,True,True,True,True,True,True,12,7
3.9640201288315198,True,True,True,True,True,True,4,4
1.2583047463969423,True,True,True,True,True,True,5,1
0.2913624484133673,True,True,True,True,True,True,12,1
0.21570889555754,True,True,True,True,True,True,17,3
0.6582406476769376,True,True,True,True,True,True,3,1
0.3447875643067744,True,True,True,True,True,True,16,4
0.04725770507656527,True,True,True,True,True,True,33,8
0.407354091567039,False,True,True,True,True,True,31,3
2.616765161118996,True,True,True,True,True,True,5,2
0.015960363727889112,True,True,True,True,True,True,4,1
15.981957175468581,False,True,True,True,True,True,12,1
0.1929146039127874,True,True,True,True,True,True,22,2
10.332290433946229,True,True,True,True,True,True,17,2
8.66495020463333,True,True,True,True,True,True,1,1
3.6903117609166736,True,True,True,True,True,True,2,1
0.04000116166553636,True,True,True,True,True,True,4,1
0.262704511827105,True,True,True,True,True,True,12,2
52.40466550402669,False,False,True,True,True,True,13,6
0.2476251478407142,True,True,True,True,True,True,4,1
1.0741392519714963,True,True,True,True,True,True,6,2
0.8181048989100829,True,True,True,True,True,True,12,2
0.9426714002940431,True,True,True,True,True,True,12,3
26.109566518993418,False,True,True,True,True,True,17,7
1.565571744783155,True,True,True,True,True,True,9,1
0.628868975072622,True,True,True,True,True,True,8,2
0.11803056715545408,True,True,True,True,True,True,7,2
2.0839063621443987,True,True,True,True,True,True,12,1
8.62361189902765,True,True,True,True,True,True,5,1
3.6233407459074685,True,True,True,True,True,True,9,1
0.3163476179072998,True,True,True,True,True,True,1,1
1.9208662696324599,True,True,True,True,True,True,15,3
0.24521700375229716,True,True,True,True,True,True,1,1
1.29372048996047,True,True,True,True,True,True,4,1
1.3520356247694623,True,True,True,True,True,True,8,1
0.4273912803472433,True,True,True,False,True,False,5,8
17.2215942168437,True,True,True,True,True,True,12,1
0.7980614873638048,True,True,True,True,True,True,11,4
0.05585167531047689,True,True,True,True,True,True,2,1
1.5345190894650835,True,True,True,True,True,True,5,1
0.04917661853222218,True,True,True,True,True,True,22,1
16.11885960888598,True,True,True,True,True,True,8,2
0.07912580143896218,True,True,True,True,True,True,10,3
0.7066000041419794,True,True,True,True,True,True,19,2
8.899179468048693,True,True,True,True,True,True,1,1
7.768491701024317,True,True,True,True,True,True,10,1
0.03349137013347328,True,True,True,True,True,True,10,3
2.073310404927782,True,True,True,True,True,True,9,2
2.3380190052005894,True,True,True,True,True,True,9,1
0.04766247663043756,True,True,True,True,True,True,7,3
2.7105832338367857,True,True,True,True,True,True,12,1
3.2032125391292836,True,True,True,True,True,True,1,1
0.7240099403029758,True,True,True,True,True,True,8,1
1.355788239725249,True,True,True,True,True,True,27,8
0.515103744686099,True,True,True,True,True,True,22,3
0.07689006596404728,True,True,True,True,True,True,9,2
28.361302004846728,True,True,True,True,True,True,32,4
25.435115883671596,True,True,True,True,True,True,15,5
7.235316982397925,True,True,True,True,True,True,13,1
1.8723846630715546,True,True,True,True,True,True,6,1
8.649703503713502,True,True,True,True,True,True,1,1
0.8033851969633033,True,True,True,True,True,True,11,1
10.761352753407378,False,True,True,True,True,True,4,3
0.7145836902385669,True,True,True,True,True,True,6,2
0.09630997079996156,True,True,True,True,True,True,28,22
28.57413645936338,True,True,True,True,True,True,5,2
2.3405515529962657,True,True,True,True,True,True,15,6
3.588142590233753,True,True,True,True,True,True,3,2
86.02073245531378,False,False,True,True,True,True,8,8
0.19166811663791863,True,True,True,True,True,True,2,1
4.597053989210076,True,True,True,True,True,True,7,2
0.8910734991107561,True,True,True,True,True,True,2,1
0.024071172430562143,True,True,True,True,True,True,6,1
1.7218692705042975,True,True,True,True,True,True,10,3
0.3658913315474703,True,True,True,True,True,True,11,4
6.619723284576473,True,True,True,True,True,True,13,3
0.23003602438746362,True,True,True,True,True,True,4,2
0.41333255382182893,True,True,True,True,True,True,2,1
26.787387315460023,True,True,True,True,True,True,7,4
0.11114146973419078,True,True,True,True,True,True,3,1
5.135373744026151,True,True,True,True,True,True,11,5
7.27734109197336,True,True,True,True,True,True,2,1
0.13374052811604226,True,True,True,True,True,True,12,2
1.8397368430925272,True,True,True,True,True,True,10,1
3.6586688956093725,True,True,True,True,True,True,2,1
1.6018684010083264,True,True,True,True,True,True,20,6
41.87725464280229,True,True,True,True,True,True,15,3
1.0838853078630617,True,True,True,True,True,True,8,2
5.607191726966917,True,True,True,True,True,True,3,1
18.42074181812853,True,True,True,True,True,True,9,1
7.156138511029683,True,True,True,True,True,True,2,1
0.39101181227040605,True,True,True,True,True,True,5,3
2.8708755312140095,True,True,True,True,True,True,3,2
2.3672705741503304,True,True,True,True,True,True,1,1
0.5717690641617172,True,True,True,True,True,True,13,2
25.41087978119423,True,True,True,True,True,True,13,1
8.097393605138251,True,True,True,True,True,True,9,4
1.0886445445462785,True,True,True,True,True,True,16,10
1.5360078527902752,True,True,True,True,True,True,0,1
2.845601400488125,True,True,True,False,True,False,8,18
0.34298162602220195,True,True,True,True,True,True,11,4
0.17973208258674503,True,True,True,True,True,True,31,6
0.5436412954404904,True,True,True,True,True,True,6,1
0.2336423193792903,True,True,True,True,True,True,17,5
15.819175782980532,True,True,True,True,True,True,16,2
0.07909902037786379,True,True,True,True,True,True,14,1
3.263382980699869,True,True,True,True,True,True,9,6
0.049201111531494625,True,True,True,True,True,True,2,2
0.2717134730673713,True,True,True,True,True,True,2,1
1.2469121146131468,True,True,True,True,True,True,9,1
4.483855357065031,True,True,True,True,True,True,1,1
0.1056449959611975,True,True,True,True,True,True,22,2
0.12803767189531876,True,True,True,True,True,True,10,3
0.5115871758480282,True,True,True,True,True,True,3,1
1.828441217174001,True,True,True,True,True,True,5,2
0.025675561089344857,True,True,True,True,True,True,2,2
39.75823510369252,False,False,True,True,True,True,6,2
2.238193839820547,True,True,True,True,True,True,11,4
1.684637091266425,True,True,True,True,True,True,13,8
0.6545817393283806,True,True,True,True,False,False,5,4
0.5432265067533372,True,True,True,True,True,True,2,1
10.548958112867192,True,True,True,True,True,True,5,4
0.15466892834552942,True,True,True,True,True,True,5,1
0.9255900117868803,True,True,True,True,True,True,26,1
0.9384043667363969,True,True,True,True,True,True,19,3
20.962782204900027,True,True,True,True,True,True,2,2
0.06476312278260676,True,True,True,True,True,True,11,2
10.524220197912225,True,True,True,True,True,True,7,1
0.9575988238567918,True,True,True,True,True,True,7,1
0.667378249497219,True,True,True,True,True,True,13,1
71.70705402776663,True,True,True,True,True,True,6,1
3.7207988032729613,True,True,True,True,True,True,3,1
38.84326249263572,True,True,True,True,True,True,0,1
2.3069961003210797,True,True,True,True,True,True,10,5
0.4298899092664916,True,True,True,True,True,True,28,3
4.415190342747674,True,True,True,True,True,True,15,6
0.25401878568806463,True,True,True,True,True,True,2,1
6.625227245720458,True,True,True,True,True,True,4,1
7.3505405191566835,True,True,True,False,True,False,4,5
1.388869287915435,True,True,True,True,True,True,9,1
6.23670137624141,True,True,True,True,True,True,21,5
0.4380134903197158,True,True,True,True,True,True,13,7
2.4304762881815893,True,True,True,True,True,True,11,10
6.957926153411009,True,True,True,True,True,True,45,25
2.2373905214637366,True,True,True,True,True,True,10,8
2.3550148467227268,True,True,True,True,True,True,8,2
4.6751070955773635,True,True,True,True,True,True,13,1
0.7506099934204084,True,True,True,True,True,True,5,4
7.189954261040492,True,True,True,True,True,True,8,3
44.201113599463085,True,True,True,True,True,True,4,2
7.728631805095066,True,True,True,True,True,True,11,2
0.7483907211860358,True,True,True,True,True,True,7,5
4.947260955311669,True,True,True,True,True,True,17,9
0.3141339235607978,True,True,True,True,True,True,19,3
3.3372366582129884,True,True,True,True,True,True,15,3
1.9197185476951055,True,True,True,True,True,True,4,2
0.08989691140903776,True,True,True,True,True,True,9,1
2.1809533558228216,True,True,True,True,True,True,5,1
1.855070786661778,True,True,True,True,True,True,11,1
0.5619382308467452,True,True,True,True,True,True,12,1
0.6686878023821791,True,True,True,True,True,True,21,12
22.675187677304688,False,False,True,True,True,True,6,1
0.39031162959988225,True,True,True,True,True,True,10,1
0.9769081286082728,True,True,True,True,True,True,18,1
20.745192114890898,True,True,True,True,True,True,4,3
0.004703734652262061,True,True,True,True,True,True,21,1
31.813607423074707,True,True,True,True,True,True,8,4
1.5592141625430984,True,True,True,True,True,True,6,1
2.4113933569061854,True,True,True,True,True,True,4,3
113.62052369306817,True,True,True,True,True,True,6,1
3.763793174287837,True,True,True,True,True,True,37,17
0.6185686740191328,True,True,True,True,True,True,3,2
2.899275880710427,True,True,True,True,True,True,9,5
2.176920325794162,True,True,True,True,True,True,12,2
0.5067188634662524,True,True,True,True,True,True,7,1
0.16179717667271357,True,True,True,True,True,True,13,13
79.34664616653409,True,True,True,True,True,True,18,2
4.054824436975014,True,True,True,True,True,True,5,1
11.73331569384073,True,True,True,True,True,True,6,5
0.9816421279715437,True,True,True,True,True,True,3,1
3.9709540328764805,True,True,True,True,True,True,8,3
2.8708944987537466,True,True,True,True,True,True,1,1
0.11426847208544107,True,True,True,True,True,True,12,2
1.050016596457352,True,True,True,True,True,True,1,2
14.02952068912995,True,True,True,True,True,True,6,4
4.9956254952006685,True,True,True,True,True,True,9,2
4.497764953498686,True,True,True,True,True,True,14,5
5.378953626527402,True,True,True,True,True,True,12,3
33.63026586551278,True,True,True,True,True,True,8,1
4.065821304919692,True,True,True,True,True,True,15,9
3.3467750206011835,True,True,True,True,True,True,5,2
3.5700196061216527,True,True,True,True,True,True,13,3
0.8963486853383564,True,True,True,True,True,True,2,1
0.16609524823493377,True,True,True,True,True,True,10,8
0.02660811338567755,True,True,True,True,True,True,15,1
0.0804314801184491,True,True,True,True,True,True,3,1
0.0440619555945263,True,True,True,True,True,True,4,1
1.2219654378086748,True,True,True,True,True,True,10,1
1.527795336490869,True,True,True,True,True,True,2,1
0.31796383143382095,True,True,True,True,True,True,20,11
2.173086837253937,True,True,True,True,True,True,7,3
0.14490385584081353,True,True,True,True,True,True,8,2
0.0004721190950742852,True,True,True,True,True,True,16,2
18.757285104558488,True,True,True,True,True,True,28,8
2.810491227387117,True,True,True,True,True,True,12,2
5.373848306949885,True,True,True,True,True,True,7,1
0.10875201430203914,True,True,True,True,True,True,3,1
0.8143778560975206,True,True,True,True,True,True,30,4
0.27849631344996983,True,True,True,True,True,True,6,1
3.1041812478292963,True,True,True,True,True,True,7,2
0.06278408663245007,True,True,True,True,True,True,2,1
0.3964924552985587,True,True,True,True,True,True,8,1
2.024045055767202,True,True,True,True,True,True,9,1
0.7247675985668497,True,True,True,True,True,True,15,3
0.4074017509812818,True,True,True,True,False,False,0,1
16.330316298046288,False,False,True,True,True,True,15,1
0.006746185576367191,True,True,True,True,True,True,10,1
6.314966539817601,True,True,True,True,True,True,12,13
124.49519442157643,True,True,True,True,True,True,5,1
4.180761176362733,True,True,True,True,True,True,4,1
0.5715229736302878,True,True,True,True,True,True,9,3
3.2911914109576355,True,True,True,True,True,True,9,1
0.6960596714317888,True,True,True,True,True,True,6,2
6.224247615705865,True,True,True,True,True,True,9,1
0.15619143979868605,True,True,True,True,True,True,8,1
0.09595865978821097,True,True,True,True,True,True,3,1
6.017377246186172,True,True,True,True,True,True,13,5
1.123391124318708,True,True,True,True,True,True,4,1
1.959713498173093,True,True,True,True,True,True,1,1
0.16965105770735667,True,True,True,False,True,False,5,8
0.18230723351983355,True,True,True,True,True,True,15,5
3.962093517257873,True,True,True,True,True,True,17,5
0.8870917488692052,True,True,True,True,True,True,11,2
0.03034476672942996,True,True,True,True,True,True,12,2
1.860895469944329,True,True,True,True,True,True,3,1
3.3180792206093885,True,True,True,True,True,True,9,1
20.14400767432723,False,False,True,True,True,True,31,9
7.80689683759104,True,True,True,True,True,True,10,5
4.887308312559221,True,True,True,True,True,True,3,1
1.0643700643935945,True,True,True,True,True,True,10,4
0.04741776045667205,True,True,True,True,True,True,4,1
2.0157564510915056,True,True,True,True,True,True,13,5
0.17786103845378062,True,True,True,False,True,False,7,10
0.027625461204280718,True,True,True,True,True,True,14,1
1.3749303295103252,True,True,True,True,True,True,4,2
9.985629514100495,True,True,True,True,True,True,4,1
23.40563823519495,True,True,True,True,True,True,5,1
0.09166596445335584,True,True,True,True,True,True,2,1
11.820554588831861,True,True,True,True,True,True,22,2
0.03463546911093998,True,True,True,True,True,True,8,5
0.3496932903480861,True,True,True,True,True,True,10,9
0.08927704340587575,True,True,True,True,True,True,18,5
1.9420284880812855,True,True,True,True,True,True,6,3
2.9286411300286987,True,True,True,True,True,True,14,1
0.15154942261650933,True,True,True,True,True,True,9,1
0.09349592244602967,True,True,True,True,True,True,1,1
29.171008225965053,False,False,True,True,True,True,17,4
0.43873846113595916,True,True,True,True,True,True,16,6
7.967070611756411,True,True,True,True,True,True,10,1
0.06046163530741247,True,True,True,True,True,True,11,1
3.834085892810415,True,True,True,True,True,True,5,1
23.929792275072774,True,True,True,True,True,True,10,1
3.8941524051937018,True,True,True,True,True,True,6,2
0.7774748791507874,True,True,True,True,True,True,7,5
3.4507593119360394,True,True,True,True,True,True,2,2
0.6089453788212479,True,True,True,True,True,True,16,2
7.218841072480399,True,True,True,True,True,True,6,2
0.15925438573105713,True,True,True,True,True,True,4,1
0.019096590066143025,True,True,True,True,True,True,14,2
1.1557072449244057,True,True,True,True,True,True,1,2
1.8996122734103917,True,True,True,True,True,True,4,2
1.2102589810768434,True,True,True,True,True,True,4,1
1.2912662021167034,True,True,True,True,True,True,7,6
2.2696409662764774,True,True,True,True,True,True,7,3
7.176381731725886,True,True,True,True,True,True,14,2
2.4473578454286566,True,True,True,True,True,True,1,1
7.2557556755957116,True,True,True,True,True,True,25,8
1.6930422546354604,True,True,True,True,True,True,6,2
0.24722111335703958,True,True,True,True,True,True,14,2
0.16817002277919904,True,True,True,True,True,True,10,1
1.7126929649768268,True,True,True,True,True,True,30,2
5.311639893753289,True,True,True,True,True,True,6,2
0.12918981371584837,True,True,True,True,True,True,5,1
20.370366441827876,True,True,True,True,True,True,23,12
9.313560726840423,True,True,True,True,True,True,11,5
0.5119783064147652,True,True,True,True,True,True,7,1
4.777570400413668,True,True,True,True,True,True,4,1
0.48021064311566397,True,True,True,True,True,True,4,1
8.507641087128041,True,True,True,True,True,True,14,4
0.05663979768028795,True,True,True,True,True,True,8,3
3.147248147135829,True,True,True,True,True,True,4,1
3.0372124260368407,True,True,True,True,True,True,3,1
0.36131873162476996,True,True,True,True,True,True,2,2
67.28407734967377,True,True,True,True,True,True,1,1
28.376958256989667,True,True,True,True,True,True,2,1
0.0422490926661265,True,True,True,True,True,True,5,3
0.15447292049832495,True,True,True,True,True,True,4,4
7.197887499556725,True,True,True,True,True,True,7,3
0.05061422357692277,True,True,True,True,True,True,14,2
7.348006866276357,True,True,True,True,True,True,7,1
13.116050787903411,True,True,True,True,True,True,14,3
3.779384074885912,True,True,True,True,True,True,1,1
1.226625736546035,True,True,True,True,True,True,1,1
2.4278146203950217,True,True,True,True,True,True,10,1
2.12480716682005,True,True,True,True,True,True,4,1
1.937640610879242,True,True,True,True,True,True,15,1
0.8138893782955235,True,True,True,True,True,True,2,1
2.939799691383421,True,True,True,True,True,True,15,5
6.0978392777715325,True,True,True,True,True,True,24,2
0.4385557164697313,True,True,True,True,True,True,11,4
0.376777567847422,True,True,True,True,True,True,0,1
0.05820579846976218,True,True,True,True,True,True,7,3
0.46551908039464573,True,True,True,True,True,True,13,10
29.02498992350673,True,True,True,True,True,True,1,2
12.260383392583304,True,True,True,True,True,True,1,1
1.7771571996456688,True,True,True,True,True,True,5,5
0.11071187707943546,True,True,True,True,True,True,8,3
0.19891786145092,True,True,True,True,True,True,9,2
3.5886388480521325,True,True,True,True,True,True,1,1
5.761725242488897,True,True,True,True,True,True,2,1
0.5748153212850059,True,True,True,True,True,True,7,1
0.6474997596433963,True,True,True,True,True,True,22,1
1.0681283210985486,True,True,True,True,True,True,2,1
0.5039383394937169,True,True,True,True,True,True,12,8
0.024815295897233275,True,True,True,True,True,True,4,1
0.008668793191303195,True,True,True,True,True,True,20,1
12.571105873314519,True,True,True,True,True,True,25,8
4.903424376924861,True,True,True,True,True,True,6,3
4.761779830207095,True,True,True,True,True,True,21,8
1.4321098709808935,True,True,True,True,True,True,5,2
5.858153621510315,True,True,True,True,True,True,7,3
1.007615051660116,True,True,True,True,True,True,12,4
18.44357596575124,True,True,True,True,True,True,5,1
25.78389909365537,True,True,True,True,True,True,5,1
0.3910491150215351,True,True,True,True,True,True,4,2
2.5144022762107943,True,True,True,True,True,True,5,1
0.8975746108867231,True,True,True,True,True,True,3,1
0.1898426918310888,True,True,True,True,True,True,8,4
0.26040981709011035,True,True,True,True,True,True,11,4
2.405224465099527,True,True,True,True,True,True,10,1
2.3094092313985017,True,True,True,True,True,True,12,4
14.452923329836965,True,True,True,True,True,True,1,1
0.16127634919535058,True,True,True,True,True,True,2,1
2.0120731479311385,True,True,True,True,True,True,0,1
0.02966129859719798,True,True,True,True,True,True,12,5
22.423816928213174,True,True,True,True,True,True,16,7
1.2415737475289947,True,True,True,True,True,True,5,1
3.000085785681972,True,True,True,True,True,True,4,3
0.25153485444659623,True,True,True,True,True,True,15,1
1.330735686063137,True,True,True,True,True,True,13,3
1.6216376570146682,True,True,True,True,True,True,11,4
1.1432893882992388,True,True,True,True,True,True,6,2
4.157585880536251,True,True,True,True,True,True,2,2
12.549333006895955,True,True,True,True,True,True,9,1
14.577292920052642,True,True,True,True,True,True,2,1
1.0151921862996378,True,True,True,True,True,True,11,7
3.6443029533004174,True,True,True,True,True,True,3,1
0.8305747301141277,True,True,True,True,True,True,1,2
1.7370672275097563,True,True,True,True,True,True,7,2
0.5317294288600641,True,True,True,True,True,True,7,2
0.1143626910239962,True,True,True,True,True,True,11,3
0.14158790488948395,True,True,True,True,True,True,4,4
10.832712255672565,True,True,True,True,True,True,15,3
0.10160147843413712,True,True,True,True,True,True,6,1
11.177533511920396,True,True,True,True,True,True,16,7
0.08676433931374004,True,True,True,True,True,True,4,2
0.2990865432378125,True,True,True,True,True,True,4,1
0.02697067865682335,True,True,True,True,True,True,7,3
2.4430681334461912,True,True,True,True,True,True,5,2
11.588006179123449,True,True,True,True,True,True,3,2
0.7751888635823969,True,True,True,True,True,True,3,4
3.0099968344187724,True,True,True,True,True,True,6,4
0.9983326806951093,True,True,True,True,True,True,7,4
0.4824095250790491,True,True,True,True,True,True,3,1
1.0930861570342953,True,True,True,True,True,True,6,1
4.389100291358675,True,True,True,True,True,True,7,3
17.324288097100382,True,True,True,True,True,True,12,1
0.2641171108585859,True,True,True,True,True,True,3,2
4.162361196171727,True,True,True,True,True,True,12,6
0.40009259700120975,True,True,True,True,True,True,10,2
2.0772970394407295,True,True,True,True,True,True,7,4
0.9464311616925694,True,True,True,True,True,True,16,1
1.1807550223308225,True,True,True,True,True,True,10,1
4.207466986522995,True,True,True,True,True,True,4,1
33.0969215906531,True,True,True,True,True,True,5,1
5.632699690015849,True,True,True,True,True,True,1,1
2.9331025490982516,True,True,True,True,True,True,5,4
9.041191699811112,True,True,True,True,True,True,6,2
4.531702792001969,True,True,True,True,True,True,4,3
0.06656096313329868,True,True,True,True,True,True,1,1
5.128306878364796,True,True,True,True,True,True,6,2
17.93712649418267,True,True,True,True,True,True,2,1
40.374338921082334,True,True,True,True,True,True,3,3
1.4367489291302966,True,True,True,True,True,True,11,1
2.5722056182109556,True,True,True,True,True,True,19,1
5.952696332078216,True,True,True,True,True,True,13,2
0.23965406958398805,True,True,True,True,True,True,13,1
6.55828641628512,True,True,True,True,True,True,13,1
2.2033847748574167,True,True,True,True,True,True,35,4
2.017245215580159,True,True,True,True,True,True,5,2
7.346733070573834,True,True,True,True,True,True,8,2
23.666619150192805,True,True,True,True,True,True,4,2
60.988247082938855,True,True,True,True,True,True,5,5
0.02402437839146929,True,True,True,True,True,True,3,2
0.9898082300012754,True,True,True,True,True,True,13,3
3.014401189562377,True,True,True,True,True,True,2,2
0.6805255029220515,True,True,True,True,True,True,13,1
14.666444912033503,True,True,True,True,True,True,16,4
0.04647138521721858,True,True,True,True,True,True,2,2
0.475653347981327,True,True,True,True,True,True,9,3
5.711020537104992,True,True,True,True,True,True,4,2
0.8666641622758009,True,True,True,True,True,True,5,2
37.55892019975771,True,True,True,True,True,True,19,5
0.08247003537326059,True,True,True,True,True,True,7,1
2.0302861509424237,True,True,True,True,True,True,4,2
0.7629485416832464,True,True,True,True,True,True,10,1
0.6083885523679573,True,True,True,True,True,True,6,3
1.195322095614055,True,True,True,True,True,True,8,2
15.237039790446442,True,True,True,True,True,True,7,5
48.135724726058946,True,True,True,True,True,True,10,5
0.33115630915447863,False,True,True,True,True,True,7,3
0.8245241126784342,True,True,True,True,True,True,15,1
0.4772675380839482,True,True,True,True,True,True,1,1
0.5124178844682821,True,True,True,True,True,True,2,1
4.111513347425644,True,True,True,True,True,True,28,11
0.030225433182453274,True,True,True,True,True,True,8,4
0.08695795626284517,True,True,True,True,True,True,1,2
2.9350050778927304,True,True,True,False,True,False,9,11
0.005643777095594085,True,True,True,True,True,True,31,9
8.036766069690634,True,True,True,True,True,True,12,1
1.9226741603809518,True,True,True,True,True,True,5,1
0.05804766311692925,True,True,True,False,True,False,15,17
2.583326345138034,True,True,True,True,True,True,7,1
2.416717986609443,True,True,True,True,True,True,3,2
0.2575209347828713,True,True,True,True,True,True,7,3
0.8248135417989304,True,True,True,True,True,True,13,7
3.148186135484523,True,True,True,True,True,True,6,1
1.627429743877007,True,True,True,True,True,True,11,4
0.31210730191593095,True,True,True,True,True,True,15,1
1.0633448191393549,True,True,True,True,True,True,3,1
1.489057210484985,True,True,True,True,True,True,13,5
0.9492479431904327,True,True,True,True,True,True,6,1
0.05863224983035954,True,True,True,True,True,True,5,2
1.0151198052327346,True,True,True,True,True,True,15,2
21.149367051596492,True,True,True,True,True,True,9,1
0.23611909560878522,True,True,True,True,True,True,27,3
46.63724316814285,True,True,True,True,True,True,2,2
6.017338234749025,True,True,True,True,True,True,1,2
0.3472798830482962,True,True,True,True,True,True,14,3
1.4223109584432845,True,True,True,True,True,True,8,6
0.4539580130538808,True,True,True,True,True,True,9,4
29.23974214302801,True,True,True,True,False,False,8,10
2.4426612600872946,True,True,True,True,True,True,25,1
11.089586899861855,True,True,True,True,True,True,15,1
0.12125311071074506,True,True,True,True,True,True,9,2
10.064579857300373,True,True,True,True,True,True,17,3
0.16180903105127198,True,True,True,True,True,True,2,1
19.424179798133483,True,True,True,True,True,True,0,2
4.6928269983093065,True,True,True,True,True,True,10,1
32.56655801157051,True,True,True,True,True,True,1,1
0.06364700170257397,True,True,True,True,True,True,10,1
65.11937971756022,False,False,True,True,True,True,3,1
2.3936648069825446,True,True,True,True,True,True,1,1
0.37704892677779495,True,True,True,True,True,True,9,2
3.9367529804537695,True,True,True,True,True,True,5,1
4.906515189385186,True,True,True,True,True,True,7,3
0.20235125926278869,True,True,True,True,True,True,19,1
0.44967497940839135,True,True,True,True,True,True,5,2
0.15566011958166012,True,True,True,True,True,True,1,1
36.85125095480856,False,False,True,True,True,True,11,1
11.72940607404453,True,True,True,True,True,True,9,1
2.0389853372841285,True,True,True,True,True,True,3,1
10.251937577641545,True,True,True,True,True,True,6,1
0.14403806825245827,False,True,True,True,True,True,29,18
2.479171848667333,True,True,True,True,False,False,2,8
0.2229700188013881,True,True,True,True,True,True,33,1
6.570278558920539,True,True,True,True,True,True,13,4
9.685182295796908,True,True,True,True,True,True,16,8
11.105024581813225,False,True,True,True,True,True,2,1
3.722733032469454,True,True,True,True,True,True,5,1
0.03308241470697931,True,True,True,True,True,True,29,8
1.6990238013326142,True,True,True,True,True,True,9,1
19.066841210297103,True,True,True,True,True,True,14,3
0.7148889606710844,True,True,True,True,True,True,6,1
1.092304727065445,True,True,True,True,True,True,24,2
1.5021278378114093,True,True,True,True,True,True,7,1
6.875805222228121,True,True,True,True,True,True,4,1
1.0108231591738484,True,True,True,True,True,True,2,3
11.445917988876749,True,True,True,True,True,True,9,2
0.5009984896012649,True,True,True,True,True,True,3,1
51.33009900067256,True,True,True,True,True,True,5,3
2.8059794651775545,True,True,True,True,True,True,5,2
0.0072539913594250015,False,True,True,True,True,True,21,7
0.08993617476608708,True,True,True,True,True,True,21,1
0.08367883153112071,True,True,True,True,True,True,17,2
0.02393519703339511,True,True,True,True,True,True,15,2
0.3528693845016485,True,True,True,True,True,True,5,1
14.828421510488253,True,True,True,True,True,True,12,1
5.526078248256545,True,True,True,True,True,True,10,1
12.307029074738514,True,True,True,True,True,True,5,1
0.039475302059461814,True,True,True,True,True,True,15,4
0.01619628554990372,True,True,True,True,True,True,5,1
6.4878325519434075,True,True,True,True,True,True,19,1
0.23261028191610744,True,True,True,True,True,True,2,1
6.585167459221424,True,True,True,True,True,True,27,2
0.17078878312317525,True,True,True,True,True,True,8,1
0.8515057178548696,True,True,True,True,True,True,7,1
15.641767015401,True,True,True,True,True,True,9,6
0.8800803317700443,True,True,True,True,True,True,7,3
9.932147348595917,True,True,True,True,True,True,15,2
0.8954522459702295,True,True,True,True,True,True,10,2
13.772285706823931,True,True,True,True,True,True,16,1
0.7049054026879145,True,True,True,True,True,True,18,4
4.185927485054342,True,True,True,True,True,True,4,4
4.74149025935252,True,True,True,True,True,True,4,1
3.9906956237173055,True,True,True,True,False,False,0,1
5.472120979873415,True,True,True,True,True,True,11,12
1.0608824465137745,True,True,True,True,True,True,1,1
7.173239721237747,True,True,True,True,True,True,4,1
0.08811357446420716,True,True,True,True,True,True,1,2
43.118772068363064,True,True,True,True,True,True,12,1
0.5012379553525339,True,True,True,True,True,True,6,5
34.581002962647446,True,True,True,True,False,False,3,5
0.4442858061127857,True,True,True,True,True,True,15,2
6.632856312629263,True,True,True,True,False,False,7,6
0.21567751122420895,True,True,True,True,True,True,18,12
0.029923996056030487,True,True,True,True,True,True,1,1
9.101527091176411,True,True,True,True,True,True,7,2
8.6209509905716,True,True,True,True,True,True,7,2
5.628485215374616,True,True,True,True,True,True,19,3
9.973265209064683,True,True,True,True,True,True,5,1
6.37794559530167,True,True,True,True,True,True,3,1
0.942878097753288,True,True,True,True,True,True,1,1
0.23779043306209946,True,True,True,True,True,True,9,1
0.4515411860760344,True,True,True,True,True,True,4,4
0.41776691725711373,True,True,True,True,True,True,2,1
0.15124416481973624,True,True,True,True,True,True,4,1
16.26404108560887,True,True,True,True,True,True,14,2
6.0161660150425424,True,True,True,True,True,True,17,5
0.5729154092794024,True,True,True,True,True,True,5,2
0.528462905719914,True,True,True,True,True,True,10,3
1.81317532255561,True,True,True,True,True,True,13,1
6.544998764820212,True,True,True,True,True,True,9,13
4.5369858276821375,True,True,True,True,True,True,13,12
0.8869697747400415,True,True,True,True,True,True,6,3
0.005374688158791999,True,True,True,True,True,True,5,2
20.46127090166187,True,True,True,True,True,True,18,4
0.3064121906077846,True,True,True,True,True,True,9,4
11.285998374478849,True,True,True,True,True,True,8,2
0.5453265617632683,True,True,True,True,True,True,20,7
1.0292836530153997,True,True,True,True,True,True,3,1
0.18181537454627156,True,True,True,True,True,True,2,2
2.133936007225946,True,True,True,True,True,True,4,1
1.6091881896018572,True,True,True,True,True,True,5,3
2.1039232999159028,True,True,True,True,True,True,3,1
3.8837545675073137,True,True,True,True,True,True,3,3
0.01124056881550015,True,True,True,True,True,True,7,5
48.84415361625406,True,True,True,True,True,True,2,2
1.2648735071327641,True,True,True,True,True,True,2,1
0.025954375869147665,True,True,True,True,True,True,2,1
0.6503449882566134,True,True,True,True,True,True,3,2
13.329806171391072,True,True,True,True,True,True,2,1
0.7270938365759418,True,True,True,True,True,True,5,1
16.29986197259417,True,True,True,True,True,True,7,2
5.979196039442011,True,True,True,True,True,True,5,1
0.06628564072217313,True,True,True,True,True,True,2,2
7.2403704821735895,True,True,True,True,True,True,7,1
1.355183128229434,True,True,True,True,True,True,6,2
0.37673237849184554,True,True,True,True,True,True,24,4
11.713995352550636,True,True,True,True,False,False,12,11
1.800227963294107,True,True,True,True,True,True,1,2
1.2370489179244986,True,True,True,True,True,True,3,1
0.033929193069119665,True,True,True,True,False,False,4,6
0.5014430153016992,True,True,True,True,True,True,12,2
0.7796730745654241,True,True,True,True,True,True,17,9
1.525841079896378,True,True,True,True,True,True,1,1
0.7259070012625465,True,True,True,True,True,True,7,4
0.5704241356278746,True,True,True,True,True,True,16,5
2.7686797225902273,True,True,True,True,True,True,21,5
2.9337446975297143,True,True,True,True,True,True,22,1
4.251528922102775,True,True,True,True,True,True,3,2
0.17059751339219753,True,True,True,True,True,True,2,1
1.8917581087602977,True,True,True,True,True,True,2,1
0.03691302295632394,True,True,True,True,True,True,10,1
4.057202244100635,True,True,True,True,True,True,3,2
25.66527539942467,True,True,True,True,True,True,11,1
0.3892170959414509,True,True,True,True,True,True,10,2
3.929786083662108,True,True,True,True,True,True,3,2
28.78633460669046,True,True,True,True,True,True,1,1
35.61247853046051,False,False,True,True,True,True,9,3
1.577490245166838,True,True,True,True,True,True,3,2
6.1013359201564,True,True,True,True,True,True,8,1
7.064619052990252,True,True,True,True,True,True,3,1
31.053957617158943,True,True,True,True,True,True,7,3
4.281620802274095,True,True,True,True,True,True,9,1
4.752828161000855,True,True,True,True,True,True,2,1
3.175277336757439,True,True,True,True,True,True,4,1
7.104023129036301,True,True,True,True,True,True,19,5
7.56917923374766,True,True,True,True,True,True,10,1
9.581964582910755,True,True,True,True,True,True,9,2
0.25767022983208193,True,True,True,True,True,True,2,1
1.2739619792900811,True,True,True,True,True,True,3,1
11.404606840481362,True,True,True,True,True,True,9,3
12.979243002229731,True,True,True,True,True,True,5,2
0.00473138898147376,True,True,True,True,True,True,11,5
15.015174473470774,True,True,True,True,True,True,4,1
0.25290365457828146,True,True,True,True,True,True,8,1
0.07994890374567278,True,True,True,True,True,True,5,3
0.06041308390639642,True,True,True,True,True,True,10,3
5.904733011435947,True,True,True,True,True,True,20,2
4.995601703928861,True,True,True,True,True,True,2,1
1.6849791234422344,True,True,True,True,True,True,19,2
0.08636606815376137,True,True,True,True,True,True,26,4
0.3820902882328463,True,True,True,True,True,True,13,3
1.810139906045091,True,True,True,True,True,True,26,1
2.77218760882994,True,True,True,True,True,True,1,1
0.8219186748500775,True,True,True,True,True,True,1,2
12.061157424962317,True,True,True,True,True,True,9,1
21.383781753661555,True,True,True,True,False,False,9,8
13.79238916174818,True,True,True,True,True,True,13,3
47.13519764533843,True,True,True,True,True,True,16,2
0.2248166913335611,True,True,True,True,True,True,4,1
0.5498676621185594,True,True,True,True,True,True,27,5
0.5214097398582347,True,True,True,True,True,True,12,5
3.7266883562014024,True,True,True,True,True,True,28,23
13.085370700022912,False,True,True,True,True,True,7,2
0.37418125452485534,True,True,True,True,True,True,7,6
0.14659666455642925,True,True,True,True,True,True,8,2
7.247289097371718,True,True,True,True,True,True,1,1
0.2414629864168417,True,True,True,True,True,True,3,1
13.477496949804609,True,True,True,True,True,True,7,4
0.03283852321157031,True,True,True,True,True,True,8,3
5.31780774812342,True,True,True,True,True,True,9,7
0.6446411542869905,True,True,True,True,True,True,11,4
0.09788897638218827,True,True,True,True,True,True,17,13
16.27772104916194,True,True,True,True,True,True,14,10
3.024143310097557,True,True,True,True,True,True,7,1
1.8058445721254304,True,True,True,True,True,True,12,2
28.751230749522506,True,True,True,True,True,True,18,14
0.054542272477491154,True,True,True,True,True,True,22,1
2.1459616172441978,True,True,True,True,True,True,7,2
7.672159664695151,True,True,True,True,True,True,10,1
0.6887691453801824,True,True,True,True,True,True,2,1
2.56861409572163,True,True,True,True,True,True,7,5
0.21139781695261567,True,True,True,True,True,True,7,7
2.2687039484081524,True,True,True,True,True,True,10,2
1.372379057524193,True,True,True,True,True,True,5,2
1.2280803353305974,True,True,True,True,True,True,10,1
1.6400585590730625,True,True,True,True,True,True,11,1
3.126372316652691,True,True,True,True,True,True,1,2
0.7527321840892618,True,True,True,True,True,True,22,7
2.8563802986784896,True,True,True,True,True,True,7,1
5.564628599398423,True,True,True,True,True,True,15,1
8.176247829191997,True,True,True,True,True,True,7,4
3.415360708018839,True,True,True,True,True,True,1,1
67.62550461034823,True,True,True,True,True,True,12,1
1.4384984962969845,True,True,True,True,True,True,2,2
5.710482546463887,True,True,True,True,True,True,8,2
0.3043712308977354,True,True,True,True,True,True,8,1
22.52505759233176,True,True,True,True,True,True,3,2
1.7047128341123854,True,True,True,True,True,True,28,4
4.053703533592809,True,True,True,True,True,True,1,1
3.285997501663574,True,True,True,True,True,True,15,1
1.9563228745828554,True,True,True,True,True,True,1,1
2.020407885837245,True,True,True,True,True,True,15,5
7.428021114574068,True,True,True,True,True,True,8,2
3.9721013662496234,True,True,True,True,True,True,4,3
0.5979124626040893,True,True,True,True,True,True,18,5
1.098243364964361,True,True,True,True,True,True,11,2
1.5572488586644617,True,True,True,True,True,True,12,7
0.5602751470336899,True,True,True,True,True,True,32,2
1.4554022102762734,True,True,True,True,True,True,9,1
0.07841972806723967,True,True,True,True,True,True,4,1
0.4301725108158706,True,True,True,True,True,True,11,2
0.1610356096870435,True,True,True,True,False,False,5,3
5.590330606532804,True,True,True,True,True,True,2,1
1.1000531043142632,True,True,True,True,True,True,9,1
37.95424260067305,False,False,True,True,True,True,11,2
5.696892148664199,True,True,True,True,True,True,11,1
1.5728049473728933,True,True,True,True,True,True,5,1
2.384496032524128,True,True,True,True,True,True,8,1
1.5398145352921997,True,True,True,True,True,True,14,1
3.0052556290173187,True,True,True,True,True,True,14,4
2.115016023635511,True,True,True,True,True,True,9,2
0.04402821043346415,True,True,True,True,True,True,1,1
9.678009212123104,True,True,True,True,True,True,29,4
3.140734265322046,True,True,True,True,True,True,6,2
0.04908409350537571,True,True,True,True,True,True,3,1
2.4300050285696977,True,True,True,True,True,True,3,1
1.0888559409516878,True,True,True,True,True,True,16,3
1.7895588144109569,True,True,True,True,True,True,8,2
1.875540717292323,True,True,True,True,True,True,3,1
22.662405223356362,True,True,True,True,True,True,27,1
1.0010828631192619,True,True,True,True,True,True,5,1
11.06802443075218,True,True,True,True,True,True,13,3
0.8373039293437825,True,True,True,True,True,True,3,2
2.672507635826854,True,True,True,True,True,True,9,1
0.543653014457505,True,True,True,True,True,True,17,8
1.0018694303777178,False,True,True,True,True,True,5,2
0.4505477780203734,True,True,True,True,True,True,2,1
2.537933427207968,True,True,True,True,True,True,15,1
0.2160445614252023,True,True,True,True,True,True,8,1
2.240003292673152,True,True,True,True,True,True,10,2
5.366394290867522,True,True,True,True,True,True,8,3
2.7479265804472752,True,True,True,True,True,True,20,5
10.525528930117698,True,True,True,True,True,True,19,4
0.006459288140168987,True,True,True,True,True,True,2,2
5.266942517627866,True,True,True,True,True,True,8,4
0.4614986941717308,True,True,True,True,True,True,15,5
1.3187382942574297,True,True,True,True,True,True,2,1
4.437265432205024,True,True,True,True,True,True,6,1
1.1792527146432028,True,True,True,True,True,True,18,1
1.4202969090012503,True,True,True,True,True,True,6,1
6.467708492869751,True,True,True,True,True,True,4,1
10.754276932006283,True,True,True,True,True,True,3,1
13.387546205234027,True,True,True,True,True,True,4,1
0.13638669717888616,True,True,True,True,True,True,10,1
3.133267394611338,True,True,True,True,True,True,8,1
0.09975471396656405,True,True,True,True,True,True,3,1
11.461800835774465,True,True,True,True,True,True,15,1
0.48493417797482397,True,True,True,True,True,True,3,1
5.15890079056008,True,True,True,True,True,True,2,1
0.7835017638366426,True,True,True,True,True,True,5,2
13.798023369158361,True,True,True,True,True,True,12,1
8.813415093885864,True,True,True,True,True,True,18,6
0.4262035787479185,True,True,True,True,True,True,12,1
0.2757897826685126,True,True,True,True,True,True,3,1
0.6660032449536686,True,True,True,True,True,True,4,1
1.817289555397294,True,True,True,True,True,True,10,2
1.9232041799305255,True,True,True,True,True,True,4,1
4.9185525542042985,True,True,True,True,True,True,10,2
0.9465114646035735,True,True,True,True,True,True,10,1
2.3137899747181656,True,True,True,True,True,True,23,1
0.00024427128684695315,True,True,True,True,True,True,13,2
2.6307348865046514,True,True,True,True,True,True,3,1
0.41949280630115415,True,True,True,True,True,True,5,1
0.1094201182773897,True,True,True,True,True,True,23,1
0.743595015606283,True,True,True,True,True,True,3,2
5.700567537975625,True,True,True,True,True,True,4,1
0.47816387994573817,True,True,True,True,True,True,24,3
0.27311712898051166,True,True,True,True,True,True,8,2
2.3784277912571747,True,True,True,True,True,True,6,1
0.3127452232646739,True,True,True,True,True,True,4,4
2.165249915901009,True,True,True,True,False,False,0,1
1.8465282638281546,True,True,True,True,True,True,8,1
0.6544613753698392,True,True,True,True,True,True,8,4
0.7986639697793022,True,True,True,True,True,True,11,6
13.820240900911402,True,True,True,True,True,True,14,7
2.2825775773811796,True,True,True,True,True,True,8,1
13.227881665587056,True,True,True,True,True,True,39,11
26.140848873573596,True,True,True,True,True,True,10,6
2.028067322087433,True,True,True,True,True,True,9,1
25.23902871573663,True,True,True,True,True,True,12,1
0.07839433751683443,True,True,True,True,True,True,8,2
26.00891785253529,True,True,True,True,True,True,4,1
0.36221366736319915,True,True,True,True,True,True,0,1
0.8981195625786791,True,True,True,True,True,True,5,3
1.065111926024,True,True,True,True,True,True,5,3
0.4755502263197427,True,True,True,True,True,True,9,7
0.17583735645216475,True,True,True,True,True,True,3,1
0.1267550116018738,True,True,True,True,True,True,21,1
29.503707774575293,True,True,True,True,True,True,9,6
1.9372304640491682,True,True,True,True,True,True,9,2
0.4557534823602892,True,True,True,True,True,True,6,1
10.640574350924586,True,True,True,True,True,True,2,1
1.0887629870935513,True,True,True,True,True,True,5,2
0.9837814331394399,True,True,True,True,True,True,4,1
0.12222937495775044,True,True,True,True,True,True,19,7
2.3633606476470317,True,True,True,True,True,True,2,1
0.72013495806956,True,True,True,True,True,True,10,2
8.876155281577045,True,True,True,True,True,True,5,1
2.168214838138148,True,True,True,True,True,True,5,14
23.636637286965755,True,True,True,True,True,True,2,1
3.992034733391166,True,True,True,True,True,True,13,2
0.6763204110782525,True,True,True,True,True,True,13,2
2.917406518696061,True,True,True,True,True,True,4,2
0.8842809603317432,True,True,True,True,True,True,17,4
0.520645244152188,True,True,True,True,True,True,37,2
0.16273483263049165,True,True,True,True,True,True,10,3
0.45598083702769726,True,True,True,True,True,True,3,1
0.6744597711752437,True,True,True,True,True,True,30,1
2.1146757439864112,True,True,True,True,True,True,8,2
3.294416535026391,True,True,True,True,True,True,18,1
1.0237937938410533,True,True,True,True,True,True,10,4
4.023888401480251,True,True,True,True,True,True,7,6
6.4878325519434075,True,True,True,True,True,True,7,1
0.3087802960479503,True,True,True,True,True,True,2,2
0.03845815808218688,True,True,True,True,True,True,10,5
3.811426254450493,True,True,True,True,True,True,9,1
3.647232668404398,True,True,True,True,True,True,1,1
0.6532704421347708,True,True,True,True,True,True,2,1
1.9206039830735946,True,True,True,True,True,True,3,1
0.039395413183166146,True,True,True,True,True,True,10,9
1.0248378324783134,True,True,True,True,True,True,19,1
0.6725916544068591,True,True,True,True,True,True,3,1
0.5585164169851009,True,True,True,True,True,True,13,2
0.04112306964775887,True,True,True,True,True,True,3,1
87.63960195567171,True,True,True,True,True,True,14,5
0.11191696844992009,True,True,True,True,True,True,4,2
14.481291430309431,True,True,True,True,True,True,6,2
0.04393855928396622,True,True,True,True,True,True,13,1
6.75489857941585,True,True,True,True,True,True,9,2
0.09136079119215994,True,True,True,True,True,True,4,2
0.7272017396396279,True,True,True,True,True,True,17,11
2.35658360889673,True,True,True,True,True,True,11,6
5.684634798263237,True,True,True,True,True,True,9,2
7.974028280982126,True,True,True,True,True,True,13,14
0.8841629145789176,True,True,True,True,True,True,2,1
2.869879399316162,True,True,True,True,True,True,19,6
4.412507599714648,True,True,True,True,True,True,4,1
13.78479998312254,True,True,True,True,True,True,8,2
2.014597772732827,True,True,True,True,True,True,14,5
0.02887628106188661,True,True,True,True,True,True,3,4
4.356861264843733,True,True,True,True,True,True,14,5
0.42150062474931754,True,True,True,True,True,True,7,1
1.0854520248961113,True,True,True,True,True,True,13,4
1.119962729714527,True,True,True,True,True,True,7,1
1.1559375671582488,True,True,True,True,True,True,10,3
0.18685876820582803,True,True,True,True,True,True,4,1
18.168770629947158,True,True,True,True,True,True,15,2
0.9827171783716103,True,True,True,True,True,True,11,3
12.053094457277545,True,True,True,True,True,True,6,2
4.697892486046412,True,True,True,True,True,True,5,1
0.06806616793464645,True,True,True,True,True,True,10,1
1.4808274496684606,True,True,True,True,True,True,8,1
8.897277579579383,True,True,True,True,True,True,5,1
0.7976633841367207,True,True,True,True,True,True,17,6
10.188358186421278,True,True,True,True,True,True,3,1
0.003775957853414394,True,True,True,True,True,True,34,1
1.1960803536091134,True,True,True,True,True,True,9,3
2.1474335902354635,True,True,True,True,True,True,12,1
2.5808560793658266,True,True,True,True,True,True,19,1
0.29077675596032715,False,True,True,True,True,True,4,2
0.07382777493037093,True,True,True,True,True,True,6,1
0.6345631465083346,True,True,True,True,True,True,12,1
0.8162318544173058,True,True,True,True,True,True,4,1
9.675608690169753,False,True,True,True,True,True,21,2
1.5583300681361278,True,True,True,True,True,True,8,1
2.066272495521783,True,True,True,True,True,True,17,7
13.112628897895737,True,True,True,True,True,True,3,1
2.7764608964347,True,True,True,True,True,True,7,1
0.4392062904710024,True,True,True,True,True,True,8,1
67.43206792076245,True,True,True,True,True,True,3,1
5.3801724418676224,True,True,True,True,True,True,1,1
0.017019618087559647,True,True,True,True,True,True,12,8
10.475152660693714,True,True,True,True,True,True,3,3
0.02669065414421536,True,True,True,True,True,True,16,6
0.31215720851548456,True,True,True,True,True,True,14,5
2.3794977098432653,True,True,True,True,True,True,3,2
12.720698955311388,True,True,True,True,True,True,4,1
1.5054300305777524,True,True,True,True,True,True,4,1
0.4912591499350039,True,True,True,True,True,True,3,1
6.46497844470681,True,True,True,True,True,True,5,1
0.8712429912496886,True,True,True,True,True,True,2,1
0.17393243646157955,True,True,True,True,True,True,8,1
2.883475440947512,True,True,True,True,True,True,0,3
0.1778921609535002,True,True,True,True,True,True,28,4
2.69854240848063,True,True,True,True,True,True,6,1
5.094503583589896,True,True,True,True,True,True,3,1
0.6397331474095882,True,True,True,True,True,True,10,1
1.9076064929145282,True,True,True,True,True,True,12,7
50.722259742945475,True,True,True,True,True,True,4,4
26.41346065142827,True,True,True,True,True,True,3,1
17.277860258059402,False,False,True,True,True,True,5,1
1.5444455544168674,True,True,True,True,True,True,10,3
4.120751114364789,True,True,True,True,True,True,7,4
0.009881639362540233,True,True,True,True,True,True,7,3
2.615371303482092,True,True,True,True,True,True,14,6
0.02121500150560652,True,True,True,True,True,True,6,2
11.298538892495447,True,True,True,True,True,True,4,1
0.16716757470679633,True,True,True,True,True,True,7,1
0.6996694931655025,True,True,True,True,True,True,5,1
10.799892597984952,True,True,True,True,True,True,22,14
6.978070385488588,True,True,True,True,True,True,1,1
3.5696364422996014,True,True,True,True,True,True,20,9
0.667249106750273,True,True,True,True,False,False,2,6
2.4002990307865306,True,True,True,True,True,True,20,4
0.9690702928555625,True,True,True,True,True,True,7,3
29.763972451485095,True,True,True,True,True,True,12,1
0.5730496137576412,True,True,True,True,True,True,7,1
0.6309320695774241,True,True,True,True,True,True,22,4
1.6584168847559226,True,True,True,True,True,True,1,1
1.5696824480985725,True,True,True,True,True,True,3,1
8.204768280012162,True,True,True,True,True,True,8,1
3.275593397968033,True,True,True,True,True,True,26,5
41.69242220169903,True,True,True,True,True,True,29,1
0.7090426992457571,True,True,True,True,True,True,5,1
0.38451342956067397,True,True,True,True,True,True,1,1
0.4759992876896467,True,True,True,True,True,True,20,3
14.381929757506107,True,True,True,True,True,True,11,1
0.28111530730708395,True,True,True,True,True,True,6,1
14.373318732038605,True,True,True,True,True,True,15,6
3.2092167355846617,True,True,True,True,True,True,18,1
0.7553790397487573,True,True,True,True,True,True,4,1
28.673331778142764,True,True,True,True,True,True,13,10
7.208015763730842,True,True,True,True,True,True,2,1
4.8342108538443895,True,True,True,True,True,True,11,1
28.534899648949548,True,True,True,True,True,True,16,1
0.11589667458287121,True,True,True,True,True,True,18,2
2.8316312668674533,True,True,True,True,True,True,15,2
5.333825972608194,True,True,True,True,True,True,1,1
1.0380292896142187,True,True,True,True,True,True,1,1
1.2465616618078428,True,True,True,True,True,True,5,2
2.2230486782396905,True,True,True,True,True,True,11,2
0.05206327590420267,True,True,True,True,True,True,12,1
0.3192682626059682,True,True,True,True,True,True,4,4
0.12483351510365788,True,True,True,True,True,True,6,1
5.4144537013591165,True,True,True,True,True,True,14,1
0.03413399555151819,True,True,True,True,True,True,13,1
1.1047841555325126,True,True,True,True,True,True,4,1
1.3771153527087188,True,True,True,True,True,True,12,4
0.04000116166553636,True,True,True,True,True,True,18,3
10.487214183459837,True,True,True,True,True,True,11,2
1.271747537544602,True,True,True,True,True,True,3,2
1.0525085027639318,True,True,True,True,True,True,17,6
0.2596507931606894,True,True,True,True,True,True,15,1
0.07621807673864484,True,True,True,True,True,True,21,4
3.6695361976769636,True,True,True,True,True,True,9,4
3.0152468214942543,True,True,True,True,True,True,12,1
0.2345065363636581,True,True,True,True,True,True,1,1
1.422951142618229,True,True,True,True,True,True,10,5
5.967859618561576,True,True,True,True,True,True,21,10
23.10156335293391,True,True,True,True,True,True,14,1
10.109512626820083,True,True,True,True,True,True,9,1
0.16527461888061268,True,True,True,True,True,True,19,3
0.04929211551636087,True,True,True,True,True,True,2,1
8.905770142415966,True,True,True,True,True,True,6,1
0.19294413588865067,True,True,True,True,True,True,8,3
6.8072034253390195,True,True,True,True,True,True,7,2
11.153203738336483,True,True,True,True,True,True,0,1
3.8858637451528137,True,True,True,True,True,True,7,1
0.4950945784199044,True,True,True,True,True,True,4,2
1.2589594415177698,True,True,True,True,True,True,10,1
0.9031005309725443,True,True,True,True,True,True,4,1
0.28298589288353976,True,True,True,True,True,True,1,2
1.134612022705045,False,True,True,True,True,True,2,3
1.244124565092868,True,True,True,True,True,True,27,15
0.4616774626831039,True,True,True,True,True,True,10,2
0.6207597765289663,True,True,True,True,True,True,3,3
24.184600991415945,True,True,True,True,False,False,12,13
0.27809813904348457,True,True,True,True,True,True,1,1
0.9177486845907991,True,True,True,True,True,True,16,6
13.493236114234866,False,True,True,True,True,True,7,5
2.4981519498440514,True,True,True,True,True,True,11,1
5.483427365735918,True,True,True,True,True,True,16,2
2.287031517967118,True,True,True,True,True,True,4,1
0.3398815433714203,True,True,True,True,True,True,2,3
0.10019005609206738,True,True,True,True,True,True,19,11
1.7371714456162908,True,True,True,True,True,True,12,10
0.7770784167898165,True,True,True,True,True,True,9,2
0.1587328507703699,True,True,True,True,True,True,6,2
4.223193791222366,True,True,True,True,True,True,28,15
4.859343097438568,True,True,True,True,True,True,18,1
10.841647260935806,True,True,True,True,True,True,16,3
98.94673499661435,True,True,True,True,True,True,6,1
5.542417030244076,True,True,True,True,True,True,16,3
2.8730064027427473,True,True,True,True,True,True,5,1
0.03938869536601262,True,True,True,True,True,True,15,12
1.1053441737456102,True,True,True,True,True,True,1,1
1.4121435037998982,True,True,True,True,True,True,8,5
4.795482969882769,True,True,True,True,True,True,8,1
1.9841331788328134,True,True,True,True,True,True,7,6
4.450288251985747,True,True,True,True,True,True,5,1
13.904365617028406,True,True,True,True,True,True,9,2
9.197727601258133,True,True,True,True,True,True,12,1
0.8592979855625853,True,True,True,True,True,True,19,1
0.036340048827571345,True,True,True,True,True,True,5,1
23.240068896403645,True,True,True,True,True,True,5,1
0.0022644903802374185,True,True,True,True,True,True,7,4
0.6813102865317748,True,True,True,True,True,True,16,1
43.09610831590921,True,True,True,True,True,True,1,1
28.351293427255467,True,True,True,True,True,True,0,1
3.013618052395121,True,True,True,True,True,True,19,2
13.06377755192492,True,True,True,True,True,True,28,12
0.40959464208645435,True,True,True,True,True,True,3,1
0.43907459172268065,True,True,True,True,True,True,11,1
0.24780382833428846,True,True,True,True,True,True,5,1
10.300355460908435,True,True,True,True,True,True,23,7
1.3464167382044787,True,True,True,True,True,True,9,1
0.11883571743498149,True,True,True,True,True,True,1,1
0.35076214517107507,True,True,True,True,True,True,6,2
1.7960989328046708,True,True,True,True,True,True,5,4
1.3270174186808286,True,True,True,True,True,True,8,1
8.012251985054938,True,True,True,True,True,True,6,1
0.8994727020405514,True,True,True,True,True,True,19,12
1.09834369759232,True,True,True,True,True,True,8,4
0.8597060099004757,True,True,True,True,True,True,3,1
6.112906580379519,True,True,True,True,True,True,4,1
3.7447660949440293,True,True,True,True,True,True,12,17
3.4072378954531786,True,True,True,True,True,True,1,1
0.4479784162703624,True,True,True,True,True,True,5,1
8.938136364983485,True,True,True,True,True,True,7,1
0.955315850749738,True,True,True,True,True,True,0,1
13.901566573874394,True,True,True,True,True,True,6,2
0.7381553783400484,True,True,True,True,True,True,21,12
150.1395725951286,False,False,True,True,True,True,1,2
19.83873860386652,True,True,True,True,True,True,14,2
0.33476927499394127,True,True,True,True,True,True,16,11
0.5481137212828837,True,True,True,True,True,True,3,2
0.042913289605613955,True,True,True,True,True,True,3,2
0.017021868475477486,True,True,True,True,True,True,4,1
2.9254914678785835,True,True,True,True,True,True,16,1
3.072312926600057,True,True,True,True,True,True,25,4
0.47801985284658116,True,True,True,True,True,True,6,1
0.6981816346950068,True,True,True,True,True,True,3,4
0.3059525377536619,True,True,True,True,True,True,22,1
2.1381213148979543,True,True,True,True,True,True,11,1
0.06038703197132481,True,True,True,True,True,True,3,1
0.8760226346837802,True,True,True,True,True,True,6,3
0.9972675193431418,True,True,True,True,True,True,1,1
1.5398900074351627,True,True,True,True,True,True,8,2
1.7889498229797014,True,True,True,True,True,True,8,1
0.6516207192571968,True,True,True,True,True,True,8,1
7.607093415629893,True,True,True,True,True,True,50,1
0.05527767207488433,True,True,True,True,True,True,5,1
3.79527509753631,True,True,True,True,True,True,4,3
0.008185740407064818,True,True,True,True,True,True,9,1
5.567359225293182,True,True,True,True,True,True,6,1
1.7517364773554853,True,True,True,True,True,True,16,9
1.8074897831707608,True,True,True,True,True,True,10,1
0.679784317845971,True,True,True,True,True,True,5,1
3.4269382787073583,True,True,True,True,True,True,4,1
0.5768273586605064,True,True,True,True,True,True,7,2
1.1674690298757873,True,True,True,True,True,True,6,4
1.122744166910096,True,True,True,True,True,True,7,1
0.25768375016213646,True,True,True,True,True,True,9,1
2.84847570643775,True,True,True,True,True,True,17,7
1.9846783184941486,True,True,True,True,True,True,4,1
2.2002316496072964,True,True,True,True,True,True,10,2
0.8777927376792451,True,True,True,True,True,True,12,1
0.029067772628053986,True,True,True,True,True,True,17,3
8.904498810708853,True,True,True,True,True,True,20,2
15.167541730410758,True,True,True,True,True,True,14,2
0.052405001786748305,True,True,True,True,True,True,2,1
0.6523284367412656,True,True,True,True,True,True,10,3
0.016260604618984632,True,True,True,True,True,True,17,1
20.313511459506202,True,True,True,True,True,True,21,1
17.57221262522235,True,True,True,True,True,True,9,1
0.7002889976891328,True,True,True,True,True,True,10,3
0.8128632628333837,True,True,True,True,True,True,14,1
9.460727663315367,True,True,True,True,True,True,39,1
0.4313208149098624,True,True,True,True,True,True,22,2
0.5575101506884417,True,True,True,True,True,True,22,2
4.154387681152378,True,True,True,True,True,True,16,3
1.6853744385280145,True,True,True,True,True,True,6,1
8.162204952590939,True,True,True,True,True,True,10,4
0.09193665313231544,True,True,True,True,True,True,2,1
32.186986241987,True,True,True,True,True,True,1,1
0.08574946038775871,True,True,True,True,True,True,12,11
1.139283598263919,True,True,True,True,True,True,3,1
1.3428456933509498,True,True,True,True,True,True,14,4
0.505497530745987,True,True,True,True,True,True,10,1
0.41561102347811557,True,True,True,True,True,True,9,1
2.925046364574108,True,True,True,True,True,True,3,1
0.2945400808749915,True,True,True,True,True,True,20,10
3.817540387235421,True,True,True,True,True,True,8,2
0.9798343309876087,True,True,True,True,True,True,11,5
15.42066381473839,True,True,True,True,True,True,10,2
0.014789130463216954,True,True,True,True,True,True,2,1
0.07280239630584007,True,True,True,True,True,True,8,1
17.408255081634234,True,True,True,True,True,True,5,1
13.54195067665401,True,True,True,True,True,True,7,3
0.06816941053512071,True,True,True,True,True,True,5,4
0.3488224523393629,True,True,True,True,True,True,8,4
8.17335586541825,True,True,True,True,True,True,14,2
0.06413710660654491,True,True,True,True,True,True,6,1
3.396029855055625,True,True,True,True,True,True,8,3
1.2867427056172396,True,True,True,True,True,True,20,2
0.059045435982579685,True,True,True,True,True,True,11,3
0.04403541763301742,True,True,True,True,True,True,5,5
12.04047158704009,True,True,True,True,True,True,5,1
45.729802446156214,True,True,True,True,True,True,13,8
15.019212724785136,True,True,True,True,True,True,2,1
0.020936226377721134,False,True,True,True,True,True,8,1
2.471364022198451,True,True,True,True,True,True,6,1
2.4801193879236285,True,True,True,True,True,True,2,1
0.1728114895435134,True,True,True,True,True,True,9,3
2.210168185682616,True,True,True,True,True,True,7,4
2.4266747972808043,True,True,True,True,True,True,3,2
0.0477412128166794,True,True,True,True,True,True,16,1
7.233493663461241,True,True,True,True,True,True,1,1
21.495862945060484,True,True,True,True,True,True,10,4
17.029752042457083,False,False,True,True,True,True,3,2
0.11395918714462809,True,True,True,True,True,True,3,2
3.738118447242483,True,True,True,True,True,True,13,6
3.5250030264697516,True,True,True,True,True,True,10,3
5.132089549234943,True,True,True,True,True,True,7,4
27.105482350654416,True,True,True,True,True,True,5,1
0.07656749005479761,True,True,True,True,True,True,14,11
1.5246496263507585,True,True,True,True,True,True,36,1
1.566470003120275,True,True,True,True,True,True,11,2
14.346167710249647,True,True,True,True,True,True,5,2
16.616539717363153,True,True,True,True,True,True,30,2
0.010566913923629413,True,True,True,True,True,True,29,4
74.1171254034393,False,False,True,True,True,True,10,4
2.2980988137666274,True,True,True,True,True,True,9,2
1.7791813178272986,True,True,True,True,True,True,13,3
0.11014982100031413,True,True,True,True,True,True,6,1
5.3015627548946345,True,True,True,True,True,True,3,1
0.6477704629772976,True,True,True,True,True,True,8,1
2.6216036706598445,True,True,True,True,True,True,7,1
2.962678188169082,True,True,True,True,True,True,10,1
12.410977884045252,True,True,True,True,True,True,1,1
18.187957197408707,True,True,True,True,True,True,2,1
1.8133666720449826,True,True,True,True,True,True,17,15
4.380327036718983,True,True,True,True,True,True,13,1
0.1852324640006051,True,True,True,True,True,True,23,5
0.6609222568477565,True,True,True,True,True,True,9,5
0.07769392372392582,True,True,True,True,True,True,5,1
2.35748285294262,True,True,True,True,True,True,8,2
6.230288741001219,True,True,True,True,True,True,5,2
8.310297766088762,True,True,True,True,True,True,6,2
3.219952333974986,True,True,True,True,True,True,7,1
4.207084462346063,True,True,True,True,False,False,4,2
1.3750726845212415,True,True,True,True,True,True,3,1
0.14560263763838419,True,True,True,True,True,True,2,1
0.1312418524446247,True,True,True,True,True,True,8,4
9.004012302801181,True,True,True,True,True,True,6,4
39.239875545286246,True,True,True,True,True,True,13,8
29.14569441497989,True,True,True,True,True,True,12,4
10.16454621628378,True,True,True,True,True,True,5,4
26.157128678179998,True,True,True,True,True,True,32,1
0.28677371163184845,True,True,True,True,False,False,4,8
2.3573588734117448,True,True,True,True,True,True,4,1
0.2405471253554475,True,True,True,True,True,True,18,7
11.425307357379463,True,True,True,True,True,True,12,4
0.6304313884349595,True,True,True,True,True,True,2,1
4.408615525173027,True,True,True,True,True,True,2,1
2.420281540978318,True,True,True,True,True,True,18,5
22.28220704066739,True,True,True,True,True,True,20,13
1.5457366741803165,True,True,True,True,True,True,23,4
2.717096217569949,True,True,True,True,True,True,12,10
1.3356384112225328,True,True,True,True,True,True,8,1
0.4373681972646854,True,True,True,True,True,True,10,1
0.03647278622482922,True,True,True,True,True,True,2,1
1.9317228951812406,True,True,True,True,True,True,16,1
18.887972817691214,True,True,True,True,True,True,17,4
2.258538652268779,True,True,True,True,True,True,2,1
0.15287685639467122,True,True,True,True,True,True,11,6
16.023065943142765,True,True,True,True,True,True,12,2
1.301171698841071,True,True,True,True,True,True,7,3
0.22624549481454426,True,True,True,True,True,True,12,1
0.6677551300748158,False,True,True,True,True,True,9,2
0.9748694688902138,True,True,True,True,True,True,11,2
2.1158332221986185,True,True,True,True,True,True,2,2
3.1757314603411766,True,True,True,True,True,True,9,1
18.60830470274912,True,True,True,True,True,True,6,1
0.5691712738956366,True,True,True,True,True,True,3,1
1.4848913419771348,True,True,True,True,True,True,21,3
19.14378112182479,True,True,True,True,True,True,5,2
139.32240932494946,False,False,True,True,True,True,5,3
59.59967872121488,True,True,True,True,True,True,2,1
0.7391732328952865,True,True,True,True,True,True,9,4
0.16042340523939147,True,True,True,True,True,True,23,5
0.9950044351148806,True,True,True,True,True,True,13,1
1.3679706236138818,True,True,True,True,True,True,18,5
14.723611922724311,True,True,True,True,True,True,9,1
72.52471319450255,False,False,True,True,True,True,3,1
4.472255077442701,True,True,True,True,True,True,3,1
0.0831662458399915,True,True,True,True,True,True,1,1
0.6093721674620052,True,True,True,True,True,True,18,7
1.3015819632800096,True,True,True,True,True,True,17,1
0.26785063348029126,True,True,True,True,True,True,7,1
0.22493638660306672,True,True,True,True,True,True,1,1
17.858570049652815,True,True,True,True,True,True,3,1
1.3104898381080994,True,True,True,True,True,True,7,1
16.175539622628822,True,True,True,True,True,True,6,2
3.9673431074168515,True,True,True,True,True,True,2,1
0.35250726592298354,True,True,True,True,True,True,12,2
2.1086136063763776,True,True,True,True,True,True,16,13
16.860891052147153,True,True,True,True,True,True,14,3
0.9947492166888768,True,True,True,True,True,True,8,2
2.5233588042440225,True,True,True,True,True,True,24,2
2.695992271287688,True,True,True,True,True,True,26,11
28.003753763772213,True,True,True,False,True,False,1,2
29.773106219438066,True,True,True,True,True,True,9,1
0.33451431910649376,True,True,True,True,True,True,4,1
4.858081502069761,True,True,True,True,True,True,6,1
0.5375061574753098,True,True,True,True,True,True,11,2
2.4185947542704773,True,True,True,True,True,True,6,1
18.36631567218987,True,True,True,True,True,True,5,1
1.119672461523921,True,True,True,True,True,True,4,2
0.5432943032061702,True,True,True,True,True,True,11,1
1.2552865866333232,True,True,True,True,True,True,6,2
8.172552786920509,True,True,True,True,True,True,4,3
5.4074794140158975,True,True,True,True,True,True,2,1
1.2035780163541872,True,True,True,True,True,True,4,1
1.1590178216260698,True,True,True,True,True,True,18,7
0.3445658641402826,True,True,True,True,True,True,7,1
0.04358769203425014,True,True,True,False,True,False,13,17
1.4041125460350434,True,True,True,True,True,True,11,1
0.06991600738489123,True,True,True,True,True,True,9,1
0.1994718514568972,True,True,True,True,True,True,9,3
1.5634763455806013,True,True,True,True,True,True,16,2
2.2796489367628796,False,True,True,True,True,True,5,1
0.6315965808649194,True,True,True,True,True,True,5,1
1.2868279550044401,True,True,True,True,True,True,3,2
1.4742072310147214,True,True,True,True,True,True,9,2
0.19323202710985288,True,True,True,True,True,True,6,1
1.8507124569020539,True,True,True,True,True,True,9,2
4.296749767743262,True,True,True,True,True,True,11,3
0.318027087303735,True,True,True,True,True,True,2,1
0.29998896428685545,True,True,True,True,True,True,20,2
0.12783550883494665,True,True,True,True,True,True,14,3
0.6687776142818181,True,True,True,True,True,True,20,2
7.654171193947531,True,True,True,True,True,True,6,3
2.591077083190759,True,True,True,True,True,True,2,3
1.403562280853826,True,True,True,True,True,True,0,1
0.025641047735765376,True,True,True,True,True,True,7,2
11.491226336398077,True,True,True,True,True,True,8,1
0.8400122750486875,True,True,True,True,True,True,17,1
5.46666451572023,True,True,True,True,True,True,5,5
0.3837208826019931,True,True,True,True,True,True,16,1
1.7932624152359027,True,True,True,True,True,True,6,1
0.06613021561147289,True,True,True,True,True,True,10,1
4.6457890655171985,True,True,True,True,True,True,10,2
0.5233582111387047,True,True,True,True,True,True,18,4
6.703786734165837,True,True,True,True,True,True,1,1
5.975163462024571,True,True,True,True,True,True,14,5
13.458403935243728,True,True,True,True,True,True,19,1
10.917703464159082,True,True,True,True,True,True,4,1
0.003144923132630877,True,True,True,True,True,True,9,4
0.19104843712514838,True,True,True,True,True,True,10,2
0.8041728513334697,True,True,True,True,True,True,29,7
8.859316355972638,True,True,True,True,True,True,7,2
15.287143474000251,True,True,True,True,True,True,9,5
0.5062306426160531,True,True,True,True,True,True,8,4
8.865461140368815,True,True,True,True,True,True,4,1
1.6859532919248488,True,True,True,True,True,True,4,2
0.107837837231874,True,True,True,True,True,True,8,1
1.5976591409901124,True,True,True,True,True,True,14,1
0.34047254879828026,True,True,True,True,True,True,3,1
0.1370362877742797,True,True,True,True,True,True,0,1
0.32900611849913913,True,True,True,True,True,True,2,1
13.567638132884557,True,True,True,True,True,True,7,1
5.380470692214888,True,True,True,True,True,True,14,1
1.7026253987054123,True,True,True,True,True,True,8,1
12.475339920292377,True,True,True,True,True,True,18,3
0.4007244855992413,True,True,True,True,True,True,14,5
0.6573866087366816,True,True,True,True,True,True,8,1
1.6880463909812526,True,True,True,True,True,True,7,1
0.004308847518444495,True,True,True,True,True,True,23,2
10.214904594539727,True,True,True,True,True,True,1,1
2.1556183186638354,True,True,True,True,True,True,1,1
0.08701713703786523,True,True,True,True,True,True,39,2
0.1010380697092713,True,True,True,True,True,True,18,9
4.286853686630558,True,True,True,True,True,True,30,5
11.228359057556213,True,True,True,True,True,True,5,1
2.63933977148828,True,True,True,True,True,True,9,4
0.014500563218504472,True,True,True,True,True,True,4,1
0.040718570188207,True,True,True,True,True,True,4,1
6.838822650288165,True,True,True,True,True,True,15,4
0.8628414300667429,True,True,True,True,True,True,7,2
0.10141244251565651,True,True,True,True,True,True,27,8
0.5629080646025586,True,True,True,True,True,True,8,2
0.19519538919438237,True,True,True,True,True,True,12,3
61.201594365565654,True,True,True,True,True,True,7,1
8.641156921240048,True,True,True,True,True,True,7,2
0.13773507026699933,True,True,True,True,True,True,11,3
0.13987204285941754,True,True,True,True,True,True,19,3
1.304476190242282,True,True,True,True,True,True,16,1
38.440275364461115,True,True,True,True,True,True,17,1
0.11227226710658499,True,True,True,True,True,True,3,1
4.896391568904814,True,True,True,True,True,True,9,7
3.3768285687485795,True,True,True,True,True,True,18,3
6.639484938094829,True,True,True,True,True,True,3,1
0.8200393003574598,True,True,True,True,True,True,2,1
0.15302605969784225,True,True,True,True,True,True,1,1
23.504607242372643,True,True,True,True,True,True,12,4
0.010056753855748031,True,True,True,True,True,True,3,1
0.008279977187093937,True,True,True,True,True,True,9,2
0.022405172159377245,True,True,True,True,True,True,2,1
0.6192353501329115,True,True,True,True,True,True,10,7
4.5874175046217065,True,True,True,True,True,True,18,5
0.027447605258724035,True,True,True,True,True,True,11,1
0.8202340383349095,True,True,True,True,False,False,9,9
0.04271794815214987,True,True,True,True,True,True,0,1
0.001562840596976893,True,True,True,True,True,True,8,1
17.346599666289375,True,True,True,True,True,True,5,3
1.521588009783422,True,True,True,True,True,True,7,1
5.283403772660062,True,True,True,True,True,True,5,2
0.5417430007040098,True,True,True,True,True,True,9,2
1.5501887799113077,True,True,True,True,True,True,8,1
0.444656633218735,True,True,True,True,True,True,7,1
1.4337630631847962,True,True,True,True,True,True,2,1
0.7164700917052694,True,True,True,True,True,True,5,8
2.678184729377266,True,True,True,True,True,True,11,7
1.6059469501480939,True,True,True,True,True,True,2,2
1.3514010311610938,True,True,True,True,True,True,4,1
1.8912066164980041,True,True,True,True,True,True,6,3
0.6956773788654733,True,True,True,True,True,True,15,3
2.003033036889858,True,True,True,True,True,True,3,2
11.109808144013547,True,True,True,True,True,True,4,3
62.27803787566954,False,False,True,True,True,True,3,1
25.574126432845596,True,True,True,True,True,True,10,1
0.39620172944615645,True,True,True,True,True,True,32,1
0.987113915305275,True,True,True,True,True,True,7,4
0.030500995417261412,True,True,True,True,True,True,2,1
0.549548011779627,True,True,True,True,True,True,13,1
5.951621967094312,True,True,True,True,True,True,2,1
0.6146647770271468,True,True,True,True,True,True,4,2
0.41227707315022466,True,True,True,True,True,True,7,1
0.22497550160125304,True,True,True,True,True,True,4,3
0.026770415680461346,True,True,True,True,False,False,7,4
2.2922173246862667,True,True,True,True,True,True,14,2
2.0443645208724663,True,True,True,True,True,True,16,2
0.28056782843701417,True,True,True,True,True,True,10,4
20.040579290375078,False,False,True,True,True,True,5,2
6.317199346982947,True,True,True,True,True,True,17,2
29.129724543777897,False,True,True,True,True,True,17,5
4.682325380366277,True,True,True,True,True,True,5,1
11.594501806197236,True,True,True,True,True,True,20,1
0.40155695838854144,True,True,True,True,True,True,4,1
16.868428512444456,True,True,True,True,True,True,16,2
