delay_days,second_image_in_any_run,second_image_same_run,pass_time,pass_sky,pass_mass,pass_all,n_false_partners_passing,rank_true_partner
37.50132792007955,True,True,True,True,True,True,1,2
7.72192240936703,True,True,True,True,True,True,0,1
1.403241243819908,True,True,True,True,True,True,3,1
2.746551082246429,True,True,True,True,True,True,7,1
6.586254325083335,True,True,True,True,True,True,4,1
14.739177526114764,True,True,True,True,True,True,2,1
1.9512891524402198,True,True,True,True,True,True,1,1
5.313786560844988,True,True,True,True,True,True,0,1
0.8960291324808799,True,True,True,True,True,True,2,1
6.266507774953321,True,True,True,True,True,True,0,1
0.6373778541446021,True,True,True,True,True,True,0,1
0.672653493898883,True,True,True,True,True,True,5,1
0.06525996964182058,True,True,True,True,True,True,14,1
4.0527526203774284,True,True,True,True,True,True,6,3
14.065267889810265,False,False,True,True,True,True,7,3
0.3402205573525601,True,True,True,True,True,True,5,1
12.963806317372448,True,True,True,True,True,True,0,1
2.2791944031394142,True,True,True,True,False,False,2,3
3.6906583990097768,True,True,True,True,True,True,8,3
6.470658257765626,True,True,True,True,True,True,10,6
24.4038652080355,True,True,True,True,True,True,0,1
15.318814429142895,False,False,True,True,True,True,4,3
0.08702517323941303,True,True,True,False,True,False,5,7
0.47042224368243785,True,True,True,True,True,True,5,1
6.1696228078476105,True,True,True,True,True,True,2,1
6.1426019177364095,True,True,True,True,True,True,4,4
1.7212573936937527,True,True,True,True,True,True,3,2
0.007251413042691069,True,True,True,True,True,True,1,1
15.13726821292103,True,True,True,True,True,True,3,1
10.914633239021104,True,True,True,True,True,True,9,2
19.063067453642798,True,True,True,True,True,True,5,4
3.6873040340961656,True,True,True,True,True,True,14,2
9.066802064755493,True,True,True,True,True,True,3,2
1.5310742818718963,True,True,True,True,True,True,1,2
2.1064097779781865,True,True,True,True,True,True,1,1
46.02591651882144,True,True,True,True,True,True,4,3
0.17708107294324868,True,True,True,True,True,True,0,1
0.23607569925582272,True,True,True,True,True,True,2,1
1.002770832893395,True,True,True,True,True,True,1,1
14.668731016367445,True,True,True,True,True,True,5,1
28.24962586970141,True,True,True,True,True,True,5,1
7.361405199905309,True,True,True,True,True,True,3,1
0.31285277420403973,True,True,True,True,True,True,4,1
3.73228141174256,True,True,True,True,True,True,0,1
15.074830064836984,True,True,True,True,True,True,15,3
4.585376599219352,True,True,True,True,True,True,3,1
0.19075516578944737,True,True,True,True,True,True,14,3
0.2337655867338775,True,True,True,True,True,True,2,1
32.740434365230506,False,False,True,True,True,True,0,1
23.880158159899448,True,True,True,True,True,True,7,1
18.239736133486375,False,False,True,True,True,True,6,6
0.02396751960063192,True,True,True,True,True,True,0,1
49.8444421620511,False,False,True,True,True,True,2,1
1.972497633141387,True,True,True,True,True,True,15,1
2.7924080039604906,True,True,True,True,True,True,2,1
29.141321605543705,False,False,True,True,True,True,0,1
3.2960459699649665,True,True,True,True,True,True,5,1
0.04950378054424895,True,True,True,True,True,True,1,1
14.53645885715068,True,True,True,True,True,True,0,1
0.4350119864331498,True,True,True,True,True,True,7,3
0.01872096548397424,True,True,True,True,True,True,5,3
3.8166090227212024,True,True,True,True,True,True,6,2
8.954732431610951,True,True,True,True,True,True,7,4
6.431970821420726,True,True,True,True,True,True,12,5
9.313560726840423,True,True,True,True,True,True,0,1
13.65579350941145,True,True,True,True,True,True,2,1
8.211614048384966,True,True,True,True,True,True,2,2
1.3708130748598932,True,True,True,True,True,True,2,1
0.37841070977562735,True,True,True,True,True,True,3,1
2.9583840085765454,True,True,True,True,True,True,15,8
13.045385501278062,True,True,True,True,True,True,4,1
36.76918792223619,True,True,True,True,True,True,1,1
0.9192634382253049,True,True,True,True,True,True,15,2
49.548165531123296,False,False,True,True,True,True,1,1
0.9080227584356753,True,True,True,True,True,True,4,1
0.619907787175855,True,True,True,True,True,True,4,4
4.269708854823929,True,True,True,True,True,True,0,1
0.03729455070289733,True,True,True,True,True,True,12,4
29.622576971924946,False,False,True,True,True,True,0,1
2.416144988516163,True,True,True,True,True,True,2,1
3.5241818700082383,True,True,True,True,True,True,0,1
0.16298788179621695,True,True,True,True,True,True,5,4
6.231858735299297,True,True,True,True,True,True,9,8
48.74901695258606,False,False,True,True,True,True,1,2
3.728434238211281,True,True,True,True,True,True,1,1
2.3543046603765374,True,True,True,True,True,True,8,5
10.137011104227227,True,True,True,True,True,True,1,1
5.033926704566398,False,True,True,True,True,True,3,1
7.6085419376764065,True,True,True,True,True,True,10,1
4.849734040820255,True,True,True,True,True,True,0,1
0.9361168906160781,True,True,True,True,True,True,7,3
1.6980480817321233,True,True,True,True,True,True,1,1
0.1794728914374531,True,True,True,True,True,True,1,1
9.391198959882065,True,True,True,True,True,True,1,1
11.18431981801535,True,True,True,True,True,True,4,1
4.381573875627216,True,True,True,True,True,True,5,1
16.394251127980663,True,True,True,True,True,True,0,1
0.8935158971629015,True,True,True,True,True,True,2,1
0.6207597765289663,True,True,True,True,True,True,16,9
0.6258146616157169,True,True,True,True,True,True,0,1
3.125527447487807,True,True,True,True,True,True,2,1
22.91514003511216,True,True,True,True,True,True,0,1
0.5230857190161623,True,True,True,True,True,True,7,1
2.2594649585913222,True,True,True,True,True,True,4,1
0.08883538296232132,True,True,True,True,True,True,14,3
0.17496412004647677,True,True,True,True,True,True,1,1
0.1459939634862711,True,True,True,True,True,True,3,1
2.001348844778592,False,True,True,True,True,True,0,1
7.917422285683626,False,True,True,True,True,True,3,1
0.06965472559691602,True,True,True,True,True,True,16,3
0.9850481072991427,True,True,True,True,False,False,6,6
2.9850243817400517,True,True,True,True,True,True,4,1
0.3506293272915037,True,True,True,True,True,True,0,1
7.6483030052517105,True,True,True,True,True,True,0,1
3.0180726339336212,True,True,True,True,True,True,0,1
0.37139490493185645,True,True,True,True,True,True,5,1
0.5682972539297764,True,True,True,True,True,True,4,1
3.2292343079219163,True,True,True,True,True,True,4,1
0.9383512956179338,True,True,True,True,True,True,5,3
7.395136379053518,True,True,True,True,True,True,2,1
0.22937733769259538,True,True,True,True,True,True,0,1
1.5395705730182652,True,True,True,True,True,True,0,1
6.3303945259529675,True,True,True,True,True,True,2,2
2.0470656230231676,True,True,True,True,True,True,1,1
4.6257898672933,False,True,True,True,True,True,5,1
16.9413176132663,False,False,True,True,True,True,1,1
10.655053366397517,True,True,True,True,True,True,4,1
0.30311913356676107,True,True,True,True,True,True,3,1
2.6820197275309474,True,True,True,True,True,True,4,3
20.639834826028494,True,True,True,True,True,True,6,2
25.82912972573227,True,True,True,True,True,True,0,1
4.647857138557315,True,True,True,True,True,True,1,1
0.7525051866848911,True,True,True,True,True,True,1,2
1.516988391383093,True,True,True,True,True,True,2,1
2.3924888596681346,True,True,True,True,True,True,4,1
1.0597177721673143,True,True,True,True,True,True,8,2
0.3562841991187551,True,True,True,True,True,True,1,1
0.5694169749660466,True,True,True,True,True,True,3,2
7.356843362667521,True,True,True,True,True,True,6,1
6.908887099440934,True,True,True,True,True,True,2,1
0.546729437079177,True,True,True,False,True,False,1,3
0.23282442427579483,True,True,True,True,True,True,5,3
0.8211120279285212,True,True,True,True,True,True,1,1
16.096707383164055,True,True,True,True,True,True,9,1
1.3459362417030047,True,True,True,True,True,True,2,1
0.2761551429648642,True,True,True,True,True,True,6,1
7.189772660797024,True,True,True,True,True,True,2,1
17.21384159904769,True,True,True,True,True,True,3,3
0.1463021932916285,True,True,True,True,True,True,5,3
2.1336621322264184,True,True,True,True,True,True,1,1
14.262806236475711,True,True,True,True,True,True,2,2
0.26371846926485815,True,True,True,True,True,True,0,1
0.16091302958628206,True,True,True,True,True,True,6,2
1.6563550892293712,True,True,True,True,True,True,2,2
2.551498400603242,True,True,True,True,True,True,2,1
3.7288137881826664,True,True,True,True,True,True,0,1
18.57824812192466,True,True,True,True,True,True,0,1
0.8795243919750988,True,True,True,True,True,True,0,1
2.040744332572554,True,True,True,True,True,True,0,1
0.07858892109412573,True,True,True,True,True,True,6,1
10.995733829148175,True,True,True,True,True,True,6,4
2.4488983663120996,True,True,True,True,True,True,2,1
16.192699151082437,True,True,True,True,True,True,12,1
0.03626653386196237,True,True,True,True,True,True,3,1
0.34555618141296657,True,True,True,True,False,False,0,2
2.851149847275379,True,True,True,True,True,True,13,2
2.5061023118338976,True,True,True,True,True,True,1,1
12.988978775774694,True,True,True,True,True,True,0,1
0.4040427797929384,True,True,True,True,True,True,12,1
6.472978018447086,True,True,True,True,True,True,0,1
6.640655560460628,True,True,True,True,True,True,1,1
53.908634705289174,True,True,True,True,True,True,1,1
5.602514022202177,True,True,True,True,True,True,0,1
0.39692810020470487,True,True,True,True,True,True,3,2
6.215733691063108,True,True,True,True,True,True,4,1
1.3942659438902836,True,True,True,True,True,True,1,1
1.770464215360218,True,True,True,True,True,True,14,4
1.17245326866935,True,True,True,True,False,False,12,15
11.736958086503837,False,True,True,True,True,True,1,1
1.4183950612916931,True,True,True,True,True,True,2,3
0.728213322521018,True,True,True,True,True,True,4,1
1.7528089503765076,True,True,True,True,True,True,3,3
1.4932373747424572,True,True,True,True,True,True,6,5
63.819665294998615,True,True,True,True,True,True,15,4
0.2461041824587264,True,True,True,True,True,True,4,2
0.6191005620044021,True,True,True,True,True,True,4,1
5.125145423855073,True,True,True,True,True,True,4,3
0.0031411568710397013,True,True,True,True,True,True,12,1
0.20429516523984434,True,True,True,True,True,True,3,1
0.5497542821368433,True,True,True,True,True,True,13,1
0.23736584077163128,True,True,True,True,True,True,12,7
0.5426373090599158,True,True,True,True,True,True,17,11
0.646663792359583,True,True,True,True,True,True,8,3
0.5826323312621736,True,True,True,True,True,True,3,3
6.741253231033122,True,True,True,True,True,True,3,1
0.635406647811215,False,True,True,True,True,True,3,1
1.3517247064871312,True,True,True,True,True,True,1,1
0.0019453065436221433,True,True,True,True,True,True,2,1
0.7424847287113715,True,True,True,True,True,True,1,2
0.08113506206114686,True,True,True,True,True,True,5,3
0.007973685308977152,True,True,True,True,True,True,3,1
0.05385600094938455,True,True,True,True,True,True,0,1
22.897322665719344,False,False,True,True,True,True,2,1
1.3044330435579317,True,True,True,True,True,True,1,1
2.204453742328469,True,True,True,True,True,True,6,1
3.885452474705693,True,True,True,True,True,True,0,1
2.8908523256336016,True,True,True,True,True,True,1,1
0.01629214405830313,True,True,True,True,True,True,0,1
11.60559273470655,True,True,True,True,True,True,7,1
0.8722840822858655,True,True,True,True,True,True,4,1
0.4570637907953121,True,True,True,True,True,True,10,1
0.07928853832852478,True,True,True,True,True,True,0,1
12.370214457060781,True,True,True,True,True,True,6,2
5.175171601723009,True,True,True,True,True,True,8,3
1.3854148510831343,True,True,True,True,True,True,2,1
0.22860102969321558,True,True,True,True,True,True,0,1
1.9071547338242612,True,True,True,True,True,True,2,1
3.1351695883857995,True,True,True,True,True,True,0,1
8.106449251825385,True,True,True,True,True,True,3,2
11.752974559153568,True,True,True,True,True,True,0,1
6.0669969729382744,True,True,True,True,True,True,1,1
5.442971814471211,True,True,True,True,True,True,5,3
0.057232096515114794,True,True,True,True,True,True,16,1
1.531580337109272,True,True,True,True,True,True,1,1
1.1572311231701953,True,True,True,True,True,True,0,1
0.9244680441421207,True,True,True,True,True,True,2,1
9.103340074687768,True,True,True,True,True,True,9,3
0.01818259197269338,True,True,True,True,True,True,6,1
3.96897150484147,True,True,True,True,True,True,3,2
9.897913056313502,True,True,True,True,True,True,3,1
0.8318847557757617,True,True,True,True,True,True,7,2
0.057633481325285285,True,True,True,True,True,True,8,1
4.985697479446983,True,True,True,True,True,True,3,1
1.3694193085148183,True,True,True,True,True,True,0,1
2.7940003177155455,True,True,True,True,True,True,8,6
2.001860148682806,True,True,True,True,True,True,5,1
1.5104812936801932,True,True,True,True,True,True,3,3
8.36630424184911,True,True,True,True,True,True,4,3
3.8386580303476,True,True,True,True,True,True,2,1
5.658367093206787,True,True,True,True,True,True,13,1
0.09405498917661397,True,True,True,True,True,True,1,1
0.06820397273948445,True,True,True,True,True,True,15,3
5.011286092851285,True,True,True,True,True,True,12,1
0.7710872594359506,True,True,True,True,True,True,0,1
2.985900750662182,False,True,True,True,True,True,0,1
0.6589580416008096,True,True,True,True,True,True,1,1
3.3119253390244667,True,True,True,True,True,True,2,1
0.14127497264982014,True,True,True,True,True,True,0,1
2.0629660573277504,True,True,True,True,True,True,5,2
2.72649916135266,True,True,True,True,True,True,0,1
1.0849158754765642,True,True,True,True,True,True,0,1
47.59470407755413,True,True,True,True,True,True,7,1
5.071356607075006,True,True,True,True,True,True,1,1
3.222114746519905,True,True,True,True,True,True,1,1
5.5246525569431215,True,True,True,False,True,False,5,7
10.781461883621805,True,True,True,True,True,True,3,1
1.0565381107122525,True,True,True,True,True,True,2,1
38.4788607079508,True,False,True,True,True,True,6,1
0.46536600691370983,True,True,True,True,True,True,5,2
2.3921724755022638,True,True,True,True,True,True,0,1
4.7038961021840695,True,True,True,True,True,True,6,5
2.676729723233002,True,True,True,True,True,True,0,1
0.6384679661480075,True,True,True,True,True,True,1,1
0.22496971973903182,True,True,True,True,True,True,4,1
0.24055219928590865,True,True,True,True,True,True,0,1
4.358191394750374,True,True,True,True,True,True,1,1
1.1843294100250792,True,True,True,True,True,True,7,6
0.0791208799796883,True,True,True,True,True,True,4,2
0.04796112627873537,True,True,True,True,True,True,3,1
6.914473518754293,True,True,True,True,True,True,3,4
5.348529264420825,True,True,True,False,True,False,1,2
0.05483883263297437,True,True,True,True,True,True,4,4
1.4679613110524787,True,True,True,True,True,True,0,1
2.5984851478902224,True,True,True,True,True,True,8,1
2.963450311790517,True,True,True,True,True,True,2,1
1.1010036768426652,True,True,True,True,True,True,2,1
0.15566453211249945,True,True,True,True,True,True,0,1
4.155504605111491,True,True,True,True,True,True,1,1
1.948728881082189,True,True,True,True,True,True,3,2
0.20645799899136125,True,True,True,True,True,True,0,1
1.201512108717382,True,True,True,True,True,True,3,2
3.7753848702970014,True,True,True,True,True,True,3,1
0.036871795550012104,True,True,True,True,True,True,3,1
0.03151555473117044,True,True,True,True,True,True,1,1
13.674196241590698,True,True,True,True,True,True,3,1
0.9366597209147415,True,True,True,True,True,True,1,1
0.01417643405145269,True,True,True,True,True,True,5,1
0.22759332059211843,True,True,True,True,True,True,2,1
7.359147108399143,True,True,True,True,False,False,4,3
0.35126275373193905,True,True,True,True,True,True,0,1
2.656513875240655,True,True,True,True,True,True,8,2
0.775106369076252,True,True,True,True,True,True,2,2
3.2404660044088054,True,True,True,True,True,True,6,4
20.357615594878656,True,True,True,True,True,True,2,3
8.594411275550378,True,True,True,True,True,True,7,1
0.09080587175500236,True,True,True,True,True,True,7,1
0.5048899893240472,True,True,True,True,True,True,0,1
4.587435835152382,False,True,True,True,True,True,0,1
2.03833011082119,True,True,True,True,True,True,0,1
2.1275691580147744,True,True,True,True,True,True,4,1
0.18730640056568637,True,True,True,True,True,True,0,1
0.7165996520319917,True,True,True,True,True,True,14,1
0.21621511099909602,True,True,True,True,True,True,1,1
54.13357424344998,True,True,True,True,True,True,2,1
7.439832434249342,True,True,True,True,True,True,4,2
1.4237544132188038,True,True,True,True,True,True,7,3
0.39100955266813936,True,True,True,True,True,True,5,1
4.001427370606334,True,True,True,True,True,True,2,1
5.555233138482628,True,True,True,True,True,True,0,1
4.20720469590148,True,True,True,True,True,True,0,1
0.407630955996969,True,True,True,True,True,True,3,2
0.054102836019966766,True,True,True,True,True,True,4,1
3.14189415198518,True,True,True,True,True,True,5,2
0.01573853701361744,True,True,True,True,True,True,2,1
16.845456166423986,True,True,True,False,True,False,1,1
0.01143429410838065,True,True,True,True,True,True,6,1
3.8166873197166913,True,True,True,True,True,True,3,1
0.004477088875075844,True,True,True,True,True,True,1,1
0.948130132167417,True,True,True,True,True,True,0,1
0.30805737551232915,True,True,True,True,True,True,0,1
5.458604592100786,True,True,True,True,True,True,8,1
5.05434895915857,True,True,True,True,True,True,1,1
1.6775912298755826,True,True,True,True,True,True,1,1
15.044678886343682,True,True,True,False,True,False,4,6
0.26906932437156533,True,True,True,True,True,True,2,2
0.21911135287278233,True,True,True,True,True,True,0,1
0.9517358305086572,True,True,True,True,True,True,5,1
10.785194762989859,True,True,True,True,True,True,4,2
2.3400391204252364,True,True,True,True,True,True,6,2
4.62694668567244,True,True,True,True,True,True,8,2
1.4073717497441396,True,True,True,True,True,True,13,4
1.75711433225448,True,True,True,True,True,True,9,6
11.226316849458218,True,True,True,True,True,True,1,1
26.45703374897153,True,True,True,True,True,True,0,1
8.813415093885864,True,True,True,True,True,True,2,3
16.12935503416018,True,True,True,True,True,True,6,1
0.003934236535623112,True,True,True,True,True,True,0,1
0.6163862556269568,True,True,True,True,True,True,3,1
27.15075809156216,True,True,True,True,True,True,6,1
4.744899937599373,True,True,True,True,True,True,0,1
1.1453604527056709,True,True,True,True,True,True,6,2
0.36553482943738197,True,True,True,True,True,True,18,1
0.015195911411889572,True,True,True,True,True,True,4,2
3.941380661492346,True,True,True,True,True,True,4,1
11.112743110686251,True,True,True,True,True,True,1,1
16.733057729552105,True,True,True,True,True,True,5,1
0.05897272431801577,True,True,True,True,True,True,1,1
0.25293367353739393,True,True,True,False,True,False,2,3
7.1857845784407015,True,True,True,True,True,True,3,2
2.605546609136747,True,True,True,True,True,True,16,3
6.473162012676349,False,True,True,True,True,True,3,3
0.423456669853666,True,True,True,True,True,True,3,1
7.836357683684772,False,True,True,True,True,True,2,2
12.028110189265897,True,True,True,True,True,True,1,1
2.7945175195289473,True,True,True,True,True,True,5,1
0.35056403515252915,True,True,True,True,True,True,0,1
0.03230472450778126,True,True,True,True,True,True,1,2
2.057086109525037,True,True,True,True,True,True,5,2
1.6673321346312784,True,True,True,True,True,True,1,1
8.491258791589994,True,True,True,True,True,True,2,1
6.403959081288195,True,True,True,True,True,True,0,1
0.20466879549535083,True,True,True,True,True,True,6,5
4.314300204927204,True,True,True,True,True,True,8,1
5.4489683558185735,True,True,True,True,True,True,1,1
0.02710479592627001,True,True,True,True,True,True,7,1
1.601955385960712,True,True,True,True,True,True,8,1
21.17231009810112,True,True,True,True,True,True,3,1
0.3440085221881097,True,True,True,True,True,True,8,1
0.42575267952670476,True,True,True,True,True,True,0,1
0.9248434711504908,True,True,True,True,True,True,2,1
0.9115268606530211,True,True,True,True,True,True,4,1
0.10523522192126898,True,True,True,True,True,True,0,1
0.5965170506227065,True,True,True,True,True,True,16,4
6.1480393414726375,True,True,True,True,True,True,4,2
0.169544561716033,True,True,True,True,True,True,4,1
1.2972638303138861,True,True,True,True,True,True,3,1
8.950843942099402,True,True,True,True,True,True,8,1
3.13241048028979,True,True,True,True,True,True,1,1
0.36892861118730613,True,True,True,True,True,True,0,1
5.5559634898128625,True,True,True,True,True,True,1,1
1.8232992631734184,True,True,True,True,True,True,3,3
6.085523019380292,True,True,True,True,True,True,4,1
6.6358672598929225,True,True,True,True,True,True,4,1
0.48166775517920796,True,True,True,True,True,True,4,1
1.082058783528745,True,True,True,True,True,True,0,1
6.555243816297894,True,True,True,True,True,True,2,1
0.08940634280654786,True,True,True,True,True,True,3,2
1.701255049180916,True,True,True,True,False,False,0,1
19.871321420805284,True,True,True,True,True,True,1,1
64.80621664057149,False,False,True,True,True,True,18,5
0.11536079936770266,True,True,True,True,True,True,2,1
3.484504880883377,True,True,True,True,True,True,3,3
2.135357564377406,True,True,True,True,True,True,4,1
9.961893235395294,True,True,True,True,True,True,0,1
11.519891167577933,True,True,True,True,True,True,0,1
0.02332089287450306,True,True,True,True,True,True,0,1
0.015305231352576193,True,True,True,True,True,True,4,1
0.03748497797438054,True,True,True,True,True,True,5,2
0.060182831119257936,True,True,True,True,True,True,3,1
1.2539401696494359,True,True,True,True,True,True,3,2
0.012322240638050925,True,True,True,True,True,True,8,7
0.4649477747428794,True,True,True,True,True,True,3,1
44.881319590925,True,True,True,True,True,True,2,1
39.82930450560408,True,True,True,True,True,True,6,1
0.6702080506401451,True,True,True,True,True,True,4,2
0.6459193714212018,True,True,True,True,True,True,5,3
3.5346805944821162,True,True,True,True,True,True,1,1
0.08059923410559752,True,True,True,True,True,True,1,1
2.072976964269444,True,True,True,True,True,True,0,1
0.24770204372298996,True,True,True,True,True,True,2,1
10.346870186577497,True,True,True,True,False,False,3,3
5.065581813361133,True,True,True,True,True,True,0,1
16.685173505548434,True,True,True,True,True,True,1,1
2.672986043708755,True,True,True,True,True,True,3,1
3.6417624102170842,True,True,True,True,True,True,2,1
2.591111702062651,True,True,True,True,True,True,1,1
3.312322332655292,True,True,True,True,True,True,3,2
26.550701197385816,True,True,True,True,True,True,0,1
0.03139901753310812,True,True,True,True,True,True,17,13
6.872219459781673,True,True,True,True,True,True,2,1
0.059395739191515196,True,True,True,True,True,True,1,1
5.818269207880091,True,True,True,True,True,True,1,2
0.5299801875039827,True,True,True,True,True,True,5,3
2.6956022884233333,True,True,True,True,True,True,0,1
0.2986004480108973,True,True,True,True,True,True,10,2
0.28127993077787905,True,True,True,True,True,True,4,1
2.0052211711912804,True,True,True,True,True,True,0,1
1.4349587869414437,True,True,True,True,True,True,1,2
0.5167879116490369,True,True,True,True,True,True,0,1
0.020662656713654203,True,True,True,True,True,True,10,2
42.765876580650755,True,False,True,True,True,True,0,1
21.53676636726786,True,True,True,True,True,True,2,2
1.9917974212013787,True,True,True,True,True,True,5,1
4.864461490729753,True,True,True,True,True,True,5,1
6.943852872522984,True,True,True,True,True,True,1,2
1.710591017500538,True,True,True,True,True,True,11,2
0.7610738187061895,True,True,True,True,True,True,6,1
0.3435894364482174,True,True,True,True,True,True,1,2
2.8597523325372025,True,True,True,True,True,True,2,1
5.28046165822558,True,True,True,True,True,True,3,1
3.4437249243735026,True,True,True,True,True,True,12,6
2.6997441107276074,True,True,True,True,True,True,4,1
0.01944877273397262,True,True,True,True,True,True,5,2
0.06745130675568996,True,True,True,True,True,True,10,2
18.358844955248394,True,True,True,True,True,True,8,1
8.007609422999037,True,True,True,True,True,True,9,3
12.198969166199564,True,True,True,True,True,True,4,1
0.3612506901625655,True,True,True,True,True,True,4,3
79.71246545139981,True,True,True,True,True,True,0,1
0.04413343456360203,True,True,True,True,True,True,0,1
0.5046417352398543,False,True,True,True,True,True,4,1
0.26011967635715616,True,True,True,True,True,True,6,2
2.958871929534731,True,True,True,True,True,True,5,3
0.4343814853238665,True,True,True,True,True,True,4,1
11.421828694032806,True,True,True,True,True,True,3,1
0.4559600182422835,True,True,True,True,True,True,3,1
0.25819923423833674,True,True,True,True,True,True,6,1
4.387465900479972,True,True,True,True,True,True,4,2
1.1998791157817532,True,True,True,True,True,True,6,3
3.9129638864190692,True,True,True,True,True,True,2,1
8.527947290690728,True,True,True,True,True,True,0,1
0.5277154996124126,True,True,True,True,True,True,9,3
0.1207342781265084,True,True,True,True,True,True,11,5
13.378651859785643,True,True,True,True,True,True,5,1
4.603459190301993,True,True,True,True,True,True,3,1
4.387922581262315,True,True,True,True,True,True,7,1
0.10734089574160678,True,True,True,True,True,True,3,2
3.4396663840402,True,True,True,True,True,True,10,3
0.5360057892832772,True,True,True,True,False,False,5,3
0.15777195428281438,True,True,True,True,True,True,5,2
1.2721503182794383,True,True,True,True,True,True,0,1
1.0280999883867799,True,True,True,True,True,True,2,1
2.884059598389279,True,True,True,True,True,True,1,1
1.1679010650679196,True,True,True,True,True,True,5,3
0.3149048925067115,True,True,True,True,True,True,0,1
1.664416579667664,True,True,True,True,True,True,2,1
7.311744137370213,True,True,True,True,True,True,1,1
16.301943385149894,False,False,True,True,True,True,0,1
0.12027236304394166,True,True,True,True,True,True,1,1
1.4133004839178394,True,True,True,True,True,True,4,1
2.947876755090536,True,True,True,False,True,False,1,2
2.5912136926270732,True,True,True,False,True,False,5,6
13.652300264337761,True,True,True,True,True,True,4,1
1.4212855603877135,True,True,True,True,True,True,5,4
8.946801671541722,True,True,True,True,True,True,4,1
0.5814886811255651,False,True,True,True,True,True,5,5
0.8372159735367106,True,True,True,True,True,True,5,1
41.43643130780761,True,True,True,True,True,True,3,3
3.510987152414171,True,True,True,True,True,True,1,1
0.003738411841300872,True,True,True,True,True,True,1,1
2.5694195739112673,True,True,True,True,True,True,1,1
0.2760078980327955,True,True,True,True,True,True,4,1
11.588175180132806,True,True,True,True,True,True,5,1
2.969818338432077,True,True,True,True,True,True,8,1
23.32131042386519,True,True,True,True,True,True,3,1
1.8991893186528297,False,True,True,True,True,True,6,2
31.213960600793918,True,True,True,True,True,True,0,1
0.13660655526420934,True,True,True,True,True,True,3,1
5.222530258823611,True,True,True,True,True,True,5,6
0.523541927637374,True,True,True,True,True,True,9,9
1.385013671992648,True,True,True,True,True,True,7,3
1.5921977633409372,True,True,True,True,True,True,3,3
9.144743130084388,True,True,True,True,True,True,1,1
0.7059415226221161,True,True,True,True,True,True,3,1
0.7045628872499936,True,True,True,True,True,True,7,2
1.7998686888813993,True,True,True,True,True,True,3,2
3.1799559857961017,True,True,True,True,True,True,1,1
2.2011956364484813,True,True,True,True,True,True,0,1
0.6517316852158355,True,True,True,True,True,True,5,1
0.17563633495464034,True,True,True,True,True,True,7,1
0.9999124079215257,True,True,True,True,True,True,2,2
12.778689374249316,True,True,True,True,True,True,4,1
3.7076734832385907,True,True,True,True,True,True,2,1
23.510257364129828,False,False,True,True,True,True,9,1
9.245020722229148,True,True,True,True,True,True,5,1
5.646516174496048,True,True,True,True,True,True,5,1
3.3038761153039236,True,True,True,True,True,True,2,1
2.2269653186213385,False,True,True,True,True,True,1,1
2.3857483646139737,True,True,True,True,True,True,3,1
3.229538528340722,True,True,True,True,True,True,4,1
1.4584574255151277,True,True,True,True,True,True,0,1
5.646516174496048,True,True,True,True,True,True,2,1
4.800647689678352,True,True,True,True,True,True,1,1
0.06368279874755457,True,True,True,True,True,True,1,1
2.907241661860669,True,True,True,True,True,True,1,1
59.960918755098255,True,True,True,True,True,True,0,1
0.2690025311626324,True,True,True,True,True,True,3,3
0.49916204037096207,True,True,True,False,True,False,4,5
20.021119644862004,True,True,True,True,True,True,4,2
0.6994601822209159,True,True,True,True,True,True,4,1
91.98078094503124,True,True,True,True,True,True,4,1
0.024348413171963144,True,True,True,True,True,True,0,1
5.356676168575708,True,True,True,True,False,False,2,5
1.7837257778164406,True,True,True,True,True,True,5,1
7.422532204487772,True,True,True,True,True,True,1,1
0.36645158215381435,True,True,True,True,True,True,2,1
1.1177723371453185,True,True,True,True,True,True,3,2
0.06423608969787228,True,True,True,True,True,True,2,2
6.224279804109545,True,True,True,True,True,True,3,1
0.8819959109211841,True,True,True,True,True,True,0,1
13.800633827089856,True,True,True,True,False,False,10,11
0.5852554008706748,True,True,True,True,True,True,5,1
0.9321716081543953,True,True,True,True,True,True,1,1
4.083832437784224,True,True,True,True,True,True,4,1
5.21403892620804,True,True,True,True,True,True,2,3
16.274870327298213,False,True,True,True,True,True,10,6
0.4596938646976866,True,True,True,True,True,True,2,1
1.2824563263807311,True,True,True,True,True,True,3,2
1.071185055785993,True,True,True,True,True,True,0,1
4.571322796919733,True,True,True,True,True,True,5,1
1.098243364964361,True,True,True,True,True,True,0,1
4.120877881816362,True,True,True,True,True,True,5,1
6.306751099742998,True,True,True,True,True,True,6,1
0.6460967433327455,True,True,True,True,True,True,1,1
1.5529732211407452,True,True,True,True,True,True,2,1
0.3786205029919066,True,True,True,True,True,True,2,1
0.38944992014267227,True,True,True,True,True,True,2,2
3.590339793916343,True,True,True,True,True,True,2,3
2.2624488582977382,True,True,True,True,True,True,0,1
1.6639710618699812,True,True,True,True,True,True,12,3
0.29112508038759244,True,True,True,True,True,True,17,8
37.190628522507865,True,True,True,True,True,True,9,6
1.5264515984211788,True,True,True,True,True,True,4,2
0.1338285880310171,True,True,True,True,True,True,1,1
12.192747407244555,True,True,True,True,True,True,0,1
31.113498048233552,True,True,True,True,True,True,3,1
1.8532954424246657,True,True,True,True,True,True,2,1
0.6945326627008284,True,True,True,True,True,True,0,1
4.561003747558506,True,True,True,True,True,True,2,1
1.6700318369430964,True,True,True,True,True,True,6,3
11.096617925205948,True,True,True,True,True,True,4,1
5.192654918153195,True,True,True,True,True,True,1,1
8.1670666740347,True,True,True,True,True,True,2,1
0.34488620118269075,True,True,True,True,True,True,2,1
0.37131165401334254,True,True,True,True,True,True,3,2
5.338983947154624,False,True,True,True,True,True,6,1
5.759320444161612,True,True,True,True,True,True,4,2
0.31823468287592704,True,True,True,True,True,True,0,1
8.522029922056731,False,False,True,True,True,True,0,1
1.846197687068756,True,True,True,True,True,True,0,1
6.140470945087268,True,True,True,True,True,True,3,1
1.5102067479655787,True,True,True,True,True,True,4,1
0.7892415451346751,True,True,True,True,True,True,5,1
1.4116172258791453,True,True,True,True,True,True,1,1
0.14079698517940017,True,True,True,True,True,True,6,4
4.54625616159126,True,True,True,True,True,True,0,1
3.4397227363149203,True,True,True,True,True,True,6,1
1.2197653421148908,True,True,True,True,True,True,4,1
14.82211171189549,True,True,True,True,True,True,4,1
0.6023905835599778,True,True,True,True,True,True,4,1
4.498259711534277,True,True,True,True,True,True,2,2
1.0984828182984325,True,True,True,True,True,True,5,1
12.632159552099749,True,True,True,True,True,True,6,1
2.0859236568437307,True,True,True,True,True,True,5,1
1.8317334175182614,True,True,True,True,True,True,4,1
3.5503961659368346,True,True,True,True,True,True,0,1
7.407103934821246,True,True,True,True,True,True,3,2
3.2862397335254396,True,True,True,True,True,True,10,1
23.091615881689794,True,True,True,True,True,True,4,1
3.1200840464126114,True,True,True,True,True,True,0,1
0.029987336145228694,True,True,True,True,True,True,4,4
27.037883090009295,True,True,True,False,True,False,6,6
18.5790314221359,True,True,True,True,True,True,1,1
0.91945572284264,True,True,True,True,True,True,6,2
13.74433701721482,True,True,True,True,True,True,6,1
0.0007809631334669596,True,True,True,True,True,True,9,6
4.384836153024993,True,True,True,True,True,True,1,2
2.8067049727418825,True,True,True,True,True,True,1,1
0.27058815722430224,True,True,True,True,True,True,2,1
11.48713143395772,True,True,True,True,True,True,0,1
2.406397414401633,True,True,True,True,True,True,11,2
1.6693735550208277,True,True,True,True,True,True,0,1
28.822892738021235,True,True,True,True,True,True,5,1
26.045928955222568,True,True,True,True,True,True,9,1
1.1040981255414115,True,True,True,True,True,True,0,1
1.1310930280101013,True,True,True,True,True,True,3,1
0.20394460522519092,True,True,True,True,True,True,5,1
1.071874583815487,True,True,True,True,True,True,2,1
0.14989382068974183,True,True,True,True,True,True,0,1
12.05155535148247,True,True,True,True,True,True,6,2
0.26886480376566696,True,True,True,True,True,True,0,1
2.7106021083590566,True,True,True,True,True,True,0,1
2.8528148638017585,False,True,True,True,True,True,0,1
0.3060689067655162,True,True,True,True,True,True,4,1
0.812586457525254,True,True,True,True,True,True,7,6
0.07871968817241944,True,True,True,True,True,True,12,3
23.743632176015872,True,True,True,True,True,True,3,1
1.2381788929678474,True,True,True,True,True,True,1,1
0.8110833973403165,True,True,True,True,True,True,7,6
5.601153884095773,True,True,True,True,True,True,3,3
2.3363402526906127,True,True,True,True,True,True,5,2
0.08552497188314334,True,True,True,True,True,True,14,8
17.292639779603828,True,True,True,True,True,True,4,1
0.6999918820187147,True,True,True,True,True,True,0,1
0.25785081031548146,True,True,True,True,True,True,1,1
0.06385571731531298,True,True,True,True,True,True,6,1
0.07286710237761418,True,True,True,True,True,True,1,1
0.1718766220399994,True,True,True,True,True,True,0,1
2.6938245697454013,True,True,True,True,True,True,13,4
2.8260697000910353,True,True,True,True,True,True,6,4
3.7219704413758765,True,True,True,True,True,True,17,5
0.25292438610517565,True,True,True,True,True,True,5,2
0.6841412142513517,True,True,True,True,True,True,2,2
9.180380710162071,True,True,True,True,False,False,0,1
0.027640271276473886,True,True,True,True,True,True,2,1
7.445567335561072,True,True,True,True,True,True,2,3
19.854611973254002,True,True,True,True,True,True,3,2
0.08201981245318865,True,True,True,True,True,True,1,1
0.277064902872889,True,True,True,True,True,True,1,1
0.4550336847815488,True,True,True,True,True,True,4,2
6.279765571641563,True,True,True,True,True,True,1,1
10.75157147109379,True,True,True,True,True,True,7,2
9.19027099427983,True,True,True,True,True,True,8,1
4.429253041903161,True,True,True,True,True,True,0,1
0.4606028952577282,True,True,True,True,True,True,0,1
9.816131731532387,True,True,True,True,True,True,0,1
17.147754530232646,True,True,True,True,True,True,6,5
1.775055261268075,True,True,True,True,True,True,0,1
12.336564352108239,True,True,True,True,True,True,1,1
6.6506726311339195,True,True,True,True,True,True,5,1
0.2523293711855005,True,True,True,True,True,True,13,2
2.3443988195549488,True,True,True,True,True,True,2,1
0.5009846772289905,True,True,True,True,True,True,9,1
0.30672888106446655,True,True,True,True,True,True,2,1
21.99463201105072,True,True,True,True,True,True,3,1
0.04350099241353317,True,True,True,True,True,True,0,1
2.35621219825613,True,True,True,True,True,True,2,2
1.8217046642620338,True,True,True,True,True,True,4,2
4.793770160432372,False,True,True,True,True,True,0,1
6.091589937365655,True,True,True,True,True,True,0,1
0.0818097199639178,True,True,True,True,True,True,15,13
0.6941161537933217,True,True,True,True,True,True,2,2
1.1342167303931576,True,True,True,True,True,True,3,2
7.178864311312261,True,True,True,True,True,True,0,1
0.13295985915036226,True,True,True,True,True,True,6,5
0.627803811403463,True,True,True,True,True,True,2,2
0.5338897246722383,True,True,True,True,True,True,5,1
24.039652944819885,True,True,True,True,True,True,2,1
1.5025820492407622,True,True,True,True,True,True,8,5
0.9274265873640841,True,True,True,True,True,True,4,2
1.4116037939480925,True,True,True,True,True,True,0,1
13.87831831776652,True,True,True,True,True,True,8,1
0.03621606551673525,True,True,True,True,True,True,4,1
13.617424618522314,True,True,True,True,True,True,13,1
0.03148349307998253,True,True,True,True,True,True,0,1
1.5003636710547947,True,True,True,True,True,True,5,1
1.1660821673152753,True,True,True,True,True,True,1,2
8.656169985748708,True,True,True,True,True,True,4,2
0.1584855948311329,True,True,True,True,True,True,5,2
0.1627537211633048,True,True,True,True,True,True,2,1
1.9695825540541567,True,True,True,True,True,True,3,2
0.19639250331310648,True,True,True,True,True,True,11,1
5.357399871315533,True,True,True,True,True,True,3,1
0.450567245162153,True,True,True,True,True,True,1,1
0.47343845681985725,True,True,True,True,True,True,3,2
0.016793188486163887,True,True,True,True,True,True,15,1
12.983767614330295,True,True,True,True,True,True,3,1
3.9596951921213708,True,True,True,True,True,True,3,1
0.01617102490515048,True,True,True,True,True,True,2,1
30.79225102343728,False,False,True,True,True,True,0,1
0.07999189571617883,True,True,True,True,True,True,3,2
1.5162996157481863,True,True,True,True,True,True,6,1
17.877617393202296,False,False,True,True,True,True,1,2
0.905025877128974,True,True,True,True,True,True,0,1
1.5345190894650835,True,True,True,True,False,False,10,8
10.063905664804128,True,True,True,True,True,True,2,1
23.93321035381622,True,True,True,True,True,True,7,3
1.6450818809833827,True,True,True,True,True,True,1,1
2.55502158937016,True,True,True,True,True,True,3,1
9.542876597612677,True,True,True,True,True,True,0,1
14.475105219820735,True,True,True,True,True,True,7,3
0.03410762974815051,True,True,True,True,True,True,3,1
4.214549448480424,True,True,True,True,True,True,0,1
1.4877679310329543,True,True,True,True,True,True,2,1
0.607005025185994,True,True,True,True,True,True,0,1
11.289726279052863,False,False,True,True,True,True,4,2
4.7109349350170335,True,True,True,True,True,True,3,2
1.2360896081724346,True,True,True,True,True,True,0,1
19.5929558629288,False,False,True,True,True,True,4,1
0.22269273723359864,True,True,True,True,True,True,2,1
0.9631880306790707,True,True,True,True,True,True,2,1
0.7371118606931143,True,True,True,True,True,True,2,3
7.653871740034983,True,True,True,True,True,True,0,1
0.3402205573525601,True,True,True,True,True,True,0,1
0.12820625883789857,True,True,True,True,True,True,5,1
28.48594484073643,True,True,True,True,True,True,8,3
0.2544751433614239,True,True,True,True,True,True,4,4
24.945394571222486,True,True,True,True,True,True,3,1
18.213841640395998,True,True,True,True,True,True,8,5
0.22864267827377585,True,True,True,True,True,True,13,5
1.4441886223754792,True,True,True,True,True,True,2,2
0.8516320739988333,True,True,True,True,True,True,0,1
4.89498743394491,True,True,True,True,True,True,0,1
14.75575096303687,True,True,True,True,True,True,4,1
0.019285792596321145,True,True,True,True,True,True,8,6
0.5028640529386635,True,True,True,True,True,True,0,1
14.418584316036833,True,True,True,True,True,True,3,5
1.4085278318374828,True,True,True,True,True,True,2,2
27.500731000502366,True,True,True,True,True,True,7,3
20.72072393016948,True,True,True,True,True,True,5,1
1.8400239488368573,True,True,True,True,True,True,6,1
2.466788587077487,True,True,True,True,True,True,8,1
0.39731119452682345,True,True,True,True,True,True,3,1
10.576243915725788,True,True,True,True,True,True,2,2
0.6127403878690967,True,True,True,True,True,True,7,7
1.375655379602773,True,True,True,True,True,True,1,1
0.5074830078218703,True,True,True,True,True,True,14,12
1.8266287371891419,True,True,True,True,True,True,3,1
21.6082510552523,True,True,True,True,True,True,4,1
1.0161277827668147,True,True,True,True,True,True,0,1
0.2776718322503448,True,True,True,True,True,True,1,2
4.2103905668796795,True,True,True,True,True,True,1,2
6.895574825122673,True,True,True,True,True,True,0,1
0.010164882839654618,True,True,True,True,True,True,1,1
12.305313253868684,True,True,True,True,False,False,4,7
0.7994286135857414,True,True,True,True,True,True,0,1
1.5976590638977635,True,True,True,True,True,True,0,1
15.51392421056248,True,True,True,True,True,True,13,1
3.240146723047242,True,True,True,True,True,True,5,1
38.303709866275454,True,False,True,True,True,True,10,2
4.295445641291485,True,True,True,True,True,True,7,1
1.6045732217001738,True,True,True,True,True,True,0,1
2.341391305157516,True,True,True,True,True,True,0,1
5.633908556212742,True,True,True,True,True,True,13,1
4.591345874510743,True,True,True,True,True,True,13,5
0.17920372085384992,True,True,True,True,True,True,2,1
41.190854039477834,True,True,True,True,True,True,0,1
0.08380997568349548,True,True,True,True,True,True,2,1
0.0747864646758397,True,True,True,True,True,True,11,2
0.0687206191207979,True,True,True,True,True,True,15,2
4.250765843704705,True,True,True,True,True,True,0,1
1.2829372880988683,True,True,True,True,True,True,1,1
5.279669940546987,True,True,True,True,True,True,3,1
0.2839367763842881,True,True,True,True,True,True,6,4
28.429913914721077,True,True,True,True,True,True,14,4
17.78017830653808,True,True,True,True,True,True,1,1
0.21662436999716314,True,True,True,True,True,True,2,1
4.674032352173189,True,True,True,True,True,True,0,1
3.624377609278299,True,True,True,True,True,True,5,1
1.9624277366812055,True,True,True,True,True,True,1,1
3.06131606398183,True,True,True,True,True,True,4,3
0.7562019119613206,True,True,True,True,True,True,15,2
2.325621721480282,True,True,True,True,True,True,2,2
13.58103957548143,True,True,True,True,True,True,1,1
0.5257654866994786,True,True,True,True,True,True,0,1
6.99351979885607,True,True,True,True,True,True,6,2
3.316407786322482,True,True,True,True,True,True,3,4
1.7600437883640538,True,True,True,True,True,True,11,6
2.2230486782396905,True,True,True,True,True,True,2,1
0.16105956536270669,True,True,True,True,True,True,2,1
0.3889473146461651,True,True,True,True,True,True,3,1
8.837401892175784,True,True,True,True,True,True,1,1
9.072548399279457,True,True,True,False,True,False,5,9
25.2775670361176,True,True,True,True,True,True,5,2
2.602393184924758,True,True,True,True,True,True,12,3
0.006810361074268018,True,True,True,True,True,True,1,1
3.3535946114184636,True,True,True,True,True,True,4,2
9.539635121063736,True,True,True,True,True,True,2,1
0.08393538718960072,True,True,True,True,True,True,4,1
0.36900891768033445,True,True,True,True,True,True,5,3
0.2538040318039849,True,True,True,True,True,True,6,3
2.315170840571759,True,True,True,True,True,True,4,2
1.317686314563885,True,True,True,True,True,True,1,1
30.841611867445373,True,True,True,True,True,True,9,2
0.6222739229547822,True,True,True,True,True,True,2,2
0.11691167419879595,True,True,True,True,True,True,3,1
5.542553042823581,True,True,True,True,True,True,2,1
1.0136763722928945,True,True,True,True,True,True,2,1
4.757796598458158,True,True,True,True,True,True,0,1
0.0936658397312918,True,True,True,True,True,True,3,1
3.6070279533850016,True,True,True,True,True,True,1,1
4.240164298932374,True,True,True,True,True,True,5,1
4.855894546578458,True,True,True,True,True,True,2,1
0.8009490325859094,True,True,True,True,False,False,1,2
5.032643621968377,True,True,True,True,True,True,1,1
3.362522954342617,True,True,True,True,True,True,4,1
25.085917924369483,True,True,True,True,True,True,0,1
1.8640549596376732,True,True,True,True,True,True,4,3
72.70417672839442,True,True,True,True,True,True,2,1
0.3547142152655784,True,True,True,True,True,True,1,1
0.713823928225289,True,True,True,True,True,True,0,1
0.0015949605171737304,True,True,True,True,True,True,7,3
0.8481778225786101,True,True,True,True,True,True,9,2
1.2127107130587391,True,True,True,True,True,True,6,1
4.685463236903523,True,True,True,True,True,True,3,1
0.08934137982946415,True,True,True,True,True,True,1,1
0.2490295263030099,True,True,True,True,True,True,2,1
3.761179743918261,True,True,True,True,True,True,2,1
1.864018209301409,True,True,True,True,True,True,0,1
1.0229625886411708,True,True,True,True,True,True,7,1
0.0387990901897322,True,True,True,True,True,True,6,1
11.217039360096177,False,True,True,True,True,True,1,1
0.5270292107504881,True,True,True,True,False,False,0,1
3.0864016504484515,True,True,True,True,True,True,6,3
4.48870751478631,True,True,True,True,True,True,4,2
0.558076456783514,True,True,True,True,True,True,3,1
0.5805022626299243,True,True,True,True,True,True,1,1
1.1901404101248338,True,True,True,True,True,True,1,1
2.397310513087573,True,True,True,True,True,True,3,2
0.3138361052711811,True,True,True,True,True,True,1,2
6.280360922504368,True,True,True,True,True,True,10,1
0.7835313339932106,True,True,True,True,True,True,2,1
2.4713223203626153,True,True,True,True,True,True,12,5
25.172447889199436,True,True,True,True,True,True,3,1
9.957055045029616,True,True,True,True,True,True,9,1
2.2570069892167606,True,True,True,True,True,True,2,3
5.7416166914136655,False,True,True,True,True,True,16,3
5.172621135009866,True,True,True,True,True,True,2,1
5.455458487308827,True,True,True,True,True,True,0,1
0.848149313087271,True,True,True,True,True,True,3,1
31.84544157612954,True,True,True,True,True,True,6,1
1.3250302238032734,False,True,True,True,True,True,3,3
2.050235049696876,True,True,True,True,True,True,0,1
0.38048952979302003,True,True,True,True,True,True,9,2
0.09661579065143681,True,True,True,True,True,True,7,2
0.7833393517280443,True,True,True,True,True,True,1,1
0.32169691606361034,True,True,True,True,True,True,4,2
19.960827466795212,True,True,True,True,True,True,8,1
2.3596614274363676,True,True,True,True,True,True,0,1
0.013116224714686866,True,True,True,True,True,True,7,4
0.5160800245967149,True,True,True,True,True,True,4,1
0.9444911204447787,True,True,True,True,True,True,1,1
0.12535010180852263,True,True,True,True,True,True,1,2
10.427695035270682,True,True,True,True,True,True,0,1
30.755300658979426,True,True,True,True,True,True,5,2
0.3073831695774601,True,True,True,True,True,True,7,1
16.133656574429413,True,True,True,True,True,True,2,1
1.475803331003847,False,True,True,True,True,True,8,2
0.1320227355705777,True,True,True,True,True,True,1,1
0.100919179071885,True,True,True,True,True,True,5,4
0.6282309400234467,True,True,True,True,True,True,12,1
0.6394031804170069,True,True,True,True,True,True,10,1
3.8492091299397666,True,True,True,True,True,True,6,2
0.04182812344081453,True,True,True,True,True,True,0,1
0.9301553492673852,True,True,True,True,True,True,5,2
3.4338828203402447,True,True,True,True,True,True,4,3
4.017231229021009,True,True,True,True,True,True,3,1
1.1553208494209084,True,True,True,True,True,True,1,1
0.004073548322318809,True,True,True,True,True,True,10,2
5.4976763361288,True,True,True,True,True,True,3,1
0.010505969256076692,True,True,True,True,True,True,13,2
1.0780592525962827,True,True,True,True,True,True,1,1
16.065848009520874,True,True,True,True,True,True,14,4
0.5852548310719804,True,True,True,True,True,True,4,4
16.275170509739475,True,True,True,True,True,True,5,1
10.55502195940403,False,True,True,True,True,True,1,1
1.5860882289275944,True,True,True,True,True,True,2,1
1.5228294105603362,True,True,True,True,True,True,3,2
8.402698266726869,True,True,True,True,True,True,0,1
3.3670393505035476,True,True,True,True,True,True,3,3
2.0811893147164806,True,True,True,True,True,True,4,1
0.12415497630945468,True,True,True,True,True,True,12,4
2.9892519826342165,True,True,True,True,True,True,1,1
0.3855477012760659,True,True,True,True,True,True,0,1
10.115745692677876,True,True,True,True,True,True,4,1
0.027571846938351133,True,True,True,True,True,True,4,3
0.2885526902231312,True,True,True,True,True,True,0,1
51.78779594351105,True,True,True,True,True,True,0,1
10.993836997410423,True,True,True,True,True,True,4,1
3.7377647380673498,True,True,True,True,True,True,4,1
3.9060232876826166,True,True,True,True,True,True,7,1
0.1478475021783603,True,True,True,True,True,True,6,2
13.800034571527219,True,True,True,True,True,True,1,1
2.282181621512444,True,True,True,True,True,True,0,1
28.0806432856601,True,True,True,True,True,True,4,2
4.9397002885590595,True,True,True,True,True,True,2,1
2.1998094963761585,True,True,True,True,True,True,0,1
0.5316510179633691,True,True,True,True,True,True,13,2
1.9378918231636744,True,True,True,True,True,True,3,2
1.3215218327701885,True,True,True,True,True,True,5,1
5.580063875412328,True,True,True,True,True,True,1,1
2.5877270331029365,True,True,True,True,True,True,3,1
4.568517480616779,True,True,True,True,True,True,1,1
2.553055530852437,True,True,True,True,True,True,8,2
0.17837009174543875,True,True,True,True,True,True,4,1
0.32128760405311046,True,True,True,True,True,True,1,1
10.360522495375633,True,True,True,True,False,False,6,8
2.9623688586670696,True,True,True,True,True,True,5,2
1.7097530849832832,True,True,True,True,True,True,6,2
0.0014016775517283967,True,True,True,True,True,True,1,1
0.8952389768558344,True,True,True,True,True,True,15,3
8.261365371762984,True,True,True,True,True,True,2,1
49.89135793593731,False,False,True,True,True,True,13,1
3.146730457525734,True,True,True,True,True,True,5,2
1.3076724084331088,True,True,True,True,True,True,6,3
0.09413062167886611,True,True,True,True,True,True,4,1
2.076328108607186,True,True,True,True,True,True,14,3
18.303086609041888,True,True,True,True,True,True,8,1
0.31986434691148513,True,True,True,True,True,True,5,1
3.401741149430721,True,True,True,True,True,True,0,1
0.6195267058434032,True,True,True,True,True,True,7,5
0.31290571475165263,True,True,True,True,True,True,10,1
13.147460192884298,True,True,True,True,True,True,1,1
0.5420343273743002,True,True,True,True,True,True,3,1
0.13918197837890106,True,True,True,True,True,True,3,3
1.4836191333354136,True,True,True,True,True,True,3,1
7.542562409499769,False,True,True,True,True,True,1,1
0.40009259700120975,True,True,True,True,True,True,3,1
5.70496959585302,True,True,True,True,True,True,4,1
0.1870567066288157,True,True,True,True,True,True,4,3
0.03704115100291094,True,True,True,True,True,True,3,3
0.19393445615768642,True,True,True,True,True,True,3,1
0.21377682052459065,True,True,True,True,True,True,3,2
1.3023648616766303,True,True,True,True,True,True,2,5
6.940668209167813,True,True,True,True,True,True,0,1
0.6169694351715913,True,True,True,True,True,True,1,1
0.002632196443708779,True,True,True,True,True,True,0,1
34.868309722518674,True,True,True,True,True,True,10,8
22.309157444418155,True,True,True,True,True,True,6,3
1.1151853614414664,True,True,True,True,True,True,5,1
4.37137415737942,True,True,True,True,True,True,10,1
0.1266923316131616,True,True,True,True,True,True,6,1
0.040604214407896085,True,True,True,True,True,True,5,7
55.74766386833891,True,True,True,True,True,True,7,1
0.11007234889746918,True,True,True,True,True,True,0,1
5.6147062262542935,True,True,True,True,True,True,5,1
0.8076683071909979,True,True,True,True,True,True,3,1
9.912555178079044,True,True,True,True,True,True,2,3
0.5692687493994073,True,True,True,True,True,True,7,4
0.018118407951837136,True,True,True,True,True,True,0,1
0.13348369034853763,True,True,True,True,True,True,8,4
1.5401590266152518,True,True,True,True,True,True,5,2
26.67951897799947,True,True,True,True,True,True,1,1
2.4266738209571743,True,True,True,True,True,True,1,1
0.004385379467945647,True,True,True,True,True,True,5,5
0.0035519816125369795,True,True,True,True,True,True,4,3
17.021530676208084,True,True,True,True,True,True,12,3
1.9216067470346603,True,True,True,True,True,True,3,1
0.8632390776803843,True,True,True,True,True,True,0,1
14.880663165711505,True,True,True,True,False,False,1,2
2.50509045440594,True,True,True,True,True,True,1,1
2.4049071087699945,True,True,True,True,True,True,1,1
0.027548095487023756,True,True,True,True,True,True,3,1
0.7451418886962634,True,True,True,True,True,True,1,1
5.700966682230584,True,True,True,True,True,True,2,1
0.07605165821225,True,True,True,True,True,True,0,1
0.1614846032822005,True,True,True,True,True,True,4,2
1.4573635668417888,False,True,True,True,True,True,0,1
17.982393444370178,True,True,True,True,True,True,0,1
0.36307820267914115,True,True,True,True,True,True,1,1
0.035646572750820484,True,True,True,True,True,True,0,1
0.5561462520463735,True,True,True,True,True,True,0,1
0.4703270846917763,True,True,True,True,True,True,8,8
3.5789135980489584,True,True,True,True,True,True,5,2
4.725981426767275,True,True,True,True,True,True,6,1
2.375337129626834,False,True,True,True,True,True,1,1
0.29029594508647044,True,True,True,True,True,True,1,2
1.3347436688495775,True,True,True,True,True,True,2,1
0.5856822306841691,True,True,True,True,True,True,3,3
0.7003510823769823,True,True,True,True,True,True,2,2
0.029619087956937507,True,True,True,True,True,True,6,1
0.20686022981202162,True,True,True,True,True,True,1,1
9.540454909132631,True,True,True,True,True,True,4,2
2.23172633969306,True,True,True,True,True,True,10,5
0.5075591584831061,True,True,True,True,True,True,2,1
0.097888155416138,True,True,True,True,True,True,6,7
6.1429156091247,True,True,True,True,True,True,2,1
0.062641864142637,True,True,True,True,True,True,17,12
1.4896912733821956,True,True,True,True,True,True,3,1
2.239889385815262,True,True,True,True,True,True,14,1
0.08997080112782431,True,True,True,True,True,True,4,3
6.521347115867613,True,True,True,True,True,True,4,1
27.81282868979063,True,True,True,True,True,True,1,1
0.034819469514860556,True,True,True,True,True,True,1,1
2.7683597539951914,True,True,True,True,True,True,14,3
5.105321245097909,True,True,True,True,True,True,3,2
5.454978261910874,True,True,True,True,True,True,6,1
0.1780771946483826,True,True,True,True,True,True,7,2
2.266805457040408,True,True,True,True,True,True,2,1
0.9178082777195741,False,True,True,True,True,True,3,1
11.3238284038433,False,False,True,True,True,True,4,2
2.558157897401088,True,True,True,True,True,True,15,3
16.151984376201142,True,True,True,True,True,True,2,1
1.1160454428789206,True,True,True,True,True,True,0,1
10.219936531763269,True,True,True,True,True,True,4,1
0.04019600098434805,True,True,True,True,True,True,6,1
28.158865366855746,False,True,True,True,True,True,0,1
14.852629328879996,True,True,True,True,True,True,1,1
24.991293028042048,True,True,True,True,True,True,6,1
3.566217149245349,True,True,True,True,True,True,1,1
5.018614842710428,True,True,True,True,True,True,1,1
0.3805012867086441,True,True,True,True,True,True,3,1
35.92242183472305,True,True,True,True,True,True,5,2
0.3339839100502979,True,True,True,True,True,True,8,1
0.08743345718681594,True,True,True,True,True,True,8,2
3.4143327483900725,True,True,True,True,True,True,0,1
0.12199254120062131,True,True,True,True,True,True,5,3
4.808036841074097,True,True,True,True,True,True,0,1
4.729636726018259,True,True,True,True,True,True,2,2
15.737070470112846,True,True,True,True,True,True,5,1
1.1543780736630367,True,True,True,True,True,True,1,2
4.512343730259376,True,True,True,True,True,True,3,2
5.873625225881489,True,True,True,True,False,False,0,1
0.0109236384480124,True,True,True,True,True,True,13,4
1.293500733274944,True,True,True,True,True,True,0,1
4.270735686245589,False,True,True,True,True,True,5,4
13.186630837560655,True,True,True,True,True,True,7,3
11.05223830203134,False,False,True,True,True,True,14,1
0.629077609787539,True,True,True,True,True,True,4,2
1.285792191147039,True,True,True,True,True,True,3,1
0.25139477015662093,True,True,True,True,True,True,2,1
3.2990028534749003,True,True,True,True,True,True,1,1
5.830732456169645,True,True,True,True,True,True,3,1
2.924273884077309,True,True,True,True,True,True,0,1
12.995607645166672,True,True,True,True,True,True,2,1
0.5266930973687787,True,True,True,True,True,True,5,4
0.06852838712896242,True,True,True,True,True,True,3,1
2.400252242742159,True,True,True,True,True,True,7,3
0.08897400296526206,True,True,True,True,True,True,9,1
31.918237691843796,False,False,True,True,True,True,0,1
0.5498158808352498,True,True,True,True,True,True,0,1
0.04516168336822719,True,True,True,True,True,True,8,1
18.55084135799177,True,True,True,True,True,True,0,1
1.2605364037651896,True,True,True,True,True,True,3,1
4.19071317235011,True,True,True,True,True,True,3,2
0.1546097632165861,True,True,True,True,True,True,0,1
0.03359907002197599,True,True,True,True,True,True,0,1
3.3875773253407244,True,True,True,True,True,True,5,1
23.467036443559703,True,True,True,True,True,True,5,1
0.018549615766439174,True,True,True,True,True,True,7,1
0.6293411639962225,True,True,True,True,True,True,5,1
9.65500912822877,False,True,True,True,True,True,0,1
0.713946457121127,True,True,True,True,True,True,7,3
9.773927075818852,True,True,True,True,True,True,3,1
5.111405555897685,True,True,True,True,True,True,1,1
2.345280363867114,True,True,True,True,True,True,3,1
4.35873432785397,True,True,True,True,True,True,7,2
3.779384074885912,True,True,True,True,True,True,5,1
4.966420208955462,True,True,True,True,True,True,0,1
0.25768375016213646,True,True,True,True,True,True,2,2
18.075586554373526,True,True,True,True,True,True,3,1
1.163518248838389,True,True,True,True,True,True,3,2
2.5372232766120115,False,True,True,True,True,True,5,2
5.612959779536017,True,True,True,True,True,True,7,4
22.35796819388293,True,True,True,True,True,True,9,2
0.025283123686150537,True,True,True,True,True,True,3,1
7.9812780436896205,False,True,True,True,True,True,5,2
1.2591142059068503,True,True,True,True,True,True,6,3
0.13714454241991209,True,True,True,True,True,True,2,1
38.180280956373245,True,True,True,True,True,True,2,1
0.025144782125956708,True,True,True,True,True,True,7,1
0.16977780766600742,True,True,True,True,True,True,4,1
0.1831662270957611,True,True,True,True,True,True,2,1
6.056765328607547,True,True,True,True,False,False,7,8
0.33239236307791853,True,True,True,True,True,True,1,1
0.6839938021943277,True,True,True,True,True,True,0,1
0.0803810749991668,True,True,True,True,True,True,2,1
0.008058599239827631,True,True,True,True,True,True,13,1
1.7462279726073562,True,True,True,True,True,True,2,2
0.5133599504051979,True,True,True,True,True,True,3,1
1.0200043661602787,True,True,True,True,True,True,5,2
2.0642847900827794,True,True,True,True,True,True,0,1
1.6528609601823903,True,True,True,True,True,True,5,4
0.5018842263470386,True,True,True,True,True,True,5,2
0.481666862024576,True,True,True,True,True,True,0,1
0.8949707677716917,True,True,True,True,True,True,1,1
19.623659198889477,True,True,True,True,True,True,2,1
3.618257403627918,True,True,True,True,True,True,0,1
0.07837484767296475,True,True,True,True,True,True,5,2
0.010950891575868687,True,True,True,True,True,True,0,1
0.42988062083905365,True,True,True,True,True,True,6,3
16.2056429429405,True,True,True,True,True,True,0,1
3.8887783610431965,True,True,True,True,True,True,1,1
0.7049949113250084,True,True,True,True,True,True,3,1
2.8013228918975965,True,True,True,True,True,True,4,5
0.16463046001155893,True,True,True,True,True,True,0,1
7.2148495695706165,True,True,True,True,True,True,1,2
1.092304727065445,True,True,True,True,True,True,4,1
10.546200200265151,False,False,True,True,True,True,0,1
9.411943950490606,True,True,True,False,True,False,5,6
1.0516480186803967,True,True,True,True,True,True,3,2
0.7161346303320628,True,True,True,True,True,True,0,1
2.564210695743294,True,True,True,True,True,True,6,2
0.23785690678928517,True,True,True,True,True,True,2,1
0.1831515591927512,True,True,True,True,True,True,5,1
1.1046966194655174,True,True,True,True,True,True,1,1
0.706436365784265,True,True,True,True,True,True,4,1
0.14180305292838447,True,True,True,True,True,True,14,1
0.6054152496469856,True,True,True,True,True,True,15,3
0.3857098011479087,True,True,True,True,True,True,7,2
18.999255688145517,False,False,True,True,True,True,0,1
8.44815856640726,False,False,True,True,True,True,0,1
5.202555635190424,True,True,True,True,True,True,0,1
4.206180618119302,True,True,True,True,True,True,1,2
0.09870982453471334,True,True,True,True,True,True,0,1
4.092930998251583,True,True,True,True,True,True,14,3
0.7008966709754357,True,True,True,True,True,True,2,1
1.2234996763924175,True,True,True,True,True,True,2,2
8.993529659509425,True,True,True,True,True,True,5,1
4.622580226067815,True,True,True,True,True,True,1,1
0.03155578022582814,True,True,True,True,True,True,3,1
2.2077762817589615,True,True,True,True,True,True,2,1
0.005406677494072762,True,True,True,True,True,True,0,1
0.13199083986846016,True,True,True,True,True,True,5,1
1.4336160935477376,True,True,True,True,True,True,1,1
1.7326848128873846,True,True,True,True,True,True,3,1
40.349224050399414,False,False,True,True,True,True,4,1
5.924370662292522,True,True,True,True,True,True,4,2
0.12354392725909134,True,True,True,True,False,False,1,1
0.7598458242733189,True,True,True,True,True,True,3,1
4.831833204548186,True,True,True,True,True,True,0,1
0.06673223157811844,True,True,True,True,True,True,10,1
15.77534664430998,True,True,True,True,True,True,6,3
43.40535405426215,True,True,True,True,True,True,3,1
0.10627642949573018,True,True,True,True,True,True,0,1
0.20497316569687596,True,True,True,True,True,True,4,1
2.0309321219245917,True,True,True,True,True,True,1,1
0.05155576201436765,True,True,True,True,True,True,18,6
1.8231255800191135,True,True,True,True,True,True,16,1
8.251755528959858,True,True,True,True,True,True,1,2
1.5056483464072583,True,True,True,True,True,True,13,8
0.6696765642594648,True,True,True,True,True,True,8,6
2.6911143895944067,True,True,True,True,True,True,14,9
37.10208232915005,False,True,True,True,True,True,1,1
0.02200735998895514,True,True,True,True,True,True,0,1
0.056272885456816094,True,True,True,True,True,True,3,3
9.976270478323864,True,True,True,True,True,True,0,1
0.1443664286839191,True,True,True,True,True,True,1,1
0.6159303591857297,True,True,True,True,True,True,5,1
0.47407285625518414,True,True,True,True,True,True,2,2
30.220061100204003,False,False,True,True,True,True,9,3
0.4563766571609247,True,True,True,True,True,True,16,1
0.5839389589541988,True,True,True,True,True,True,10,1
4.6991088064803135,True,True,True,True,True,True,2,1
0.061090569909687496,True,True,True,True,True,True,2,1
0.7671277699870259,True,True,True,True,True,True,0,1
0.04457239337913339,True,True,True,True,True,True,4,2
18.766426353719208,True,True,True,True,True,True,2,1
1.9688951027141137,True,True,True,True,True,True,2,2
0.615375690442012,True,True,True,True,True,True,12,2
0.026368015567814533,True,True,True,True,True,True,7,2
0.5669157509364156,True,True,True,True,True,True,8,1
3.521811027162117,True,True,True,True,True,True,2,1
12.90815144506652,True,True,True,True,True,True,3,3
0.04992489729504098,True,True,True,True,True,True,7,2
0.47933416580298477,True,True,True,True,True,True,3,4
0.40070672788596506,True,True,True,True,True,True,0,1
5.423491599750554,True,True,True,True,True,True,3,1
1.7298127089161297,True,True,True,True,True,True,5,2
17.01046068828138,True,True,True,True,True,True,5,3
1.4347199012779148,True,True,True,True,False,False,10,11
5.40478346015188,True,True,True,True,True,True,3,1
0.017495138811412528,True,True,True,True,True,True,9,7
8.222234111359976,True,True,True,True,True,True,5,1
2.8583768271746237,True,True,True,True,True,True,3,1
0.8964819341450417,True,True,True,True,True,True,6,9
28.039286392887426,False,True,True,True,True,True,6,4
0.6780736534446259,True,True,True,True,True,True,5,2
0.044987914330945,True,True,True,True,True,True,13,3
4.283316174643432,True,True,True,True,True,True,4,1
0.8763510062626138,True,True,True,True,True,True,5,1
7.15922585446996,True,True,True,True,True,True,0,1
0.713503516148099,True,True,True,True,True,True,6,2
0.5789865921476296,True,True,True,True,True,True,11,2
0.8406656109845101,True,True,True,True,True,True,0,1
0.447039189378982,True,True,True,True,True,True,0,1
0.2862358777574525,True,True,True,True,True,True,0,1
2.460192667280505,True,True,True,True,True,True,3,1
1.3486232705943741,True,True,True,True,True,True,3,3
2.3546266373649485,True,True,True,True,True,True,3,2
2.2851932483316197,True,True,True,True,True,True,4,2
0.6167252880289465,True,True,True,True,True,True,2,1
18.007744110942618,True,True,True,True,True,True,0,1
79.84011432358308,True,True,True,True,True,True,7,2
0.14911200027400612,True,True,True,True,True,True,0,1
2.1345404337659653,True,True,True,True,True,True,0,1
4.93798134013605,True,True,True,True,True,True,15,1
0.23367100318549197,True,True,True,True,True,True,11,1
70.07226027834854,True,True,True,True,True,True,4,1
0.7793126874067973,True,True,True,True,True,True,8,2
7.3667203657142215,True,True,True,True,True,True,9,1
2.3524853957086727,True,True,True,True,True,True,1,1
1.7142546617952075,True,True,True,True,True,True,0,1
4.343418054258913,True,True,True,True,True,True,2,1
0.13829353204607545,True,True,True,True,True,True,3,3
4.450298211576277,True,True,True,True,True,True,2,2
2.8413652708709534,True,True,True,True,True,True,3,2
0.010463306758150543,True,True,True,True,True,True,3,4
1.2761340421054135,True,True,True,True,True,True,5,3
1.0651234169462656,True,True,True,True,True,True,1,1
0.16746916922599803,True,True,True,True,True,True,13,1
0.15072977450936068,True,True,True,True,True,True,15,3
5.816546285756413,True,True,True,True,True,True,3,1
5.959678258717218,True,True,True,True,True,True,2,1
0.7953378040334858,True,True,True,True,True,True,6,1
8.219669527020297,True,True,True,True,True,True,2,2
0.28187449436993656,True,True,True,True,True,True,5,2
1.7310672729191021,True,True,True,True,True,True,1,1
1.7864378130658702,True,True,True,True,False,False,0,1
5.33653544108318,True,True,True,True,False,False,1,2
0.29185108781649477,True,True,True,True,True,True,0,1
0.15589601219069588,True,True,True,True,True,True,4,3
9.40801184138377,True,True,True,True,True,True,4,2
0.1713208284463987,True,True,True,True,True,True,1,1
2.358583215059612,True,True,True,True,True,True,15,11
0.6085475098015236,True,True,True,True,True,True,1,2
1.0430208720356582,True,True,True,True,True,True,2,2
1.1992217025544405,True,True,True,True,True,True,2,1
5.4420809832968935,True,True,True,True,True,True,5,2
0.08530973925940152,True,True,True,True,True,True,2,2
1.1778926284610594,True,True,True,True,True,True,1,1
0.18550098376723134,True,True,True,True,True,True,0,1
1.073404879709562,True,True,True,True,True,True,0,1
0.178546521563848,True,True,True,True,True,True,3,1
3.2274387516718983,True,True,True,True,True,True,0,1
0.29748615871876105,True,True,True,True,True,True,1,1
1.4800101099547314,True,True,True,True,True,True,1,2
0.4687236720805751,True,True,True,True,True,True,2,1
3.779252428864839,True,True,True,True,True,True,1,1
10.17233918807758,True,True,True,True,True,True,8,1
0.2632695696537596,True,True,True,True,True,True,2,1
1.364382229299077,True,True,True,True,True,True,0,1
0.3571001664489189,True,True,True,True,True,True,4,1
131.91738865942827,True,False,True,True,True,True,7,2
0.6661407997704488,True,True,True,True,True,True,1,1
0.06922953090482345,True,True,True,True,True,True,3,1
4.065628497262216,True,True,True,True,True,True,0,1
0.4455153148589582,True,True,True,True,True,True,4,1
1.8817933908827604,True,True,True,True,True,True,1,1
0.5703720692729767,True,True,True,True,True,True,14,2
0.4447894616985052,True,True,True,True,True,True,1,1
21.787887464712583,True,True,True,True,True,True,3,1
0.442279235721215,True,True,True,True,True,True,2,1
0.7118722422004796,True,True,True,True,True,True,0,1
0.2981286422911743,True,True,True,True,True,True,0,1
2.383396752305825,True,True,True,True,True,True,12,3
0.08206446946107887,True,True,True,True,True,True,0,1
0.14961918186379736,True,True,True,True,True,True,3,3
2.7139341813740563,True,True,True,True,True,True,2,1
1.34229997015928,True,True,True,True,True,True,5,1
17.59920567294389,True,True,True,True,True,True,7,1
11.032622368427177,True,True,True,True,True,True,1,2
0.1562559115118597,True,True,True,True,True,True,0,1
0.04157275769482344,True,True,True,True,True,True,1,1
0.6079013361426656,True,True,True,True,True,True,4,3
0.35994874298671503,True,True,True,True,True,True,2,2
8.40026328766947,True,True,True,True,True,True,6,5
1.9967630146039985,True,True,True,True,True,True,2,3
5.924561731995243,True,True,True,True,True,True,5,1
0.7384112942068228,True,True,True,True,True,True,0,1
9.871142299951957,True,True,True,True,True,True,0,1
12.732430622964387,True,True,True,True,True,True,0,1
0.5691030304201347,True,True,True,True,True,True,11,2
0.011343741037387561,True,True,True,True,True,True,17,1
7.700184485367144,False,False,True,True,True,True,1,1
0.23248158158955162,True,True,True,True,True,True,3,1
14.280757183356807,False,False,True,True,True,True,0,1
0.6169374709794,True,True,True,True,True,True,7,4
7.603606637944837,True,True,True,True,True,True,4,1
9.134137473874484,True,True,True,True,True,True,4,2
2.4607901045731593,True,True,True,True,True,True,17,1
0.3052357937115214,True,True,True,True,True,True,4,2
0.5562851566325007,True,True,True,True,True,True,4,1
0.15589237395309086,True,True,True,True,True,True,1,1
0.0784255362859966,True,True,True,True,True,True,0,1
8.490697297115068,True,True,True,True,True,True,3,4
0.08781759378692433,True,True,True,True,True,True,0,1
0.42756855187933573,True,True,True,True,True,True,0,1
9.046300243079232,True,True,True,True,True,True,5,3
0.6194143360110169,True,True,True,True,True,True,5,1
0.04503515904152121,True,True,True,True,True,True,5,4
8.436050436446752,True,True,True,True,True,True,3,2
0.3852850669142857,True,True,True,True,True,True,0,1
0.7903542171602543,True,True,True,True,True,True,4,1
0.46532024225904733,True,True,True,True,True,True,1,1
0.2640360472988945,True,True,True,True,True,True,2,1
1.451515712714124,True,True,True,True,True,True,3,2
1.9331227141520602,True,True,True,True,True,True,3,1
1.8894633329936126,True,True,True,True,True,True,1,2
2.062088786553563,True,True,True,True,True,True,13,1
4.800647689678352,True,True,True,True,True,True,2,1
1.3370804930520659,True,True,True,True,True,True,0,1
4.284341659721832,True,True,True,True,True,True,2,1
0.0664239614539661,True,True,True,True,True,True,7,2
2.458944856606103,True,True,True,True,True,True,1,1
1.0925659867120434,True,True,True,True,True,True,6,1
0.2356723987240144,True,True,True,True,True,True,6,2
1.362837347337203,True,True,True,True,True,True,1,1
0.038032097835633105,True,True,True,True,True,True,5,2
0.249818628013112,True,True,True,True,True,True,5,4
0.12728607926889954,True,True,True,True,True,True,0,1
8.562474558739362,True,True,True,True,True,True,8,1
0.1859409986729296,True,True,True,True,True,True,7,1
2.1958944486149194,True,True,True,True,True,True,4,2
11.724692139539112,False,False,True,True,True,True,4,3
0.48176080600550447,True,True,True,True,True,True,0,1
9.237967146062143,True,True,True,True,True,True,0,1
0.5495672141601008,True,True,True,True,True,True,5,1
0.14879273697723094,True,True,True,True,True,True,3,3
0.10842869758644932,True,True,True,True,True,True,4,4
1.2147777544912475,True,True,True,True,True,True,9,3
0.9769081286082728,True,True,True,True,False,False,2,3
2.353437093008974,True,True,True,True,True,True,2,1
8.922959165337932,True,True,True,True,True,True,3,2
0.10937688611504791,True,True,True,True,True,True,2,1
1.556454469854015,True,True,True,True,True,True,0,1
0.06604743781174868,True,True,True,True,True,True,2,2
1.1113203852294233,True,True,True,True,True,True,6,1
0.15386252185787563,True,True,True,True,True,True,4,4
19.79433818252328,False,False,True,True,True,True,11,5
0.9901153215345432,True,True,True,True,True,True,19,12
4.422776541032523,True,True,True,True,True,True,1,1
2.206429526246951,True,True,True,True,True,True,2,1
6.667883965139431,True,True,True,True,True,True,3,3
9.947321408242871,False,True,True,True,True,True,1,1
1.2269657430275835,True,True,True,True,True,True,0,1
4.860547217686032,True,True,True,True,True,True,1,1
58.21826820191058,True,False,True,True,True,True,0,1
0.6117774041220134,True,True,True,True,True,True,0,1
9.370403751208746,True,True,True,True,True,True,2,1
6.199002832562449,True,True,True,True,True,True,0,1
1.119962729714527,True,True,True,True,True,True,8,8
2.1866782698116087,True,True,True,True,True,True,3,1
2.687544566733129,True,True,True,True,True,True,3,1
26.66994274894474,True,True,True,True,True,True,3,1
7.759671183404855,True,True,True,True,True,True,3,2
0.08265689705037534,True,True,True,True,True,True,5,2
0.018743066505092866,True,True,True,True,True,True,3,1
0.22134180876321843,True,True,True,True,True,True,10,2
0.17718686458883467,True,True,True,True,True,True,2,1
0.8786718450075014,True,True,True,True,True,True,4,2
0.6300948093395196,True,True,True,True,True,True,1,1
0.3682278742924129,True,True,True,True,True,True,2,1
0.7701069563034116,True,True,True,True,True,True,4,1
9.566323906357708,True,True,True,True,True,True,6,6
3.950964567198942,True,True,True,True,True,True,0,1
0.1506820421433579,True,True,True,True,True,True,1,2
7.650511254311532,True,True,True,True,True,True,16,9
13.791994011476385,True,True,True,True,True,True,3,2
14.74676244769642,True,True,True,True,True,True,2,1
3.796393016808534,True,True,True,True,True,True,5,4
0.4940966345489246,True,True,True,True,True,True,5,1
5.115732399585821,True,True,True,True,True,True,3,1
2.8684971765994653,False,True,True,True,True,True,5,1
0.5860111632698557,True,True,True,True,True,True,0,1
0.6498435953977264,True,True,True,False,True,False,3,4
0.1845786675488855,True,True,True,True,True,True,2,2
4.921885098879306,True,True,True,True,True,True,12,5
2.7162801859111196,True,True,True,True,True,True,7,1
0.4786590081622626,True,True,True,True,True,True,1,1
0.028716467633786203,True,True,True,True,True,True,2,1
1.8887593866233945,True,True,True,True,True,True,11,2
0.7036596382300052,True,True,True,True,True,True,0,1
3.9899436858099775,True,True,True,True,True,True,3,3
0.8761993710652969,True,True,True,True,True,True,5,1
1.9834184763666636,True,True,True,True,True,True,2,2
1.6544269011741939,True,True,True,True,True,True,2,1
2.2736277344275675,True,True,True,True,True,True,3,1
4.162611753106498,True,True,True,True,True,True,1,1
8.189528506600551,True,True,True,True,True,True,1,1
1.7771100692795267,True,True,True,True,True,True,5,1
13.908736309851818,True,True,True,True,True,True,0,1
0.028730545262004203,True,True,True,True,True,True,9,1
1.3472444006045619,True,True,True,True,True,True,0,1
0.34354007426571614,True,True,True,True,True,True,9,1
1.9739203283090807,True,True,True,True,True,True,0,1
1.1361470728996792,True,True,True,True,True,True,0,1
0.8472280590521774,True,True,True,True,True,True,0,1
5.921168460408575,True,True,True,True,True,True,4,1
5.953361275656584,True,True,True,True,True,True,3,2
0.008660240653243874,True,True,True,True,True,True,2,1
5.148807728983629,True,True,True,True,True,True,1,1
1.1667013547163934,True,True,True,True,True,True,4,2
0.10728642625522179,True,True,True,True,True,True,0,1
13.933920864873834,True,True,True,True,True,True,7,2
0.21404412335858763,True,True,True,True,True,True,4,5
0.30659642491125927,True,True,True,True,True,True,5,1
3.5776602663238926,True,True,True,True,True,True,11,3
0.04696661959570298,True,True,True,True,True,True,15,1
0.9149122171559619,True,True,True,True,True,True,1,1
0.18956636139444355,True,True,True,True,True,True,1,1
12.44642547193383,True,True,True,True,True,True,8,1
1.6854057229422512,True,True,True,True,True,True,7,2
38.89982745492503,True,True,True,True,True,True,4,1
0.0387990901897322,True,True,True,True,True,True,1,1
0.13353161716459822,True,True,True,True,True,True,2,1
9.392951760901875,True,True,True,True,True,True,3,1
2.0433826340074717,True,True,True,True,True,True,2,1
13.79238916174818,False,True,True,True,True,True,4,2
0.21706423214247872,True,True,True,True,True,True,1,2
0.267778332203421,True,True,True,True,True,True,0,1
16.95711947017843,False,False,True,True,False,False,0,1
3.349459819804866,True,True,True,True,True,True,0,1
19.188602895849414,True,True,True,True,True,True,2,1
0.9999607073675302,True,True,True,True,True,True,4,2
0.40959464208645435,True,True,True,True,True,True,2,4
1.5623739548113396,True,True,True,True,True,True,1,2
0.30897470366476737,True,True,True,True,True,True,5,4
1.8470462250875543,True,True,True,True,True,True,7,1
0.7381553783400484,True,True,True,True,True,True,16,7
2.351582483700386,False,True,True,True,True,True,2,1
2.7941092700936387,True,True,True,True,True,True,4,1
9.339484500651476,True,True,True,True,True,True,7,3
3.3927294013033418,True,True,True,True,True,True,3,2
3.2183877509000065,True,True,True,True,True,True,8,1
19.339123218388877,True,True,True,True,True,True,0,1
14.071010809879787,False,False,True,True,True,True,3,1
0.27040248287643875,True,True,True,True,True,True,7,3
0.4544324384593927,True,True,True,True,True,True,2,1
12.410977884045252,True,True,True,True,True,True,0,1
0.3820655649780017,True,True,True,True,True,True,3,1
0.5129839695037673,True,True,True,True,True,True,3,1
4.161271480148691,True,True,True,True,True,True,3,2
3.390553078475549,True,True,True,True,True,True,10,1
0.19032012594391176,True,True,True,True,True,True,2,1
5.034884671566321,False,True,True,True,True,True,0,1
4.20384323906678,True,True,True,True,True,True,8,3
0.1056152328804456,True,True,True,True,True,True,1,2
0.8159658778843083,True,True,True,True,True,True,3,1
0.04671978898148953,True,True,True,True,True,True,5,1
0.5543830309463303,True,True,True,True,True,True,4,1
0.250118350060568,True,True,True,True,True,True,3,3
1.3401295517482823,True,True,True,True,True,True,5,1
0.1850741062400703,True,True,True,True,True,True,1,1
3.685262366240231,True,True,True,True,True,True,6,1
0.17951696177158583,True,True,True,True,True,True,2,2
2.3956673068126415,True,True,True,True,True,True,3,1
4.251528922102775,True,True,True,True,True,True,14,8
0.07019791998635906,True,True,True,True,True,True,3,1
7.028551595384954,True,True,True,True,True,True,2,2
0.03871705077311213,True,True,True,True,True,True,15,3
2.1610776317818443,True,True,True,True,True,True,1,1
5.052882586469582,False,True,True,True,True,True,6,1
0.07270706728628269,True,True,True,True,True,True,2,1
0.1677765697246539,True,True,True,True,True,True,0,1
0.17066076971698543,True,True,True,True,True,True,1,2
5.531607129965798,True,True,True,True,True,True,12,1
5.844789608628411,True,True,True,True,True,True,3,1
0.3731523371614281,True,True,True,True,True,True,0,1
17.008253136479205,True,True,True,True,True,True,3,1
5.478448843790384,True,True,True,True,True,True,0,1
109.1862670863575,True,False,True,True,True,True,3,1
3.2879901852864646,True,True,True,True,True,True,4,3
0.013458088305487847,True,True,True,True,True,True,0,1
4.2880397655338935,True,True,True,True,True,True,1,1
53.63298456129346,True,True,True,True,True,True,15,2
0.041944685384571176,True,True,True,True,True,True,5,1
3.2557521176858466,True,True,True,True,True,True,5,1
27.46279143095986,False,True,True,True,True,True,6,2
4.093647089453408,True,True,True,True,True,True,4,2
0.03805199976565273,True,True,True,True,True,True,11,1
4.538401125146662,True,True,True,True,True,True,7,6
28.458980004819896,True,True,True,True,True,True,3,3
0.6509913489000688,True,True,True,True,True,True,1,1
6.782069930658758,True,True,True,True,True,True,2,1
4.395131281842624,True,True,True,True,True,True,8,1
38.590310255727154,False,False,True,True,True,True,3,1
0.3332337389837826,True,True,True,True,True,True,5,1
0.23182869960877728,True,True,True,True,True,True,4,5
4.147488931492225,True,True,True,True,True,True,3,3
0.10837751913651032,True,True,True,True,True,True,4,1
1.1028120359040408,True,True,True,True,True,True,0,1
2.451901024904814,True,True,True,True,True,True,3,1
0.18170890597766803,True,True,True,True,True,True,1,1
28.22969803741383,True,True,True,True,True,True,2,1
0.3024703406614535,True,True,True,True,True,True,10,8
1.0162046418510968,True,True,True,True,True,True,4,2
0.9442156201554297,True,True,True,True,True,True,1,1
1.630174230720525,True,True,True,True,True,True,2,1
8.803339612968815,True,True,True,True,True,True,0,1
6.862905383169187,True,True,True,True,True,True,6,2
0.18055973465598069,True,True,True,True,True,True,3,2
0.21931245808403224,True,True,True,True,True,True,9,2
0.6425025517070005,True,True,True,True,True,True,2,1
0.5982086374321856,True,True,True,True,True,True,1,1
3.9908433018843734,True,True,True,True,True,True,7,6
0.05187179305638158,True,True,True,True,True,True,1,1
0.610781511640167,True,True,True,True,True,True,8,1
0.1358728936351124,True,True,True,True,True,True,10,2
1.8123790947535625,True,True,True,True,True,True,2,1
20.19393737124509,True,True,True,True,True,True,3,1
3.9525260948972494,True,True,True,True,True,True,0,1
1.448700430817085,True,True,True,True,True,True,5,2
1.3353441419447736,True,True,True,True,True,True,1,2
0.05449217945497197,True,True,True,True,True,True,5,2
4.298253409090176,True,True,True,True,True,True,1,1
0.015594097945905529,True,True,True,True,True,True,15,6
90.26137314466375,True,True,True,True,True,True,5,1
33.20827212433903,False,False,True,True,True,True,1,1
0.18498356151495057,True,True,True,True,True,True,1,1
0.43568738747276,True,True,True,True,True,True,4,1
1.189894642048199,True,True,True,True,True,True,2,1
12.089666817990594,True,True,True,True,True,True,4,1
0.08971679631815377,True,True,True,True,True,True,11,1
0.00564880014288719,True,True,True,True,True,True,2,2
12.773881102205793,True,True,True,True,True,True,3,1
7.010888681459506,True,True,True,True,True,True,3,1
1.0665815142295285,True,True,True,True,True,True,0,1
13.385073698984227,True,True,True,True,True,True,9,1
14.004582388615308,True,True,True,True,True,True,4,3
5.94629585973841,True,True,True,True,True,True,0,1
0.603180699180108,True,True,True,True,True,True,0,1
0.22022652556142042,True,True,True,True,True,True,0,1
2.8941859321470766,True,True,True,True,True,True,6,1
3.3009490520744187,True,True,True,True,True,True,11,8
0.39497155690562546,True,True,True,True,True,True,11,2
0.0911611633815156,True,True,True,True,True,True,4,1
0.10767751922876881,True,True,True,True,True,True,4,2
0.12684556436799463,True,True,True,True,True,True,0,1
5.363294852831557,True,True,True,True,True,True,1,1
0.6027168590091165,True,True,True,True,True,True,4,1
13.669070434261803,True,True,True,True,True,True,2,2
33.65475237695364,False,False,True,True,True,True,0,1
0.23690165077271352,True,True,True,True,True,True,6,2
0.6303846385433028,True,True,True,True,True,True,0,1
1.5986665257518533,True,True,True,True,True,True,5,3
1.1646692315842464,True,True,True,True,True,True,2,1
0.06709534060736118,True,True,True,True,True,True,8,7
0.2045731889038151,True,True,True,True,True,True,1,2
0.1468671554107582,True,True,True,True,True,True,0,1
5.904733011435947,True,True,True,True,True,True,5,1
0.9957846525143484,True,True,True,True,True,True,3,4
0.24257711270322566,True,True,True,True,True,True,5,1
0.08109229080230856,True,True,True,True,True,True,13,6
0.12581620109745534,True,True,True,True,True,True,1,1
0.9062253059315845,True,True,True,True,True,True,2,1
13.694005479503264,True,True,True,True,True,True,5,1
7.378812977116006,True,True,True,True,True,True,4,3
0.033961895939207135,True,True,True,True,True,True,5,2
1.2294106050951565,True,True,True,True,True,True,2,1
28.754116889720542,False,False,True,True,True,True,0,1
0.255302437401629,True,True,True,True,True,True,0,1
6.792566823491189,True,True,True,True,True,True,3,1
7.879022514349801,True,True,True,True,True,True,2,1
2.0507926385170165,True,True,True,True,True,True,4,1
23.240284508549742,True,True,True,True,True,True,11,2
0.13321741470028417,True,True,True,True,True,True,9,3
0.014404993841644793,True,True,True,True,True,True,1,1
42.46033907010869,True,True,True,True,True,True,0,1
2.2219007454549216,True,True,True,True,True,True,4,2
2.544175442292522,True,True,True,True,False,False,1,1
0.11082616620070983,True,True,True,True,True,True,3,2
0.7064606045641736,True,True,True,True,True,True,12,3
0.7957063520038093,True,True,True,True,True,True,11,4
0.7942075449429339,True,True,True,True,True,True,6,5
2.888127471617155,True,True,True,True,True,True,3,1
3.3272358578269543,True,True,True,True,True,True,0,1
1.0201726480602469,True,True,True,True,True,True,6,2
0.3357231915915962,True,True,True,True,True,True,11,3
57.70056670164812,False,False,True,True,True,True,1,1
8.88619693790503,True,True,True,True,True,True,2,1
0.3430845441707009,True,True,True,True,True,True,1,1
0.006807557369220618,True,True,True,True,True,True,0,1
10.817324843213466,True,True,True,True,True,True,10,1
1.6397914307081864,True,True,True,True,True,True,6,3
1.987331897962964,True,True,True,True,True,True,7,4
0.5831729276873362,True,True,True,True,True,True,2,1
1.2995312239756585,True,True,True,True,True,True,0,1
9.6580899002172,False,False,True,True,True,True,13,4
0.8861797709233611,True,True,True,True,True,True,2,2
3.0603047127814778,True,True,True,True,True,True,1,1
9.31173789000224,True,True,True,True,True,True,4,1
6.4559526130880975,True,True,True,True,True,True,3,2
0.6706417414159778,True,True,True,True,True,True,1,1
1.1594739404019136,True,True,True,True,True,True,0,1
6.142403545633577,True,True,True,True,True,True,2,1
8.836491140766372,True,True,True,True,True,True,8,2
20.50771130339482,True,True,True,True,True,True,7,4
0.004073548322318809,True,True,True,True,True,True,1,1
0.4958158013204885,True,True,True,True,True,True,0,1
9.239759079338073,True,True,True,True,True,True,9,2
1.0459653615512823,True,True,True,True,True,True,0,1
10.211535842397288,True,True,True,True,True,True,1,2
4.227271221370708,True,True,True,True,True,True,6,1
0.328428289119983,True,True,True,True,True,True,4,1
0.0035807589935514883,True,True,True,True,True,True,4,3
2.216464761419037,True,True,True,True,True,True,1,1
23.768403926363153,True,True,True,True,True,True,0,1
0.5101347005676933,True,True,True,True,True,True,0,1
1.024259120903393,True,True,True,True,True,True,2,1
0.11626564103454073,True,True,True,True,True,True,1,2
35.655832764262016,True,True,True,True,True,True,2,1
18.30610722962796,True,True,True,True,True,True,2,1
0.0031615056193934187,True,True,True,True,True,True,5,1
0.047369999566546916,True,True,True,True,True,True,5,1
0.06253813303002029,True,True,True,True,True,True,0,1
0.3706918855457366,True,True,True,True,True,True,9,1
10.183306680792008,True,True,True,True,True,True,7,1
4.5128531087718144,True,True,True,True,True,True,3,1
0.2138838980925164,True,True,True,True,True,True,4,1
2.877430316038673,True,True,True,True,True,True,4,2
2.553620670778169,True,True,True,True,True,True,2,1
0.2789349504167424,True,True,True,True,False,False,1,2
2.4778380783075598,True,True,True,True,True,True,1,1
3.323519278359402,True,True,True,True,True,True,2,2
24.901245973438982,True,True,True,True,True,True,4,1
6.961539878500112,False,True,True,True,True,True,2,1
6.959597347296821,False,False,True,True,True,True,0,1
0.019656380422614077,True,True,True,True,True,True,4,2
0.24981484868806297,True,True,True,True,True,True,5,1
3.5430148845296006,True,True,True,True,True,True,7,2
7.278594184387151,True,True,True,True,True,True,9,1
22.490503543548144,True,True,True,True,True,True,4,1
1.7288213875228629,True,True,True,True,True,True,2,1
0.10910296859603479,True,True,True,True,True,True,5,1
0.565534634464278,True,True,True,True,True,True,6,1
4.558552405405441,True,True,True,True,True,True,3,3
1.0337696602888167,True,True,True,True,True,True,4,1
89.67847782620919,True,True,True,True,True,True,6,4
1.6595039006085672,True,True,True,True,True,True,3,1
1.6786371126023274,True,True,True,True,True,True,3,1
2.769168489980175,True,True,True,True,False,False,0,1
12.67324315176558,True,True,True,True,True,True,3,2
0.24955009030076583,True,True,True,True,True,True,0,1
44.51030413449439,True,True,True,True,True,True,3,2
0.6280465998300659,True,True,True,True,True,True,4,1
0.011424771453331276,True,True,True,True,True,True,3,1
0.020563093887042173,True,True,True,True,True,True,1,1
0.4354173719528786,True,True,True,True,True,True,7,2
46.7066297620887,True,True,True,True,True,True,13,4
20.053655245108256,True,True,True,True,True,True,1,2
0.36106021204068833,True,True,True,True,True,True,1,1
0.0020193318587770656,True,True,True,True,True,True,3,2
1.8116766928540875,True,True,True,True,True,True,6,1
0.9307656498222545,True,True,True,True,True,True,2,1
16.22059852244946,True,True,True,True,True,True,3,1
0.45649195158949785,True,True,True,True,True,True,1,1
6.682302658162442,True,True,True,True,True,True,6,1
19.441914773076117,True,True,True,True,True,True,8,1
22.469321754721314,True,True,True,True,True,True,10,1
2.7067703060923147,True,True,True,True,True,True,3,2
0.08278815441636604,True,True,True,True,True,True,2,2
4.553055713167545,True,True,True,True,True,True,0,1
0.07800421778754069,True,True,True,True,True,True,3,1
0.08657027363670046,True,True,True,True,True,True,0,1
0.16279146144209158,True,True,True,True,True,True,6,5
3.2292295806648914,True,True,True,True,True,True,5,2
0.09200419507522288,True,True,True,True,True,True,10,1
2.8637563617635133,True,True,True,True,True,True,1,1
1.5368725862430501,True,True,True,True,True,True,11,1
0.06090550860006205,True,True,True,True,True,True,4,1
0.34881385022140404,True,True,True,True,True,True,0,1
26.505424679624007,True,True,True,True,True,True,1,1
0.019090138568328745,True,True,True,True,True,True,1,1
0.02056484311036745,True,True,True,True,False,False,0,1
21.366436735435347,True,True,True,True,True,True,0,1
54.21502514497515,False,False,True,True,True,True,1,1
35.26111785983996,True,True,True,True,True,True,0,1
3.0669833724248536,True,True,True,True,True,True,4,1
0.16108652547127253,True,True,True,True,True,True,5,3
3.231881070005197,True,True,True,True,True,True,0,1
5.837566879852345,True,True,True,True,True,True,3,1
24.909166874465797,True,True,True,True,True,True,9,2
0.4556642256977721,True,True,True,True,True,True,1,1
1.1760829491516525,True,True,True,True,True,True,2,1
1.5235113057610188,True,True,True,True,True,True,9,1
0.7176269413979164,True,True,True,True,True,True,4,3
0.6078810227203333,True,True,True,True,True,True,1,2
0.1883363031661729,True,True,True,True,True,True,3,1
1.4741270739715349,True,True,True,True,True,True,4,1
0.522231655600754,True,True,True,True,True,True,3,2
0.07572147887324221,True,True,True,True,True,True,1,1
16.967431609780252,True,True,True,True,True,True,1,1
0.026066209023229363,True,True,True,True,True,True,4,1
0.1541404388491656,True,True,True,True,True,True,4,2
9.231102463037232,True,True,True,True,True,True,7,1
0.846246474221476,True,True,True,True,True,True,2,1
0.002751543163862274,True,True,True,True,True,True,0,1
1.7771571996456688,True,True,True,True,True,True,6,2
1.6381317116385141,True,True,True,True,True,True,3,2
1.4285333380774239,True,True,True,True,True,True,3,1
0.7753740772856677,True,True,True,True,True,True,1,1
4.508128192670288,True,True,True,True,True,True,6,2
0.06656096313329868,True,True,True,True,True,True,4,1
0.36823738534447265,True,True,True,True,True,True,2,1
2.6081485888836258,True,True,True,True,True,True,0,1
2.0342748627750975,True,True,True,True,False,False,0,1
2.327122737388943,False,True,True,True,True,True,4,1
1.0120695636184738,True,True,True,True,True,True,4,1
15.925617134529059,True,True,True,True,True,True,1,1
6.83550167447978,True,True,True,True,True,True,6,1
1.1382668404218972,True,True,True,True,True,True,11,2
3.885618056057365,True,True,True,True,True,True,4,2
5.6175232310452605,True,True,True,True,True,True,1,1
0.6109873240074448,True,True,True,True,True,True,2,2
1.884792309694121,True,True,True,True,True,True,3,1
13.04053692952357,True,True,True,True,True,True,1,2
1.4343003897559312,True,True,True,True,True,True,0,1
10.910769327423525,True,True,True,True,True,True,6,2
8.273492441983564,True,True,True,True,True,True,1,1
1.4701070906026383,True,True,True,True,True,True,6,1
0.1328101425729585,True,True,True,True,True,True,0,1
0.41453222005352336,True,True,True,True,True,True,11,1
0.16868001257239001,True,True,True,True,True,True,3,4
0.548722153704098,True,True,True,True,True,True,2,1
1.9144626538691643,True,True,True,True,True,True,8,3
1.6705316094277822,True,True,True,True,True,True,1,1
6.5968441818354835,True,True,True,True,True,True,8,1
14.997286164694884,True,True,True,True,True,True,3,1
6.814512012896041,True,True,True,True,True,True,0,1
0.6588655638933563,True,True,True,True,True,True,1,1
0.15801022823070204,True,True,True,True,True,True,3,3
9.613650891210165,True,True,True,True,True,True,5,3
0.040332665083638086,True,True,True,True,True,True,6,1
4.442521166091826,True,True,True,True,True,True,1,2
5.283781495177434,True,True,True,True,True,True,8,5
6.980063784822451,True,True,True,True,True,True,6,1
0.6189974405984073,True,True,True,True,True,True,0,1
45.22219273416578,True,True,True,True,True,True,3,1
0.01824660015316254,True,True,True,True,True,True,3,2
3.103953845219753,True,True,True,True,True,True,0,1
2.721334473857179,True,True,True,True,True,True,2,1
0.20612144481932634,True,True,True,True,True,True,5,4
0.7516507151237728,True,True,True,True,True,True,2,1
2.9934470471239036,True,True,True,True,True,True,0,1
6.28677486864208,True,True,True,True,True,True,4,2
0.4839990506524989,True,True,True,True,True,True,1,1
2.2872208244140975,True,True,True,True,True,True,0,1
1.0395811788316829,True,True,True,True,True,True,5,1
1.142868141415615,True,True,True,True,True,True,0,1
0.9396221451702716,True,True,True,True,True,True,4,2
2.1085216418415533,True,True,True,True,True,True,2,2
0.48732721866398604,True,True,True,True,True,True,17,1
12.234955901122877,True,True,True,True,True,True,0,1
3.3450812955369056,True,True,True,True,True,True,14,1
1.1707512048184971,True,True,True,True,True,True,2,3
2.7515328992211647,True,True,True,True,True,True,1,1
1.7039411611612296,True,True,True,True,True,True,1,1
0.07730297458398985,True,True,True,True,True,True,0,1
3.5424591949350557,True,True,True,True,True,True,2,2
0.21575953836162717,True,True,True,True,True,True,0,1
0.008209667393680193,True,True,True,True,True,True,0,1
1.0450316227136396,True,True,True,True,True,True,3,1
2.699086420373537,True,True,True,True,True,True,8,1
0.14068175922703752,True,True,True,True,True,True,0,1
0.27767854465746195,True,True,True,True,True,True,1,1
2.105493520905577,False,True,True,True,True,True,0,1
4.8455006592820835,True,True,True,True,True,True,0,1
2.85929874476231,False,True,True,True,True,True,2,2
2.215040415241655,False,True,True,True,True,True,0,1
2.1974375682052116,False,True,True,True,True,True,7,4
24.56650389757295,False,False,True,True,True,True,1,1
1.781384635897941,True,True,True,True,True,True,10,2
4.206676411784601,True,True,True,True,True,True,3,1
33.509923383229605,False,False,True,True,True,True,0,1
2.4391182750042857,True,True,True,True,True,True,0,1
1.9796785543285804,True,True,True,True,True,True,1,1
3.8472894430033087,True,True,True,True,True,True,5,1
8.442864615892146,True,True,True,True,True,True,4,3
7.344492156314941,True,True,True,True,True,True,2,3
0.31143434114790536,True,True,True,True,True,True,3,1
0.9272353502901588,True,True,True,True,True,True,8,3
8.868313781663154,True,True,True,True,True,True,3,1
0.23044233849777807,True,True,True,True,True,True,7,3
0.12722321578568752,True,True,True,True,True,True,5,1
13.793885172187572,True,True,True,True,True,True,4,3
4.754323743451223,True,True,True,True,True,True,2,1
0.039085184071101016,True,True,True,True,True,True,0,1
3.1974690131750987,False,True,True,True,True,True,5,2
0.1095532303075119,True,True,True,True,True,True,3,1
6.076917739469404,True,True,True,True,True,True,1,2
39.750015153913616,False,False,True,True,True,True,3,1
5.034639405652235,True,True,True,True,True,True,6,2
1.1160149301531603,True,True,True,True,True,True,1,1
1.4454485720794585,True,True,True,True,True,True,3,2
0.13735218961641563,True,True,True,True,True,True,0,1
2.829003220635343,True,True,True,True,True,True,0,1
0.24188164545421637,True,True,True,True,True,True,2,1
0.66022933956905,True,True,True,True,True,True,6,2
3.0805667950987163,True,True,True,True,True,True,1,2
4.4681992191672135,True,True,True,True,True,True,2,3
11.133349555215363,False,True,True,True,True,True,0,1
0.2932470496047616,True,True,True,True,True,True,5,2
2.0599747793220953,True,True,True,True,True,True,3,2
1.2085404026260889,True,True,True,True,True,True,1,1
75.20660229406677,True,True,True,True,True,True,0,1
0.055120002673244656,True,True,True,True,True,True,5,6
3.4049384659472834,True,True,True,True,False,False,5,3
10.279683784754754,True,True,True,True,True,True,0,1
8.779558955859736,True,True,True,True,True,True,3,3
18.264938133968105,True,True,True,True,True,True,2,1
0.09156384558144491,True,True,True,True,True,True,0,1
9.410795544745318,True,True,True,True,True,True,0,1
3.5265184110684276,True,True,True,True,True,True,5,3
3.6329222565382997,True,True,True,True,True,True,0,1
20.627028957672486,True,True,True,True,True,True,6,1
1.4340811351440894,True,True,True,True,True,True,0,1
10.729040507370096,True,True,True,True,True,True,3,1
6.255164893026782,True,True,True,True,True,True,5,3
2.368499549109555,True,True,True,True,True,True,2,1
1.1916585357781082,True,True,True,True,True,True,3,1
0.03499679697427383,True,True,True,True,True,True,4,1
0.0019764033851479737,True,True,True,True,True,True,6,3
0.7660018597380821,True,True,True,True,True,True,4,2
1.7969654007534694,True,True,True,True,True,True,5,1
10.326307051332584,False,True,True,True,True,True,1,1
25.366912488246772,True,True,True,True,True,True,5,1
2.0916149120009084,True,True,True,True,True,True,0,1
5.907299915352296,True,True,True,True,True,True,7,1
1.0880771603521957,True,True,True,True,True,True,5,6
9.86044160165873,True,True,True,True,True,True,3,1
2.3956673068126415,True,True,True,True,True,True,8,1
2.525352512751101,True,True,True,True,True,True,5,2
0.01178157905898406,True,True,True,True,True,True,0,1
0.3086749139923086,True,True,True,True,True,True,6,1
0.41842052103077676,True,True,True,True,True,True,4,1
0.8574638328280612,True,True,True,True,True,True,10,2
14.935576668568837,True,True,True,True,True,True,0,1
0.05377251302798986,True,True,True,True,True,True,1,1
2.590702423901495,True,True,True,True,True,True,3,1
0.6261556208462031,True,True,True,True,True,True,2,1
0.028880776655152218,True,True,True,True,True,True,6,1
12.117606042439533,True,True,True,True,True,True,4,1
0.08792061895071013,True,True,True,True,True,True,6,4
0.05479961239892233,True,True,True,True,True,True,3,1
0.11701826743086957,True,True,True,True,True,True,2,1
7.554934687924002,True,True,True,True,True,True,6,2
1.3171014834495975,True,True,True,True,True,True,0,1
7.230241628629603,True,True,True,True,True,True,0,1
1.7224909812543059,True,True,True,True,True,True,4,1
1.1679909573380545,True,True,True,True,True,True,2,3
7.667521922897349,True,True,True,True,True,True,3,1
9.515294715137282,True,True,True,True,True,True,9,2
0.04093554942802677,True,True,True,True,True,True,2,1
1.4916314583128425,True,True,True,True,True,True,5,1
0.33742363451736374,True,True,True,True,True,True,4,1
0.033922117201519615,True,True,True,False,True,False,4,4
0.29783390081345507,True,True,True,True,True,True,4,1
0.0008417351308403743,True,True,True,True,True,True,0,1
0.5571476903314575,True,True,True,True,True,True,0,1
0.08043533620389462,True,True,True,True,True,True,0,1
5.880800186979787,True,True,True,True,True,True,1,1
3.809758279360435,True,True,True,True,True,True,2,2
0.4023830972699065,True,True,True,True,True,True,4,1
13.586515164433294,True,True,True,True,True,True,3,1
34.689215347476775,False,False,True,True,True,True,2,1
2.541580985433535,True,True,True,True,True,True,0,1
14.843642683163756,True,True,True,True,True,True,0,1
0.27742727331325134,True,True,True,True,False,False,8,7
0.7759995514577036,True,True,True,True,True,True,0,1
0.46653876272724715,True,True,True,True,True,True,9,1
2.9030742381231245,True,True,True,True,True,True,4,1
11.285868936777057,True,True,True,True,True,True,5,2
4.24098893829963,True,True,True,True,True,True,0,1
16.898168677841472,True,True,True,True,True,True,5,1
0.04278022440006701,True,True,True,True,True,True,8,1
5.6248574238261995,True,True,True,True,True,True,4,5
0.07785499122573145,True,True,True,True,True,True,1,1
0.1247083746662001,True,True,True,True,True,True,2,1
3.1962531436433905,True,True,True,True,False,False,3,5
9.664403497906617,True,True,True,True,True,True,2,1
62.49681067960451,True,True,True,True,True,True,7,2
0.43375644298705546,True,True,True,True,True,True,4,2
3.8143533800288405,True,True,True,True,True,True,6,2
20.626116524373728,False,False,True,True,True,True,1,2
0.2917928097638943,True,True,True,True,True,True,2,1
11.38627842403645,True,True,True,True,True,True,4,1
2.299480131025155,True,True,True,True,True,True,2,2
42.30951473821851,True,True,True,True,True,True,10,2
2.4664076939559014,True,True,True,True,True,True,2,2
14.03117962704883,True,True,True,True,True,True,2,2
1.400472887638936,True,True,True,True,True,True,2,1
0.24373299313963756,True,True,True,True,True,True,6,1
1.0706879015932613,True,True,True,True,True,True,3,1
26.631131265976435,True,True,True,True,True,True,9,2
2.274632617786894,True,True,True,True,True,True,2,1
1.0441075520816763,True,True,True,True,True,True,7,4
0.9533918944220872,True,True,True,True,True,True,2,2
1.525090815206629,True,True,True,True,True,True,1,1
0.7353743864600009,True,True,True,True,True,True,3,2
21.737159599164293,True,True,True,True,True,True,4,1
3.1703481358276466,True,True,True,True,True,True,13,2
1.1444845782942694,True,True,True,True,True,True,5,2
0.04487634675792784,True,True,True,True,True,True,15,2
1.0357672872566006,True,True,True,True,True,True,2,1
123.27428485654225,True,False,True,True,True,True,8,3
2.636632310730631,True,True,True,True,True,True,3,1
2.8590481883466983,True,True,True,True,True,True,2,2
21.96496408152933,True,True,True,True,True,True,2,1
0.21662436999716314,True,True,True,True,True,True,4,2
3.074071418830124,True,True,True,True,True,True,1,1
1.2238664689236123,True,True,True,True,True,True,4,1
24.488812676484187,True,True,True,True,True,True,11,2
0.11552433191393376,True,True,True,True,True,True,0,1
0.03423246916878171,True,True,True,True,True,True,15,2
5.438155525432107,True,True,True,True,True,True,4,1
0.22374832849947418,True,True,True,True,True,True,2,1
2.1998614682713957,True,True,True,False,True,False,1,4
4.070502695025193,True,True,True,True,True,True,13,2
2.9741382566187293,True,True,True,True,True,True,5,1
0.39901410953000643,True,True,True,True,True,True,6,1
9.595363556364541,True,True,True,True,True,True,12,1
2.2341266835038676,True,True,True,True,True,True,0,1
2.5244765059966254,True,True,True,True,True,True,0,1
0.07356802307599009,True,True,True,True,True,True,3,2
0.23668499203819018,True,True,True,True,True,True,4,2
9.259642300407494,True,True,True,True,True,True,8,3
9.735034563952906,False,True,True,True,True,True,1,1
5.32985495417328,True,True,True,True,True,True,3,1
4.260850374829223,True,True,True,True,True,True,6,1
1.3616434366211003,True,True,True,True,True,True,0,1
0.019666159448080443,True,True,True,True,True,True,4,1
0.19469526193219547,True,True,True,True,True,True,10,2
0.20681371822577713,True,True,True,True,True,True,7,1
1.7565343406600606,False,True,True,True,True,True,1,1
0.044811852458461185,True,True,True,True,True,True,2,1
0.5852648738171955,True,True,True,True,True,True,4,3
0.4129094747637336,True,True,True,True,True,True,0,1
2.637964862246694,True,True,True,True,True,True,6,1
0.8811860510422606,True,True,True,True,True,True,1,1
1.174756266000846,True,True,True,True,True,True,4,1
0.4354818818100404,True,True,True,True,True,True,6,1
6.9591961526189525,True,True,True,True,True,True,1,1
1.1375680875609526,True,True,True,True,True,True,4,1
12.555454571563125,True,True,True,True,True,True,2,2
5.687499883135076,True,True,True,True,True,True,8,6
4.74214825460479,False,True,True,True,True,True,0,1
1.955974306085072,True,True,True,True,True,True,4,1
28.147340219629847,True,True,True,True,True,True,4,1
3.4446719182059797,True,True,True,True,True,True,4,1
0.558999635991679,True,True,True,True,True,True,9,1
0.4021367022678998,True,True,True,True,True,True,2,2
50.60641085881573,False,True,True,True,True,True,9,10
3.827348979751229,True,True,True,True,True,True,3,1
2.337618670317615,True,True,True,True,True,True,1,1
6.164292203271272,True,True,True,True,True,True,3,1
0.8699812475631373,True,True,True,True,True,True,5,2
3.768729099844702,True,True,True,True,True,True,2,1
5.667852332679588,True,True,True,True,True,True,3,2
1.5491270202391931,True,True,True,True,True,True,1,1
26.70766802269075,True,True,True,True,True,True,3,1
7.516542310348361,True,True,True,True,True,True,3,1
88.2917635273581,True,True,True,True,True,True,5,3
9.224111431720427,True,True,True,True,True,True,10,2
3.2335620559713734,True,True,True,True,True,True,4,2
19.608432511549054,True,True,True,True,True,True,0,1
0.3583722188425159,True,True,True,True,True,True,5,3
0.03976451359161559,True,True,True,True,True,True,2,2
0.4998087762369095,True,True,True,True,True,True,4,2
0.1935825440356544,True,True,True,True,True,True,8,1
3.052302442534803,False,True,True,True,True,True,0,1
5.993171266354126,True,True,True,True,True,True,2,1
8.658948075596278,True,True,True,True,True,True,18,5
14.006521570728394,True,True,True,True,True,True,1,1
1.4279478796330758,True,True,True,True,True,True,2,1
4.059661428163716,True,True,True,True,True,True,5,4
14.773546963825885,True,True,True,True,True,True,1,1
0.19094828616266765,True,True,True,True,True,True,1,1
0.6769972105093223,True,True,True,True,True,True,1,2
2.6896232473318364,True,True,True,True,True,True,3,1
0.3262168875380899,True,True,True,True,True,True,2,2
2.960027975124158,True,True,True,True,True,True,0,1
0.9637264421019226,True,True,True,True,True,True,2,2
2.835990556135191,True,True,True,True,True,True,3,2
4.752850374861609,True,True,True,True,True,True,5,2
0.2703061037234003,True,True,True,True,True,True,2,2
0.33182405231946194,True,True,True,True,True,True,1,1
0.2624852676828356,True,True,True,True,True,True,1,1
3.7856644661520233,True,True,True,True,True,True,5,1
41.41365462299907,False,False,True,False,True,False,3,6
0.010944335362127125,True,True,True,True,True,True,0,1
3.248326993940752,True,True,True,True,True,True,12,1
0.05860381361051706,True,True,True,True,True,True,6,1
2.156481340766457,True,True,True,True,True,True,3,4
0.8906887784649444,True,True,True,True,True,True,5,3
13.412194215062808,True,True,True,True,True,True,5,2
0.05950540592170225,True,True,True,True,True,True,1,1
24.803502255418167,True,True,True,True,True,True,0,1
0.050935395920952975,True,True,True,True,True,True,1,1
194.90179332020676,False,False,True,True,True,True,0,1
5.91482278255117,True,True,True,True,True,True,0,1
1.431832001307953,True,True,True,True,True,True,0,1
8.06900191721359,True,True,True,True,True,True,0,1
1.6757671430650374,True,True,True,True,True,True,5,2
8.645027859413588,True,True,True,True,True,True,6,2
0.1181860640860753,True,True,True,True,True,True,0,1
0.2500747012461109,True,True,True,True,True,True,3,1
4.435871214217918,False,True,True,True,True,True,1,1
2.6212960858259717,True,True,True,True,True,True,0,1
1.6849607190384497,True,True,True,True,True,True,1,1
0.3424435587111538,True,True,True,True,True,True,3,1
2.0039033224896694,True,True,True,True,True,True,11,1
2.491829465091316,True,True,True,True,True,True,4,1
18.418291861406562,True,True,True,True,True,True,3,1
1.3236333417981914,True,True,True,True,True,True,5,1
0.010951799765581966,True,True,True,True,True,True,0,1
3.219195651447246,True,True,True,True,True,True,5,1
15.611853745187458,False,False,True,True,True,True,1,1
3.082013329683985,False,True,True,True,True,True,1,2
0.43217952112531577,True,True,True,True,True,True,3,1
0.18256716960228078,True,True,True,True,True,True,1,2
1.2120611686324907,True,True,True,True,True,True,2,1
1.1605583818929681,True,True,True,True,True,True,5,1
7.78621658101268,True,True,True,True,True,True,4,4
0.007618297139668792,True,True,True,True,True,True,0,1
5.465135162269363,True,True,True,True,True,True,9,1
0.8470894968963574,True,True,True,True,True,True,2,1
2.7546128723953305,True,True,True,True,True,True,8,3
0.9630653061311926,True,True,True,True,True,True,4,2
1.4138514268045326,True,True,True,True,True,True,4,4
0.022283336238595738,True,True,True,True,True,True,4,3
0.2051587151548484,True,True,True,True,True,True,0,1
29.50241661348913,True,True,True,True,True,True,4,2
8.830614669623031,True,True,True,True,True,True,1,2
2.296389880108213,True,True,True,True,True,True,2,2
0.6512861993297051,True,True,True,True,True,True,0,1
0.15920197276324002,True,True,True,True,True,True,3,1
7.114492320461263,True,True,True,True,True,True,9,8
2.1662813972241737,True,True,True,True,True,True,0,1
5.861115905868742,True,True,True,True,True,True,5,1
0.034976753041124096,True,True,True,True,True,True,11,6
7.216085985627739,True,True,True,True,True,True,4,4
0.7059174232693096,True,True,True,True,True,True,5,2
1.5001838951608721,True,True,True,True,True,True,4,1
16.24895880140648,True,True,True,True,True,True,0,1
0.4242551365451552,True,True,True,True,True,True,4,1
21.622124715434023,False,False,True,True,True,True,0,1
0.3376300606193033,True,True,True,True,True,True,4,3
8.418730954385254,True,True,True,True,True,True,5,3
0.5635453428797496,True,True,True,True,True,True,0,1
0.2972133566444815,True,True,True,True,True,True,4,3
0.09870982453471334,True,True,True,True,True,True,0,1
3.3840759079167744,False,True,True,True,True,True,8,2
0.8054236840375762,True,True,True,True,True,True,3,2
1.371943178916013,True,True,True,True,True,True,0,1
1.999203935366226,True,True,True,True,True,True,1,1
15.463061014564127,True,True,True,True,True,True,4,1
2.074192665436243,True,True,True,True,True,True,3,1
0.791930699949517,True,True,True,True,True,True,0,1
4.069358340770211,True,True,True,True,True,True,7,3
0.14212962774341537,True,True,True,True,True,True,3,1
0.09756203707971553,True,True,True,True,True,True,4,4
7.16256804521374,True,True,True,True,True,True,5,2
2.187911405696835,True,True,True,True,True,True,2,1
0.16130655700685478,True,True,True,True,True,True,2,3
0.8920529222148383,True,True,True,True,True,True,1,1
3.0110279155210633,True,True,True,True,True,True,2,1
5.80239459877082,True,True,True,True,True,True,2,1
2.742957613753907,False,True,True,True,True,True,4,1
4.407397262703933,True,True,True,True,True,True,13,5
42.30951473821851,True,True,True,True,True,True,16,10
1.7747054981577677,True,True,True,True,True,True,3,1
0.5849751742723951,True,True,True,True,True,True,4,5
1.0009720800371371,True,True,True,True,True,True,16,8
0.048692530084663156,True,True,True,True,True,True,2,1
1.2115917222287003,True,True,True,True,True,True,3,3
0.10423681021782895,True,True,True,True,True,True,5,1
2.3956673068126415,True,True,True,True,True,True,4,1
20.352276570379022,True,True,True,True,True,True,6,1
1.7703695573426075,True,True,True,True,True,True,5,1
4.389473909974174,True,True,True,True,True,True,1,1
60.14362142971485,True,True,True,True,True,True,2,1
0.43688533941818064,True,True,True,True,True,True,5,2
0.7049760122986193,True,True,True,True,True,True,12,1
0.24832935598753827,True,True,True,True,True,True,3,3
19.318491242184987,True,True,True,True,True,True,18,4
3.9845225218523708,True,True,True,True,True,True,2,1
21.73051896313322,True,True,True,True,True,True,7,3
1.8717963593586238,True,True,True,True,True,True,3,2
5.527145939734106,False,False,True,True,True,True,4,1
0.18763626448075774,True,True,True,True,True,True,4,1
22.172183561682907,True,True,True,True,True,True,7,2
0.05268484616195732,True,True,True,True,True,True,8,2
2.432967379768883,True,True,True,True,True,True,2,1
21.206113979549947,True,True,True,True,True,True,14,4
0.6769456899018295,True,True,True,True,True,True,14,2
3.2203967945883045,True,True,True,True,True,True,0,1
0.11539325398056706,True,True,True,True,True,True,7,1
0.001145744638758987,True,True,True,True,True,True,0,1
1.8456607842115322,True,True,True,True,True,True,5,2
0.42298996780023074,True,True,True,True,True,True,17,4
13.887363429033993,True,True,True,True,True,True,0,1
5.50564268920938,True,True,True,True,True,True,3,1
0.5481903800014407,True,True,True,True,True,True,0,1
0.16502457781915958,True,True,True,True,True,True,5,1
4.049497540347461,True,True,True,True,True,True,4,3
0.3722662401639305,True,True,True,True,True,True,1,1
7.342322899755119,True,True,True,True,True,True,2,1
0.18745659435599787,True,True,True,True,True,True,0,1
0.5258759983336978,True,True,True,True,True,True,2,2
16.95711947017843,True,True,True,True,True,True,3,3
1.7731215111632135,True,True,True,True,True,True,9,3
55.57189996468473,True,True,True,True,True,True,6,4
5.515287922684813,True,True,True,True,True,True,0,1
2.5214739146958984,True,True,True,True,True,True,1,1
14.697256613533405,True,True,True,True,True,True,0,1
4.804166769087589,True,True,True,True,True,True,0,1
0.4204745514007145,True,True,True,True,True,True,3,4
3.6839775990922674,True,True,True,True,True,True,4,1
36.6051892190007,True,True,True,True,True,True,6,2
0.33639210495156274,True,True,True,True,True,True,0,1
0.03991560168513879,True,True,True,True,True,True,2,1
79.9230618457379,True,True,True,True,True,True,0,1
2.322183992933746,True,True,True,True,True,True,6,1
0.07809554221051083,True,True,True,True,True,True,4,3
19.183830988942255,True,True,True,True,True,True,3,1
0.01717378295332064,True,True,True,True,True,True,2,2
0.160713914288721,True,True,True,True,True,True,9,6
1.2894196455709983,True,True,True,False,True,False,2,3
0.13404931165152043,True,True,True,True,True,True,9,4
19.878650114413958,True,True,True,True,True,True,0,1
1.9432502154512366,True,True,True,True,True,True,2,1
0.0791751954993194,True,True,True,True,True,True,0,1
0.0786298575443374,True,True,True,True,True,True,0,1
1.62202998434429,True,True,True,True,True,True,3,2
2.9044469549184306,True,True,True,True,True,True,17,6
1.0636466899684562,True,True,True,True,True,True,3,1
1.6803352422469908,True,True,True,True,True,True,4,3
24.256742206546235,True,True,True,True,True,True,5,1
0.04860826458119454,True,True,True,True,True,True,4,2
7.4697036421286676,False,False,True,True,True,True,8,2
0.20346312412232145,True,True,True,True,True,True,3,3
0.16701742373997822,True,True,True,True,True,True,6,4
6.231156090295087,True,True,True,True,True,True,1,1
23.757738439286047,True,True,True,True,True,True,5,1
0.6903322608798869,True,True,True,True,True,True,1,1
0.8882105221237011,True,True,True,True,True,True,0,1
10.255046983115951,True,True,True,True,True,True,12,8
0.5824730018357135,True,True,True,True,True,True,0,1
8.711701969365926,True,True,True,True,True,True,3,1
12.085727364594002,True,True,True,True,True,True,16,5
0.3295267648949621,True,True,True,True,True,True,3,2
3.1755941033806563,True,True,True,True,True,True,3,1
15.445868370865881,True,True,True,True,True,True,0,1
7.148731079566143,True,True,True,True,True,True,7,1
10.610382326715444,True,True,True,True,True,True,6,1
8.136656173992824,True,True,True,True,True,True,8,2
2.6003119131001124,True,True,True,True,True,True,2,2
25.607497921038366,True,True,True,True,True,True,7,7
0.13688855375463066,True,True,True,True,True,True,5,1
6.651221232091588,True,True,True,True,True,True,5,1
0.01645986189362882,True,True,True,True,True,True,5,1
19.597395934423574,True,True,True,True,True,True,0,1
1.0732411822405241,True,True,True,True,True,True,1,1
0.36629339690786256,True,True,True,True,True,True,6,3
12.466064698506848,True,True,True,True,True,True,1,1
6.670726770676656,True,True,True,True,True,True,2,1
16.03105490444934,True,True,True,True,True,True,7,1
3.072312926600057,True,True,True,True,True,True,3,3
0.17887261548406694,True,True,True,True,True,True,0,1
5.5211515774086495,True,True,True,True,True,True,1,1
0.009120262944726603,True,True,True,True,True,True,0,1
0.8598937952877148,True,True,True,True,True,True,4,1
8.095245986849884,True,True,True,True,True,True,2,2
44.06936311278834,True,True,True,True,True,True,2,1
5.634092866038868,False,True,True,True,True,True,2,1
0.21799193060971372,True,True,True,True,True,True,0,1
4.52306795240883,True,True,True,True,True,True,12,2
9.961893235395294,True,True,True,True,True,True,5,1
0.009907654297112238,True,True,True,True,True,True,1,2
7.403149460131255,False,True,True,True,True,True,2,1
0.024578328037450897,True,True,True,True,True,True,5,1
0.08095535495003804,True,True,True,True,True,True,7,4
2.576550219049723,True,True,True,True,True,True,0,1
3.669960664381833,True,True,True,True,True,True,1,2
0.04015673690411208,True,True,True,True,True,True,3,1
0.008447987773978082,True,True,True,True,True,True,6,1
1.8041649347402091,True,True,True,True,True,True,0,1
4.921885098879306,True,True,True,True,True,True,14,4
4.973030417424263,True,True,True,True,True,True,1,1
38.26045862835728,False,True,True,True,True,True,5,5
0.008348867849053563,True,True,True,True,True,True,0,1
0.5679803947041702,True,True,True,True,True,True,1,1
0.014926623439197973,True,True,True,True,True,True,3,1
0.05181117424846522,True,True,True,True,True,True,0,1
0.22560839398820567,True,True,True,True,True,True,7,1
3.7856814038017155,True,True,True,True,True,True,10,5
0.01307655251052579,True,True,True,True,True,True,6,1
0.5962743581896918,True,True,True,True,True,True,0,1
4.080577045003858,True,True,True,True,True,True,3,1
4.531582035778535,True,True,True,True,True,True,3,1
53.74599225049604,True,True,True,True,True,True,0,1
0.9521407684342286,True,True,True,True,True,True,0,1
3.140734265322046,True,True,True,True,True,True,3,1
0.6397331474095882,True,True,True,True,True,True,5,1
2.2942055945325355,True,True,True,True,True,True,0,1
0.4979071050447921,True,True,True,True,True,True,3,1
3.3059062356583007,True,True,True,True,True,True,2,1
0.44522701285200295,True,True,True,True,True,True,0,1
0.5533845218879864,True,True,True,True,True,True,1,1
0.7594355103446699,True,True,True,True,True,True,0,1
0.18516476871234192,True,True,True,True,True,True,1,1
1.6786516802386473,True,True,True,True,True,True,6,1
1.85876030380521,False,True,True,True,True,True,4,1
17.585011083570766,True,True,True,True,True,True,3,2
0.9598520934446108,True,True,True,True,True,True,4,1
7.264457086698233,True,True,True,True,True,True,16,1
0.004240202142027389,True,True,True,True,True,True,4,1
2.4921165263247533,True,True,True,True,True,True,3,1
0.49113811010912706,True,True,True,True,True,True,12,2
2.3638706612922618,True,True,True,True,True,True,1,1
69.6590744585825,True,True,True,True,True,True,5,1
0.7548166998751185,True,True,True,True,True,True,4,1
23.626175686511385,True,True,True,True,True,True,3,1
1.2670174808187933,True,True,True,True,True,True,4,2
1.1028120359040408,True,True,True,True,True,True,3,2
0.25532997910575495,True,True,True,True,True,True,4,4
0.8499510009210952,True,True,True,True,True,True,2,2
0.297553483780197,True,True,True,True,True,True,0,1
1.9694669841840362,True,True,True,True,False,False,5,3
28.23798521289458,True,True,True,True,True,True,3,3
1.9119689188650864,True,True,True,True,True,True,1,2
0.03925605352721108,True,True,True,True,True,True,1,1
0.9802775229814021,True,True,True,True,True,True,2,1
0.7059415226221161,True,True,True,True,True,True,1,1
0.24315568117245276,True,True,True,True,True,True,1,1
1.485464831969555,True,True,True,True,True,True,3,3
1.4862479231545755,True,True,True,True,True,True,1,1
10.837772035995496,True,True,True,True,True,True,3,1
10.951855564911629,True,True,True,True,True,True,8,2
0.9630876311897157,False,True,True,True,True,True,4,1
0.3041039781747851,True,True,True,True,True,True,1,1
2.908784805944272,True,True,True,True,True,True,0,1
6.568759823576356,True,True,True,True,True,True,6,1
0.187757743164612,True,True,True,True,True,True,3,1
6.619649363265298,True,True,True,True,True,True,4,1
0.601768916776088,True,True,True,True,True,True,7,1
0.964433004812621,True,True,True,True,True,True,0,1
0.22670534661522457,True,True,True,True,True,True,3,3
11.012927264165132,True,True,True,True,True,True,3,1
0.14904138885311588,True,True,True,True,True,True,16,5
1.2700615302246836,True,True,True,True,True,True,4,1
6.73067857583728,True,True,True,True,True,True,0,1
14.458608856579252,True,True,True,True,True,True,2,1
1.522090613939735,True,True,True,True,True,True,4,1
8.696533982690603,True,True,True,True,True,True,3,1
6.917000751491213,False,False,True,True,True,True,2,2
4.161129677083658,True,True,True,True,True,True,1,2
1.0510575783117777,True,True,True,True,True,True,2,1
0.06160770558122512,True,True,True,True,True,True,5,1
0.9430146358275086,True,True,True,True,True,True,8,4
0.5043195685274136,True,True,True,True,True,True,0,1
0.46461866558403664,True,True,True,True,True,True,1,1
10.312335189869822,True,True,True,True,True,True,7,1
0.7535991779130607,True,True,True,True,True,True,1,1
2.138557030189922,True,True,True,True,True,True,0,1
31.43306827712907,True,True,True,True,True,True,2,1
2.907865049372936,True,True,True,True,True,True,3,1
0.6797909981241956,True,True,True,True,True,True,7,3
0.42799877183934626,True,True,True,True,True,True,10,2
20.373140170292302,True,True,True,True,True,True,2,1
0.5606095024435223,True,True,True,True,True,True,6,1
10.365548395654304,False,True,True,True,True,True,0,1
2.3348408418224946,True,True,True,True,True,True,0,1
11.626447472379521,True,True,True,True,True,True,3,1
1.3574403352976696,True,True,True,True,True,True,5,1
8.568985942706831,True,True,True,True,True,True,2,1
6.355405517815874,True,True,True,True,True,True,2,1
32.274759328369015,True,True,True,True,True,True,8,2
0.19755456193599238,True,True,True,True,True,True,1,1
0.47603260974334,True,True,True,True,True,True,10,1
0.7700151888466903,True,True,True,True,True,True,1,1
31.33302037397069,True,True,True,True,True,True,2,1
1.3108223531316197,False,True,True,True,True,True,7,1
2.0424994657684974,True,True,True,True,True,True,0,1
0.8505630781143987,True,True,True,True,True,True,1,2
0.439946844144563,True,True,True,True,True,True,1,1
0.4872204927651318,True,True,True,True,True,True,4,1
0.0055811728161410026,True,True,True,True,True,True,3,1
1.5852684247997877,True,True,True,True,True,True,15,8
4.760912525217285,True,True,True,True,True,True,0,1
5.033394267510701,True,True,True,True,True,True,16,4
0.20889288452187696,True,True,True,True,True,True,0,1
8.34801093900703,False,False,True,True,True,True,11,1
22.753730701846145,True,True,True,True,True,True,3,1
20.20554880670956,True,True,True,True,True,True,12,4
10.98965850617777,True,True,True,True,True,True,0,1
1.862763378333549,True,True,True,True,True,True,4,4
2.0731824230341127,True,True,True,True,True,True,0,1
2.6027180285235563,True,True,True,True,True,True,7,3
0.9936101196226205,True,True,True,True,True,True,4,1
0.6298914797401636,True,True,True,True,True,True,1,1
5.457141306902339,False,True,True,True,True,True,5,1
0.022871271125110035,True,True,True,True,True,True,4,1
5.792904219713372,True,True,True,True,True,True,2,1
2.36942551802396,True,True,True,True,True,True,5,1
0.7672524371784029,True,True,True,True,True,True,6,1
5.196970919443715,True,True,True,True,True,True,4,1
1.315697699563929,True,True,True,True,True,True,1,1
4.8444273967499125,True,True,True,True,True,True,0,1
0.5532151706745897,True,True,True,True,True,True,0,1
31.945243074347182,True,True,True,True,True,True,0,1
0.32953308424025274,True,True,True,True,True,True,5,1
0.17018466078217107,True,True,True,True,True,True,3,2
1.5487383991734802,True,True,True,True,True,True,0,1
10.596807859294948,True,True,True,True,True,True,6,1
2.6823607572601356,True,True,True,True,True,True,1,1
2.2144477877701627,True,True,True,True,True,True,0,1
3.096552254995158,True,True,True,True,True,True,1,1
1.7715294227072385,True,True,True,True,True,True,1,2
7.126986945070262,True,True,True,True,True,True,0,1
0.6781913234630074,True,True,True,True,True,True,2,1
14.766071457150971,True,True,True,True,True,True,6,3
0.34623879847465017,True,True,True,True,True,True,3,1
0.3172776025966135,True,True,True,True,False,False,0,1
1.6858829217321094,True,True,True,True,True,True,2,1
3.3936536974243845,True,True,True,True,True,True,2,2
0.7838308309604306,True,True,True,False,True,False,3,3
7.830145083962376,True,True,True,True,True,True,3,4
0.7487118822908418,True,True,True,True,True,True,9,1
24.521376108587127,True,True,True,True,True,True,2,1
5.460714824684626,True,True,True,True,True,True,1,1
16.307410770938944,True,True,True,True,True,True,5,1
7.54737964109558,True,True,True,True,True,True,3,1
0.0843640790839095,True,True,True,True,True,True,14,1
4.62751729967392,True,True,True,True,True,True,0,1
0.017551193343278516,True,True,True,True,True,True,8,5
3.8600620760262063,True,True,True,True,True,True,3,3
1.2132947141376187,True,True,True,True,True,True,0,1
0.0031436126505679923,True,True,True,True,True,True,1,1
3.4816432565688835,True,True,True,True,True,True,6,1
0.5174438146989299,True,True,True,True,True,True,4,2
0.3520724124823107,True,True,True,True,True,True,1,1
71.55829869511503,True,True,True,True,True,True,6,1
55.124381708701314,False,False,True,True,True,True,1,1
0.6505832774783749,True,True,True,True,True,True,4,2
0.13442132023090575,True,True,True,True,True,True,1,1
10.300102579516993,True,True,True,True,True,True,10,1
0.5196628043195701,True,True,True,True,True,True,2,1
0.646675047498828,True,True,True,True,True,True,2,1
1.5131336411717178,True,True,True,True,False,False,2,2
2.4265451354583503,True,True,True,True,True,True,4,2
1.5481275456108685,True,True,True,True,True,True,16,5
1.8146795109092373,False,True,True,True,True,True,4,1
1.029729384597777,True,True,True,True,True,True,0,1
1.5634208363741757,True,True,True,True,True,True,3,1
0.4491385706545739,True,True,True,True,True,True,0,1
5.141251791401462,True,True,True,True,True,True,9,1
0.14769432856729237,True,True,True,True,True,True,1,1
76.5676672497984,False,False,True,True,True,True,3,1
3.233703233970632,True,True,True,True,True,True,3,1
1.8690467922987362,False,True,True,True,True,True,6,2
31.75538712226693,True,True,True,True,True,True,2,1
1.1824221166164977,True,True,True,True,True,True,2,2
0.6447460208638216,True,True,True,True,True,True,7,1
0.4930826825914118,True,True,True,True,True,True,5,3
4.628959056846268,True,True,True,True,True,True,1,1
27.547560272622263,True,True,True,True,True,True,4,1
63.01691944506377,True,True,True,True,True,True,3,1
2.7115131375602908,True,True,True,True,True,True,0,1
1.5785696624443017,True,True,True,True,True,True,5,1
0.9465760516155957,True,True,True,True,True,True,5,1
4.67374769155605,True,True,True,True,True,True,3,3
0.5856885591009553,True,True,True,True,True,True,1,1
0.9967317293301182,True,True,True,True,True,True,2,1
4.022485939797321,True,True,True,True,True,True,0,1
6.049092075488379,False,True,True,True,True,True,1,1
5.975204568865769,True,True,True,True,True,True,1,1
10.419601831979943,True,True,True,True,True,True,4,1
0.06476314913586442,True,True,True,True,True,True,1,1
0.38607744050021514,True,True,True,True,True,True,0,1
0.5839389589541988,True,True,True,True,True,True,1,1
0.023512594179211123,True,True,True,True,True,True,10,2
21.082115182717697,True,True,True,True,True,True,1,1
9.315461408449668,True,True,True,True,True,True,2,2
2.1616814712670034,True,True,True,True,True,True,14,2
0.6268282618695618,True,True,True,True,True,True,3,1
1.2575750480219567,True,True,True,True,True,True,1,2
1.3543348631345868,True,True,True,True,True,True,1,1
2.2168205468160656,True,True,True,True,True,True,6,1
0.058838052652847785,True,True,True,True,True,True,1,1
0.4136379759191285,True,True,True,True,True,True,6,1
8.885331928621833,True,True,True,True,True,True,4,1
1.2259376811132665,True,True,True,True,True,True,2,1
3.5810542244310453,True,True,True,True,True,True,1,1
0.011672503324287561,True,True,True,True,True,True,12,2
0.004130516010612334,True,True,True,True,False,False,0,1
0.30846457404693695,True,True,True,True,True,True,3,2
0.7585381416640414,True,True,True,True,True,True,1,1
0.011632180516673543,True,True,True,True,True,True,4,1
0.017996262592276102,True,True,True,True,True,True,3,1
1.8397368430925272,True,True,True,True,True,True,4,2
1.7041725965733383,True,True,True,False,True,False,3,4
4.124453544112343,True,True,True,True,True,True,2,1
1.2542199916533925,True,True,True,True,True,True,13,4
0.34746076869339443,True,True,True,True,True,True,7,1
2.9991757911236063,True,True,True,True,True,True,5,4
19.669733209967934,False,True,True,True,True,True,0,1
67.12526410842206,True,True,True,True,True,True,4,2
0.23036313677323147,True,True,True,True,True,True,12,3
19.780671974855398,True,True,True,True,True,True,7,1
0.0697336072988491,True,True,True,True,True,True,6,6
1.249713399559378,True,True,True,True,True,True,0,1
2.703183087815726,True,True,True,True,True,True,10,5
0.18244665945823912,True,True,True,True,True,True,2,2
1.0484636676983001,True,True,True,True,True,True,2,1
0.13944679628217183,True,True,True,True,True,True,3,2
4.629222029437736,True,True,True,True,True,True,11,3
24.538289684375503,True,True,True,True,True,True,16,2
0.3536216363692004,True,True,True,True,True,True,2,2
5.078670313219545,True,True,True,True,True,True,8,1
0.8791216004153948,True,True,True,True,True,True,1,1
0.01810045864183758,True,True,True,True,True,True,6,3
0.4321520639969425,True,True,True,True,True,True,3,2
49.644048919208934,True,True,True,True,True,True,6,2
108.96358430468547,True,True,True,True,True,True,2,2
1.264530821013571,True,True,True,True,True,True,0,1
14.639858684118828,True,True,True,True,True,True,2,1
2.3566826635716107,True,True,True,True,True,True,0,1
20.600353779950634,True,True,True,True,True,True,0,1
1.9833409501358013,False,True,True,True,True,True,5,1
3.299449841172632,True,True,True,True,True,True,0,1
5.092679859822493,True,True,True,True,True,True,2,1
2.8818517562500876,True,True,True,True,True,True,3,4
7.88789081448053,True,True,True,True,True,True,4,4
0.67061306987417,True,True,True,True,True,True,9,5
0.09876281256273042,True,True,True,True,True,True,0,1
15.456776135507976,True,True,True,True,True,True,12,1
1.5713922085867633,True,True,True,True,True,True,0,1
1.083064181621934,True,True,True,True,True,True,5,3
16.251245904249473,True,True,True,True,True,True,2,1
1.1008271371056066,True,True,True,True,True,True,5,2
0.12944575098495656,True,True,True,True,True,True,12,2
2.738705027664796,True,True,True,True,True,True,1,1
1.8467079748705486,True,True,True,True,True,True,0,1
0.9047113451563408,True,True,True,True,True,True,3,2
6.041543973423159,True,True,True,True,True,True,13,1
16.37771516444814,True,True,True,True,True,True,0,1
0.7845340479095274,True,True,True,True,True,True,3,3
0.8187484240409234,True,True,True,True,True,True,13,1
0.3474001458307965,True,True,True,True,True,True,8,1
2.4806119110099805,True,True,True,True,True,True,0,1
103.17162100006402,True,True,True,True,True,True,0,1
9.366704332405133,True,True,True,True,True,True,6,1
0.015971474385539128,True,True,True,True,True,True,1,1
0.05541863810261732,True,True,True,True,True,True,0,1
0.09754223976077174,True,True,True,True,True,True,1,1
0.31451998969850575,True,True,True,True,True,True,3,4
0.08214210971548666,True,True,True,True,True,True,2,2
8.320459365140591,False,True,True,True,False,False,1,1
1.045203214055685,True,True,True,True,True,True,16,5
1.6146193918783251,True,True,True,True,True,True,12,4
25.578136588645684,True,True,True,True,True,True,0,1
2.036298935629491,True,True,True,True,True,True,3,1
1.1524680575763784,True,True,True,True,True,True,4,1
0.6264909451787625,True,True,True,True,True,True,0,1
5.647986786076079,True,True,True,True,True,True,7,2
1.667052463149489,True,True,True,True,True,True,2,1
0.014561693941963433,True,True,True,True,True,True,1,1
10.688704274961145,True,True,True,True,True,True,0,1
17.95445084079538,True,True,True,True,True,True,2,1
0.03817356181530049,True,True,True,True,True,True,6,3
15.115028169010872,False,False,True,True,True,True,4,1
14.239886070440638,True,True,True,True,True,True,3,2
0.31226421186210357,True,True,True,True,True,True,0,1
16.866550586679097,True,True,True,True,True,True,5,1
0.35362692978651206,True,True,True,True,True,True,0,1
2.031249813508108,True,True,True,True,True,True,4,1
0.15950111013112991,True,True,True,True,True,True,5,1
0.28157146300296276,True,True,True,True,True,True,5,5
0.006964124696761545,True,True,True,True,True,True,14,7
1.7272793906070742,True,True,True,True,True,True,0,1
1.0795571698357327,True,True,True,True,True,True,2,1
2.0841486880148326,True,True,True,True,True,True,7,4
0.033889531607487616,True,True,True,True,True,True,0,1
5.976888500344682,True,True,True,True,True,True,0,1
22.731005645801822,False,False,True,True,True,True,1,1
8.267839752268179,True,True,True,True,True,True,1,1
1.2375522633885434,True,True,True,True,True,True,7,1
0.8679979958857817,True,True,True,True,True,True,1,2
3.1365629384960494,True,True,True,True,True,True,2,1
0.3249921335348122,True,True,True,True,True,True,9,6
2.523635291507938,True,True,True,True,True,True,0,1
2.6175649244998525,True,True,True,True,True,True,0,1
3.6388794382695204,True,True,True,True,True,True,2,1
0.08686603466657211,True,True,True,True,True,True,3,2
0.11887195699615949,True,True,True,True,True,True,8,1
8.56100114996086,True,True,True,True,True,True,6,1
0.8552234128102504,True,True,True,True,True,True,1,1
5.019405614020764,True,True,True,True,True,True,1,1
0.003982699852156863,True,True,True,True,True,True,0,1
0.1254820540291106,True,True,True,True,True,True,3,2
1.199552391835159,True,True,True,True,True,True,3,2
26.66809797076901,True,True,True,True,True,True,5,1
15.206986066832501,True,True,True,True,True,True,0,1
0.9793432915910819,True,True,True,True,True,True,5,2
5.078449983767859,True,True,True,True,True,True,11,8
0.15296746965288263,True,True,True,True,True,True,3,2
0.621828057869606,True,True,True,True,True,True,11,1
17.673709490886353,True,True,True,True,True,True,1,1
6.981882152144795,True,True,True,True,True,True,1,1
1.2541590075118205,True,True,True,True,True,True,4,2
4.545907965013283,True,True,True,True,True,True,1,1
1.3336896302379486,True,True,True,True,True,True,4,1
1.5865020360177824,True,True,True,True,True,True,1,1
7.44175330505409,False,False,True,True,True,True,8,1
6.844328488322788,True,True,True,True,True,True,2,2
0.9328480832706458,True,True,True,True,True,True,0,1
2.4475436632662024,True,True,True,True,True,True,3,3
12.41993603148941,True,True,True,True,True,True,0,1
4.464408209741771,True,True,True,True,True,True,2,1
3.4173619542081544,True,True,True,True,True,True,1,1
10.055636787488364,True,True,True,True,True,True,2,1
1.9865516807120733,True,True,True,True,True,True,7,3
0.08571946129821396,True,True,True,True,True,True,9,1
0.2403529689187362,True,True,True,True,True,True,0,1
35.2375041072617,True,True,True,True,True,True,12,1
6.8481602497011735,True,True,True,True,True,True,9,1
4.932296341801888,True,True,True,True,True,True,2,2
1.4539914697453633,True,True,True,True,True,True,8,1
0.03567292013816075,True,True,True,True,True,True,1,1
2.3806210062271926,True,True,True,True,True,True,3,1
0.06999632447910517,True,True,True,True,True,True,9,1
4.4805591459239,True,True,True,True,True,True,4,1
0.015205872526698212,True,True,True,True,True,True,3,1
4.322844327911843,True,True,True,True,True,True,2,2
0.4218423465925944,True,True,True,True,False,False,0,1
2.5539308735593615,True,True,True,True,True,True,12,1
0.31482480672615537,True,True,True,True,True,True,0,1
0.5936137798086754,True,True,True,True,True,True,4,1
7.245393243466843,True,True,True,True,True,True,5,1
0.5605273441078823,True,True,True,True,True,True,4,4
3.144669610214735,True,True,True,True,True,True,4,4
2.1629908946798606,True,True,True,True,True,True,5,1
4.8881542868121866,True,True,True,True,True,True,0,1
0.21751172918041617,True,True,True,True,True,True,6,6
10.453961474353623,True,True,True,True,True,True,1,1
0.08061800707934316,True,True,True,True,True,True,0,1
0.02275016032451692,True,True,True,True,True,True,5,1
2.2377907673196895,True,True,True,True,True,True,0,1
3.854494762312338,True,True,True,True,True,True,0,1
1.4641595788843786,True,True,True,True,True,True,3,2
3.629831062005096,True,True,True,True,True,True,0,1
6.317817701736652,True,True,True,True,True,True,8,1
3.1387275647284985,True,True,True,True,True,True,4,2
0.8217286349724107,True,True,True,True,True,True,1,1
0.08179440714327765,True,True,True,True,True,True,5,1
0.16635219394486792,True,True,True,True,True,True,1,1
0.06221109645340006,True,True,True,True,True,True,7,1
68.56967449214292,True,True,True,True,True,True,2,2
0.43893081274094997,True,True,True,True,True,True,2,3
1.028224504771354,True,True,True,True,True,True,0,1
2.863510243990929,True,True,True,True,True,True,0,1
0.7665736964650108,True,True,True,True,False,False,0,1
0.28962364545144825,True,True,True,True,True,True,0,1
4.432968569671888,True,True,True,True,True,True,1,1
0.035926593315641034,True,True,True,True,True,True,2,2
0.06587949926045765,True,True,True,True,True,True,5,4
0.8033398672448363,True,True,True,True,True,True,1,1
1.760716379402646,True,True,True,True,True,True,7,1
1.0040536481517388,True,True,True,True,True,True,9,3
1.291718660609992,True,True,True,True,True,True,2,1
55.786572885851974,True,True,True,True,True,True,11,2
2.627880423864618,True,True,True,True,True,True,0,1
0.9344554274701172,True,True,True,True,True,True,8,3
0.3899108787177956,True,True,True,True,True,True,2,1
3.16336271812218,True,True,True,True,True,True,7,1
9.489235166990444,True,True,True,True,True,True,9,2
0.06828445939645912,True,True,True,True,True,True,1,2
5.541737754413761,True,True,True,True,True,True,0,1
0.3649881664541935,True,True,True,True,True,True,0,1
1.2475247385507475,True,True,True,True,True,True,1,1
5.9280514844006875,True,True,True,True,True,True,11,9
0.12933259264409544,True,True,True,True,True,True,3,1
2.431180882769231,True,True,True,True,True,True,6,1
34.798698143684824,False,True,True,True,True,True,2,1
1.1970758172744274,True,True,True,True,True,True,4,2
0.16349127006286843,True,True,True,True,True,True,1,1
3.8165208750261965,True,True,True,True,True,True,8,2
4.842101235396849,True,True,True,True,True,True,2,1
0.5233582111387047,True,True,True,True,True,True,1,1
0.982583491660661,True,True,True,True,True,True,6,3
2.5112124202952164,True,True,True,True,True,True,0,1
1.726106075180327,False,True,True,True,True,True,0,1
0.30234158807553474,True,True,True,True,True,True,0,1
0.551410394433592,True,True,True,True,True,True,12,1
22.29290970789622,True,True,True,True,True,True,8,1
6.056314817360336,True,True,True,True,True,True,3,2
9.16262663815527,True,True,True,True,True,True,8,3
7.326410006499616,False,False,True,True,True,True,4,1
0.03887561839301448,True,True,True,True,True,True,14,2
10.366695848904248,True,True,True,True,True,True,4,1
16.35188118218432,False,False,True,True,True,True,1,1
0.33143592509860803,True,True,True,True,True,True,0,1
0.2504528845847079,True,True,True,True,True,True,10,1
2.903780361023846,True,True,True,True,True,True,3,2
6.718691581762407,True,True,True,True,True,True,1,1
1.7908854674002164,True,True,True,False,True,False,4,6
8.958080878717528,True,True,True,True,True,True,15,7
13.562892607740965,True,True,True,True,True,True,5,1
20.50035943965636,True,True,True,True,True,True,0,1
1.0205779294617088,True,True,True,True,True,True,7,1
3.5630413876802556,True,True,True,True,True,True,0,1
0.8812559503618207,True,True,True,True,True,True,3,1
0.7307959401277841,True,True,True,True,True,True,1,2
0.8006945464485745,True,True,True,True,True,True,1,1
0.3757706095522043,True,True,True,True,True,True,0,1
4.777483357612198,True,True,True,True,True,True,0,1
8.747647650723968,True,True,True,True,True,True,8,1
2.361672179946557,True,True,True,True,True,True,0,1
0.948085862478463,True,True,True,True,True,True,0,1
34.369081807803795,True,True,True,True,True,True,0,1
0.2803454105390796,True,True,True,True,True,True,0,1
0.2665741681477355,True,True,True,True,True,True,5,4
2.861846445384525,True,True,True,True,True,True,5,1
0.3657035565635661,True,True,True,True,True,True,0,1
4.847030615335321,True,True,True,True,True,True,11,3
1.1999394270681458,True,True,True,True,True,True,2,1
1.5639318293206466,True,True,True,True,True,True,4,1
0.1979197183897545,True,True,True,True,True,True,5,1
2.098416760283384,True,True,True,True,True,True,3,3
6.991542957586575,True,True,True,True,True,True,2,1
5.43154142709041,True,True,True,True,True,True,5,1
1.6954850219514446,True,True,True,True,True,True,2,1
0.9857530713245048,True,True,True,True,True,True,3,1
0.5358141019933843,True,True,True,True,True,True,1,1
5.503991182083771,True,True,True,True,True,True,7,2
9.409280315032037,True,True,True,True,True,True,2,1
1.9159772171586802,True,True,True,True,True,True,3,1
0.5472368436764711,True,True,True,True,True,True,0,1
9.754499773184458,True,True,True,True,True,True,4,1
4.44414530494741,True,True,True,True,True,True,1,1
0.2678591042310079,True,True,True,True,True,True,6,1
7.502883277136204,True,True,True,True,True,True,0,1
16.058102613550513,True,True,True,True,True,True,4,1
9.703417494112971,False,True,True,True,True,True,5,3
0.05474190277760295,True,True,True,True,True,True,3,1
0.44566419805550744,True,True,True,True,True,True,4,1
1.2751775987054867,True,True,True,True,True,True,2,1
0.2031162897825888,True,True,True,True,True,True,4,2
0.32726573810021736,True,True,True,True,True,True,1,1
0.32790109871545187,True,True,True,True,True,True,7,4
0.37165543703963966,True,True,True,True,True,True,4,1
1.1684623742727391,True,True,True,True,True,True,4,2
2.0218945625363394,True,True,True,True,True,True,1,1
20.373140170292302,False,False,True,True,True,True,1,1
0.7925882824919395,True,True,True,True,True,True,11,2
1.3245554948987035,True,True,True,True,True,True,1,2
0.15181808736128646,True,True,True,True,True,True,6,1
7.679127928997542,True,True,True,True,True,True,16,2
16.268149209906774,True,True,True,True,True,True,3,1
2.8287421190936777,True,True,True,True,True,True,3,4
13.598284080211387,False,False,True,True,True,True,1,1
6.097139770588959,True,True,True,True,True,True,8,6
10.167522611500067,True,True,True,True,True,True,10,1
0.11937842124926135,True,True,True,True,True,True,1,1
1.2917135409193274,True,True,True,True,True,True,6,1
2.5867081194530512,True,True,True,True,True,True,1,1
0.43568738747276,True,True,True,True,True,True,5,4
5.157032665234492,True,True,True,True,True,True,8,1
0.12426120574065853,True,True,True,True,True,True,13,3
1.8848798038375483,True,True,True,True,True,True,0,1
9.396486767854507,True,True,True,True,True,True,5,2
1.5163900881137908,True,True,True,True,True,True,15,10
35.944621740795014,True,True,True,True,True,True,3,1
0.17019576935972988,True,True,True,True,True,True,0,1
3.5057358948132786,True,True,True,True,True,True,3,2
0.1548683572480443,True,True,True,True,True,True,12,2
0.09005681563934068,True,True,True,True,True,True,5,4
7.69160773938852,True,True,True,True,True,True,4,1
0.5152396943964465,True,True,True,True,True,True,6,1
30.53826850781173,True,True,True,True,True,True,1,2
0.18607375046841487,True,True,True,True,True,True,7,1
1.1394097863732056,True,True,True,True,True,True,0,1
1.2891459053877312,True,True,True,True,True,True,9,2
0.7843042271461906,True,True,True,True,True,True,8,7
9.490260481474035,False,False,True,True,True,True,1,1
4.722369099881205,True,True,True,True,True,True,1,1
0.035429390868751444,True,True,True,True,True,True,5,2
0.34486776308069783,True,True,True,True,True,True,2,1
0.11443219197771494,True,True,True,True,True,True,6,1
1.4672952949257563,True,True,True,True,True,True,0,1
0.19511998068587846,True,True,True,True,True,True,3,2
2.8641442963322494,True,True,True,True,True,True,7,2
2.9772868999379294,True,True,True,True,True,True,0,1
3.6902519366361437,True,True,True,True,True,True,3,1
14.270431377704334,True,True,True,True,True,True,5,1
0.5703501149206355,True,True,True,True,True,True,3,1
1.772054315518652,True,True,True,True,True,True,0,1
8.819353559847867,True,True,True,True,True,True,2,1
0.9364571730311708,True,True,True,True,True,True,0,1
0.028437668662463503,True,True,True,True,True,True,8,4
0.22487555224171593,True,True,True,True,True,True,0,1
0.1542411634712417,True,True,True,True,True,True,3,2
0.5619725583621571,True,True,True,True,True,True,0,1
0.05237702163431998,True,True,True,True,True,True,0,1
5.333346106627158,True,True,True,True,True,True,2,1
0.09315714822316812,True,True,True,True,True,True,3,4
0.2985727524180974,True,True,True,True,True,True,9,1
0.5732906459055611,True,True,True,True,True,True,2,1
0.3905742983605108,True,True,True,True,True,True,2,1
0.04120488471183569,True,True,True,True,True,True,5,3
0.8760004177204005,True,True,True,True,True,True,6,1
0.2046159989629856,True,True,True,True,True,True,4,1
0.6082523898736815,True,True,True,True,True,True,0,1
9.786135218588306,True,True,True,True,True,True,1,2
3.919799138880386,True,True,True,True,True,True,6,2
15.877414802451183,True,True,True,True,True,True,0,1
5.828353089658161,True,True,True,True,True,True,7,8
0.3899529727836567,True,True,True,True,True,True,0,1
0.100919179071885,True,True,True,True,True,True,4,1
13.633129204337717,True,True,True,True,True,True,0,1
5.258430626367165,True,True,True,True,True,True,2,2
0.825178477935477,True,True,True,True,True,True,0,1
0.2506330387152338,True,True,True,True,True,True,0,1
0.03333010315899927,True,True,True,True,True,True,4,1
5.087300212426583,True,True,True,True,True,True,7,3
2.6418129429394903,True,True,True,True,True,True,3,1
2.6596255708390197,True,True,True,True,True,True,0,1
3.8846676230973145,True,True,True,True,True,True,2,1
8.135972742961492,True,True,True,True,True,True,5,2
0.5356279444372817,True,True,True,True,True,True,0,1
31.568427734025484,True,True,True,True,True,True,2,2
2.1020359221721328,True,True,True,True,True,True,1,1
0.6525770556129993,True,True,True,True,True,True,0,1
20.987121268773603,True,True,True,True,True,True,3,1
4.808036841074097,True,True,True,True,True,True,0,1
5.424654173354802,True,True,True,True,True,True,0,1
0.9628698257868553,True,True,True,True,True,True,14,1
0.4723972567949912,True,True,True,True,True,True,7,1
5.467269373769232,True,True,True,True,True,True,1,1
6.162278736457576,True,True,True,True,True,True,5,2
30.243615435263653,False,False,True,True,True,True,5,1
4.662410761225963,True,True,True,True,True,True,3,1
3.5512535272218635,True,True,True,True,True,True,3,2
0.0037969399600824576,True,True,True,True,True,True,3,2
0.34109345539276376,True,True,True,True,True,True,6,3
2.7586573089966246,True,True,True,True,True,True,15,16
0.1485362920309516,True,True,True,True,True,True,0,1
0.06047814412715852,True,True,True,True,True,True,4,2
0.4355915108893385,True,True,True,True,True,True,5,1
2.15156498305248,True,True,True,True,True,True,3,2
1.010306844571357,True,True,True,True,True,True,2,1
5.174517276767427,True,True,True,True,True,True,3,1
6.0360817142137115,True,True,True,True,True,True,4,1
9.80589012384556,True,True,True,True,True,True,0,1
0.054090038570585405,True,True,True,True,True,True,4,3
6.391466291038321,True,True,True,True,True,True,4,2
32.792714074803,True,True,True,True,True,True,2,1
0.12566154564094256,True,True,True,True,True,True,3,2
0.25356320011975675,True,True,True,True,True,True,5,1
0.41467793827036503,True,True,True,True,True,True,2,2
1.1964153623798395,True,True,True,True,True,True,0,1
5.199783315895245,True,True,True,True,True,True,5,2
43.53858659198615,True,True,True,True,True,True,0,1
7.982880763870943,True,True,True,True,True,True,7,1
21.928973811150193,True,True,True,True,True,True,13,2
4.596082290281964,True,True,True,True,True,True,4,1
0.007646297562425391,True,True,True,True,True,True,3,1
2.576480054894767,True,True,True,True,True,True,5,3
3.3885608197698187,False,True,True,True,True,True,0,1
0.4910900340680564,True,True,True,True,True,True,8,1
1.0227979358094095,True,True,True,True,True,True,0,1
0.48152099397759845,True,True,True,True,True,True,7,3
0.4076725193848763,True,True,True,True,True,True,4,1
0.03375632335277415,True,True,True,True,True,True,10,1
5.696892148664199,True,True,True,True,True,True,1,1
17.345092736137744,True,True,True,True,True,True,11,1
0.8007355923688251,True,True,True,True,True,True,4,1
5.335358493245502,True,True,True,True,True,True,0,1
2.730858498512007,True,True,True,True,True,True,6,6
7.413993955332844,False,False,True,True,True,True,4,1
0.5153308265775668,True,True,True,True,True,True,0,1
15.435686268580998,True,True,True,True,True,True,0,1
0.796076635003505,True,True,True,True,True,True,4,1
0.19188496981671452,True,True,True,True,True,True,7,1
25.682099820816074,True,True,True,True,True,True,1,1
158.2880626163208,True,True,True,True,True,True,6,3
8.517165978855614,True,True,True,True,True,True,1,2
0.17018466078217107,True,True,True,True,True,True,4,1
18.68600062710773,True,True,True,True,True,True,0,1
1.526206173890061,True,True,True,True,True,True,7,1
4.3313570523446545,True,True,True,True,True,True,3,2
17.053428780940628,True,True,True,True,True,True,2,1
0.0765813011742496,True,True,True,True,True,True,0,1
0.32563902008387374,True,True,True,True,True,True,1,1
5.61776294728712,True,True,True,True,True,True,5,1
25.916522845012448,True,True,True,True,True,True,4,1
0.46517511120878857,True,True,True,True,True,True,3,2
1.4115740430099164,True,True,True,True,True,True,3,1
0.43893081274094997,True,True,True,True,True,True,2,1
4.420429748639348,True,True,True,True,True,True,4,4
3.1405193415837602,True,True,True,True,True,True,2,1
0.7949842530059249,True,True,True,True,True,True,2,1
8.082498075266136,True,True,True,True,True,True,6,1
11.684779329243199,True,True,True,True,True,True,8,7
1.0773874400754198,True,True,True,True,True,True,2,1
7.847577460319902,True,True,True,True,True,True,10,1
3.357384988048512,True,True,True,True,True,True,1,2
2.390550366730548,True,True,True,True,True,True,3,1
4.325074427441465,True,True,True,True,True,True,5,1
0.029211716944773668,True,True,True,True,True,True,4,3
0.03089140336225605,True,True,True,True,True,True,0,1
0.016091417391841428,True,True,True,True,True,True,2,4
22.513469849670077,True,True,True,True,True,True,2,2
3.938946018542205,True,True,True,True,True,True,0,1
0.020534712877842327,True,True,True,True,True,True,6,1
8.577891137180076,True,True,True,True,True,True,3,1
0.019948132072766415,True,True,True,True,True,True,0,1
20.419252933115793,True,True,True,True,True,True,1,2
0.6707296977698762,True,True,True,False,True,False,2,4
3.564983991633858,False,True,True,True,True,True,6,2
1.2833820723401965,True,True,True,True,True,True,5,2
6.033972815884944,True,True,True,True,True,True,4,2
0.030861330983684737,True,True,True,True,True,True,5,1
2.2715302825955366,True,True,True,True,True,True,4,2
2.6460979441987282,True,True,True,True,True,True,13,2
7.447273584855002,True,True,True,True,True,True,5,1
2.057342770164289,True,True,True,True,True,True,2,1
0.997341598037747,True,True,True,True,True,True,15,3
44.3609149710423,False,False,True,True,True,True,2,1
1.1003515304734341,True,True,True,True,False,False,1,1
16.12979041447198,True,True,True,True,True,True,1,1
0.17725590156905402,True,True,True,True,True,True,4,2
0.04975226890665449,True,True,True,True,True,True,6,1
0.06880690674029895,True,True,True,True,True,True,0,1
35.75477109475864,True,True,True,True,True,True,2,2
0.8062946430857848,True,True,True,True,True,True,5,6
4.652562828194627,True,True,True,True,True,True,3,3
14.351126507853596,True,True,True,True,True,True,9,1
3.7610754863721167,True,True,True,True,True,True,2,2
0.5263669788053782,True,True,True,True,True,True,0,1
0.1091217158734282,True,True,True,True,True,True,2,1
1.251188935880351,True,True,True,True,True,True,4,1
0.31196276480358015,True,True,True,True,True,True,2,3
2.7888711621949627,True,True,True,True,True,True,5,1
0.0356595771995245,True,True,True,True,True,True,6,1
22.594111248689664,True,True,True,True,True,True,8,1
59.76437798828276,True,True,True,True,True,True,4,1
0.02015006073731919,True,True,True,True,True,True,3,1
5.71005803936372,True,True,True,True,True,True,0,1
0.6530731780170128,True,True,True,True,True,True,7,1
0.1689443316943016,True,True,True,True,True,True,1,2
4.469163987576446,True,True,True,False,True,False,3,5
0.3354092094165408,True,True,True,True,True,True,0,1
0.6428373593284398,True,True,True,True,True,True,1,1
14.453488972618207,True,True,True,True,True,True,0,1
5.090933584871938,True,True,True,True,True,True,0,1
5.069410740296541,False,True,True,True,True,True,1,1
0.0861951201672083,True,True,True,True,True,True,8,1
1.4396525974505407,True,True,True,True,True,True,2,1
1.2762848602785124,True,True,True,True,True,True,1,2
0.04193441791149443,True,True,True,True,True,True,4,1
1.576670384258658,True,True,True,True,True,True,0,1
7.7789672889619,True,True,True,True,True,True,5,1
0.543577777309897,True,True,True,True,True,True,5,1
0.04534703655011363,True,True,True,True,True,True,4,1
20.865815872081455,False,False,True,True,True,True,0,1
0.5452693756638158,True,True,True,True,True,True,4,1
8.086933715810881,True,True,True,True,True,True,5,2
2.1672642582597073,False,True,True,True,True,True,0,1
0.08249890192483801,True,True,True,True,True,True,2,1
0.06436630272138902,True,True,True,True,True,True,4,4
0.48365748313034784,True,True,True,True,True,True,8,4
0.41994253948631804,True,True,True,True,True,True,10,3
44.92871200777342,True,True,True,True,True,True,7,2
0.4466152927744197,True,True,True,True,True,True,4,1
3.5765768649204897,True,True,True,True,True,True,0,1
0.10156170348623962,True,True,True,True,True,True,11,2
1.6810256573424966,True,True,True,True,True,True,0,1
10.549295537442276,True,True,True,True,True,True,0,1
12.452115701047061,True,True,True,True,True,True,9,2
0.07339650549134392,True,True,True,True,True,True,1,1
10.452517870329313,True,True,True,True,True,True,0,1
2.810008752460445,True,True,True,True,True,True,2,1
0.4899476380632303,True,True,True,True,True,True,5,3
0.37552717547696773,True,True,True,True,False,False,0,1
1.1203197531218425,True,True,True,True,True,True,1,2
1.0228005103796687,True,True,True,True,True,True,12,2
0.8753008852126167,True,True,True,True,True,True,1,1
0.07234886005057355,True,True,True,True,True,True,11,1
1.3078424001455313,False,True,True,True,True,True,4,1
16.921004790753084,True,True,True,True,True,True,0,1
0.055429174166102727,True,True,True,True,True,True,0,1
0.23516508050951798,True,True,True,True,True,True,10,2
6.66180169424688,True,True,True,True,True,True,0,1
1.3622096990943038,True,True,True,True,True,True,7,3
2.888374622629111,True,True,True,True,True,True,1,1
0.2758841704221343,True,True,True,True,True,True,2,1
0.010499074138764653,True,True,True,True,True,True,5,2
4.1458029810694805,True,True,True,True,True,True,3,1
0.08712486190820717,True,True,True,True,True,True,0,1
0.046682992963518605,True,True,True,True,True,True,0,1
22.9355903190206,True,True,True,True,True,True,2,1
0.10999857434408014,True,True,True,True,True,True,4,3
2.5740076829876046,True,True,True,True,True,True,0,1
9.235922564055826,True,True,True,True,True,True,3,1
16.458326177533046,True,True,True,True,False,False,0,2
3.7542604272062596,True,True,True,True,True,True,2,3
35.486454988808376,True,True,True,True,True,True,3,3
0.08700097196556485,True,True,True,True,True,True,5,2
0.06901237109543354,True,True,True,True,True,True,11,2
61.84438977027282,False,False,True,True,True,True,0,1
3.1976218726807746,True,True,True,True,True,True,1,2
0.18218667174708142,True,True,True,True,True,True,4,5
21.311541176061567,True,True,True,True,True,True,3,4
5.70244864581803,False,False,True,True,True,True,8,5
0.02133701322981542,True,True,True,True,True,True,12,8
4.146755551294667,True,True,True,True,True,True,4,1
3.7905431610316755,True,True,True,True,True,True,7,1
0.10599072173333175,True,True,True,True,True,True,8,1
0.9893983339334159,True,True,True,True,True,True,1,1
13.084039664508209,True,True,True,True,True,True,9,2
3.2010031900240206,True,True,True,True,True,True,3,1
0.35509794622448826,True,True,True,True,True,True,0,1
7.50423425492966,False,False,True,True,True,True,1,2
2.4088337952354606,True,True,True,True,True,True,0,1
3.854038163032564,False,True,True,True,True,True,0,1
33.24297085309564,False,False,True,True,True,True,2,1
7.233424093703428,True,True,True,True,True,True,1,1
0.695363407680544,True,True,True,True,True,True,4,4
2.4409914098247216,True,True,True,True,True,True,2,2
5.302580061941732,True,True,True,True,True,True,3,4
1.4288583072916805,True,True,True,True,True,True,2,1
4.971375012151149,True,True,True,True,True,True,1,1
0.01301000955002979,True,True,True,True,True,True,6,2
0.7987830015149878,True,True,True,True,True,True,4,1
2.0563858084167443,True,True,True,True,True,True,0,1
6.41804200739053,True,True,True,True,True,True,1,1
2.3892921456431746,False,True,True,True,True,True,0,1
0.08189703689094648,True,True,True,True,True,True,12,3
0.7182435666820719,True,True,True,True,True,True,0,1
0.9409608054721404,True,True,True,True,True,True,2,1
10.990969141783657,True,True,True,True,True,True,16,10
0.6591614893763434,True,True,True,True,True,True,0,1
0.3606763003239825,True,True,True,True,True,True,1,1
2.132373230823392,True,True,True,True,True,True,0,1
0.001591593749856489,True,True,True,True,True,True,6,7
0.005199790006129254,True,True,True,True,True,True,2,1
1.32048433256524,True,True,True,True,True,True,3,3
11.623656549173868,True,True,True,True,True,True,0,1
16.234722040262206,True,True,True,True,True,True,6,1
2.6365166538810016,True,True,True,True,True,True,0,1
0.24789442857608074,True,True,True,True,False,False,1,2
13.670651446475615,True,True,True,True,True,True,6,1
1.243885328975655,True,True,True,True,True,True,0,1
5.504334335244384,True,True,True,True,True,True,1,1
3.9929871965690378,True,True,True,True,True,True,4,1
0.43502332838110674,True,True,True,True,True,True,16,11
0.13365340881520182,True,True,True,True,True,True,6,1
0.14707116902467834,True,True,True,True,True,True,2,2
8.008345094407973,True,True,True,True,True,True,6,4
55.502270011982915,True,True,True,True,True,True,0,1
2.84013312341839,True,True,True,True,True,True,5,1
0.22862672010127325,True,True,True,True,True,True,3,3
1.8747663737173235,True,True,True,True,True,True,1,1
3.302914642262324,True,True,True,True,True,True,2,2
2.3300555438836796,True,True,True,True,True,True,5,1
0.2730984291763292,True,True,True,True,True,True,0,1
0.7864050692968332,True,True,True,True,False,False,2,2
3.25990371392655,True,True,True,True,True,True,2,2
1.1073927620373194,True,True,True,True,True,True,5,3
0.04151870413953267,True,True,True,True,True,True,4,1
2.607847222500818,True,True,True,True,True,True,0,1
0.2819614934163539,True,True,True,True,True,True,13,11
51.47532033808101,True,True,True,True,True,True,0,1
33.882038693488916,True,True,True,True,True,True,7,3
23.076441454082175,True,True,True,True,True,True,3,1
0.49253335885041605,True,True,True,True,True,True,4,2
36.58486328228439,True,True,True,True,True,True,0,1
27.67403203875378,True,True,True,True,True,True,7,1
3.7481187320840017,True,True,True,True,True,True,2,1
14.842686238189543,True,True,True,True,True,True,13,11
0.38324871791722054,True,True,True,True,True,True,1,1
1.2742489727766175,True,True,True,True,True,True,4,2
0.8443527487547443,True,True,True,True,True,True,2,1
1.477026703832399,True,True,True,True,True,True,2,1
0.025163644717435305,True,True,True,True,True,True,1,1
3.131203222288628,False,True,True,True,True,True,2,2
5.404203568537413,True,True,True,True,True,True,2,3
0.2348127519654125,True,True,True,True,True,True,0,1
0.4277466779912483,True,True,True,True,True,True,5,1
0.002847237906358242,True,True,True,True,True,True,8,2
0.6463000029530623,True,True,True,True,True,True,8,3
32.49402260677204,True,True,True,True,True,True,3,1
0.06841099008252834,True,True,True,True,True,True,11,2
0.06062910864355624,True,True,True,True,True,True,4,1
2.990763206640789,True,True,True,True,True,True,3,4
0.11206324935187434,True,True,True,True,True,True,2,1
0.22463831779751445,True,True,True,True,True,True,6,1
3.4039405107981833,True,True,True,True,True,True,4,4
2.2570069892167606,True,True,True,True,True,True,6,1
0.4093008575242102,True,True,True,True,True,True,0,1
0.34223818380443694,True,True,True,True,True,True,11,2
0.2974379486768809,True,True,True,True,True,True,5,1
13.416827183134211,True,True,True,True,True,True,7,1
4.183216522155573,True,True,True,True,True,True,10,1
6.727049311519845,True,True,True,True,True,True,3,2
11.859978160129526,True,True,True,True,True,True,4,2
0.14751765809497075,True,True,True,True,True,True,8,2
48.01831080442938,True,True,True,True,True,True,1,1
0.7333353210059478,True,True,True,True,True,True,0,1
8.126547032896434,True,True,True,True,True,True,1,1
6.072466268599989,False,True,True,True,True,True,0,1
0.3811683602627006,True,True,True,True,True,True,2,1
5.68425517648974,True,True,True,True,True,True,2,3
0.10341781247561407,True,True,True,True,True,True,0,1
2.4492942125922017,True,True,True,True,True,True,5,3
1.1218051812635346,True,True,True,True,True,True,2,1
1.6341437660619347,True,True,True,True,True,True,3,2
16.012651511528002,True,True,True,True,True,True,3,1
13.75461943151452,True,True,True,True,True,True,7,1
0.17109696751799888,True,True,True,False,True,False,4,5
1.8947204908673805,True,True,True,True,True,True,9,1
0.5099865776195645,True,True,True,True,True,True,1,1
25.096089138800075,True,True,True,True,True,True,1,1
0.05161334229726186,True,True,True,True,True,True,3,1
0.21727986324168863,True,True,True,True,True,True,3,3
8.278667469447187,True,True,True,True,True,True,14,13
0.8932028253462765,True,True,True,True,True,True,0,1
14.549717483484166,True,True,True,True,True,True,1,1
3.0571589017852236,True,True,True,True,True,True,6,3
0.1792385248380072,True,True,True,True,True,True,1,1
3.8648506970407226,True,True,True,True,True,True,3,2
4.888539249818717,True,True,True,True,True,True,6,3
2.7121007416473883,True,True,True,True,True,True,2,1
0.17287482955195874,True,True,True,True,True,True,0,1
1.5895879608517698,True,True,True,True,True,True,11,3
11.211923902703678,True,True,True,True,True,True,4,1
8.480432639889163,True,True,True,True,True,True,9,2
194.90179332020676,True,False,True,True,True,True,11,1
0.08991333445909248,True,True,True,True,True,True,13,1
15.933452527349399,True,True,True,True,True,True,2,1
1.2089692262277087,True,True,True,True,True,True,1,1
7.452796523035183,True,True,True,True,True,True,6,1
4.741588755115738,True,True,True,True,True,True,3,3
0.15146063200023346,True,True,True,True,True,True,6,1
20.670848444774165,True,True,True,True,True,True,3,1
0.9882031673239695,True,True,True,True,True,True,7,1
1.430559322904875,True,True,True,True,True,True,1,2
18.591716796223096,False,False,True,True,True,True,5,2
0.524703123597586,True,True,True,True,True,True,5,1
29.015271231436756,False,True,True,True,True,True,1,1
0.3010896483199268,True,True,True,True,True,True,1,1
27.97907177546892,False,False,True,True,True,True,0,1
6.6789963896825135,True,True,True,True,True,True,8,1
46.39066458511668,False,False,True,True,True,True,2,2
1.9148455252932095,True,True,True,True,True,True,10,7
4.864461490729753,True,True,True,True,True,True,1,1
0.03780912465833011,True,True,True,True,True,True,5,5
0.22216397982025893,True,True,True,True,True,True,8,2
0.10773945945143862,True,True,True,True,True,True,9,1
4.068465988395904,False,True,True,True,True,True,6,1
8.916855536423437,True,True,True,True,True,True,1,1
1.4289764641883587,True,True,True,True,True,True,1,1
0.654529591528274,True,True,True,True,True,True,1,1
0.598388706503401,True,True,True,True,True,True,5,1
0.16720500311263992,True,True,True,True,True,True,3,4
3.1697021401992904,True,True,True,True,True,True,1,1
0.18635273479420852,True,True,True,True,True,True,1,1
0.028629544619035836,True,True,True,True,True,True,10,1
0.6466821945008038,True,True,True,False,True,False,6,6
2.4403073532538793,False,True,True,True,True,True,4,4
3.285438722594436,True,True,True,True,True,True,1,1
7.661030606726458,True,True,True,False,True,False,2,2
0.17430820112022785,True,True,True,True,True,True,0,1
2.3537323142019324,True,True,True,True,True,True,10,2
0.03884121768282868,True,True,True,True,True,True,0,1
1.4801724328878787,True,True,True,True,True,True,2,1
9.11010567892951,True,True,True,True,True,True,10,10
22.80102096399008,True,True,True,True,True,True,6,2
36.3171511528187,True,True,True,True,True,True,1,2
0.5673701167754158,True,True,True,True,True,True,2,2
0.0026546419772992633,True,True,True,True,True,True,5,3
0.7269950100587448,True,True,True,True,True,True,5,1
1.004588764579268,True,True,True,True,True,True,16,4
0.22466783774018168,True,True,True,True,True,True,5,1
0.579165228048317,True,True,True,True,True,True,3,2
1.6678651903366883,True,True,True,True,True,True,2,1
1.248302222624659,True,True,True,True,True,True,5,1
4.192492350918827,True,True,True,True,True,True,2,2
15.613907298317026,True,True,True,True,True,True,0,1
0.9786558318101468,True,True,True,True,True,True,4,1
0.05971903827693434,True,True,True,True,True,True,12,4
14.976744892731702,True,True,True,True,True,True,4,1
1.4017901315114782,True,True,True,True,True,True,4,1
1.0659102145346402,True,True,True,True,True,True,2,2
3.6860851075423557,True,True,True,True,True,True,4,1
11.890431747750643,True,True,True,True,True,True,5,1
0.01986156822947709,True,True,True,True,True,True,2,1
1.013069374489739,True,True,True,True,True,True,5,1
85.50606716860756,False,False,True,True,True,True,5,1
0.34947618841008704,True,True,True,True,True,True,4,1
25.973319985061885,True,True,True,True,True,True,0,1
1.212689231140078,True,True,True,True,True,True,12,1
0.0860192811939541,True,True,True,True,True,True,2,2
2.869718082835915,True,True,True,True,True,True,6,1
0.33361964073833444,True,True,True,True,True,True,2,1
2.9802527080386114,True,True,True,True,True,True,3,1
0.23115432014686638,True,True,True,True,True,True,2,2
2.3154020040768026,True,True,True,True,True,True,0,1
2.0606266732411163,True,True,True,True,True,True,0,1
11.023800527018475,True,True,True,True,True,True,4,1
0.12090675970000823,True,True,True,True,True,True,1,1
0.006239277207272921,True,True,True,True,True,True,3,2
6.558015654421989,True,True,True,True,True,True,9,1
17.852633444267433,False,False,True,True,True,True,0,1
7.184299666099723,True,True,True,True,True,True,4,1
0.9855437622041472,True,True,True,True,True,True,2,1
0.15506093640230603,True,True,True,True,True,True,1,1
2.9233475100210615,True,True,True,True,True,True,5,3
4.1971955512309105,True,True,True,True,True,True,6,5
0.33534090407503425,True,True,True,True,True,True,5,2
0.7013786077177118,True,True,True,True,True,True,9,2
1.6936059580883116,True,True,True,True,True,True,0,1
0.09494425612686878,True,True,True,False,True,False,0,1
4.866435877245654,True,True,True,True,True,True,2,2
9.672676036028168,False,True,True,True,True,True,1,2
27.01456934454369,True,True,True,True,True,True,3,2
27.493721532145255,True,True,True,True,True,True,5,1
11.850476266893505,True,True,True,True,True,True,5,2
1.5759694977482828,True,True,True,True,True,True,0,1
0.8777513918287299,True,True,True,True,True,True,0,1
3.6409835221496825,True,True,True,True,True,True,1,1
0.27196337691321887,True,True,True,True,True,True,4,2
0.8283428351136257,True,True,True,True,True,True,6,1
0.2900013039539549,True,True,True,True,True,True,10,3
1.0337696602888167,True,True,True,True,True,True,0,1
0.19764099780162359,True,True,True,True,True,True,5,4
1.7266683084864174,True,True,True,True,True,True,3,1
5.639747461811026,True,True,True,True,True,True,0,1
4.036883975562635,True,True,True,True,True,True,0,1
6.027369280026882,True,True,True,True,True,True,4,3
7.4645845557299415,True,True,True,True,True,True,1,1
2.6459296427934884,True,True,True,True,True,True,1,1
1.239010072336238,True,True,True,True,True,True,3,2
3.3661411766914546,True,True,True,True,True,True,9,1
2.010826599772344,True,True,True,True,True,True,5,6
3.025952791334711,True,True,True,True,True,True,0,1
1.3303988256660593,True,True,True,True,True,True,5,1
1.4950788792355432,True,True,True,True,True,True,3,1
9.94449047462168,True,True,True,True,True,True,3,1
3.2161878480447146,True,True,True,True,True,True,8,2
8.34801093900703,False,False,True,True,True,True,1,1
2.1585392435509765,True,True,True,True,True,True,5,1
0.06716495553853372,True,True,True,True,True,True,2,1
9.997728569487082,True,True,True,True,True,True,10,6
2.0647662296898335,True,True,True,True,True,True,3,3
2.463278661512363,True,True,True,True,True,True,10,2
1.5407286422266069,True,True,True,True,True,True,4,1
6.242135701953973,True,True,True,True,True,True,0,1
0.6654985988083683,True,True,True,True,True,True,6,1
6.894462104541134,True,True,True,True,True,True,0,1
2.314763850051752,True,True,True,True,True,True,10,1
0.2920642666457844,True,True,True,True,True,True,0,1
0.22447453030956668,True,True,True,True,True,True,0,1
1.20572464207014,True,True,True,True,True,True,2,2
1.3732955778485791,True,True,True,True,True,True,4,2
0.9319991454486574,True,True,True,True,True,True,0,1
0.7693847843816725,True,True,True,True,True,True,1,1
0.36425528873543483,True,True,True,True,True,True,3,1
1.8814989620366254,True,True,True,True,True,True,0,1
1.306013681997337,True,True,True,True,True,True,7,6
3.4006625927578575,True,True,True,True,True,True,13,2
22.079203517675758,True,True,True,True,True,True,4,2
7.407116276702823,True,True,True,True,True,True,5,2
0.033465206534219735,True,True,True,True,True,True,1,1
10.34699538419154,True,True,True,True,True,True,3,2
10.472961646889427,True,True,True,True,True,True,3,1
0.2677875642749616,True,True,True,True,True,True,1,1
0.9875313710829534,True,True,True,True,True,True,7,7
12.311035384176769,True,True,True,True,True,True,0,1
1.3624179484072385,True,True,True,True,True,True,1,1
54.416821229344144,True,True,True,True,True,True,5,2
2.439097257408209,True,True,True,True,True,True,1,1
1.522048925793536,False,True,True,True,True,True,5,1
2.46676473374673,True,True,True,True,True,True,4,2
1.1179254474924436,True,True,True,True,True,True,2,1
5.129806876308587,True,True,True,True,True,True,5,2
0.25903544655564625,True,True,True,True,True,True,2,1
4.71636926738795,False,True,True,True,True,True,0,1
7.40567537867184,True,True,True,True,True,True,0,1
0.2953249589604235,True,True,True,True,True,True,10,7
0.18669900682762394,True,True,True,True,True,True,1,1
0.8542900442400863,True,True,True,True,True,True,5,1
2.7659237185129055,True,True,True,True,True,True,1,1
50.479353500554865,False,False,True,True,True,True,10,2
7.315770679879511,True,True,True,True,True,True,0,1
3.182912071637562,True,True,True,True,True,True,1,1
0.8017275627701531,True,True,True,True,True,True,4,1
0.255231429060897,True,True,True,True,True,True,0,1
0.03280917492411611,True,True,True,True,True,True,1,1
0.7305165254805954,True,True,True,True,True,True,0,1
9.828782467745745,True,True,True,True,True,True,5,3
0.42598872916372554,True,True,True,True,True,True,3,2
0.14948806453127444,True,True,True,True,True,True,0,1
1.383418223573001,True,True,True,True,True,True,2,2
0.6221432183220033,True,True,True,True,True,True,5,1
2.566967550956818,True,True,True,True,True,True,6,1
9.617143370417326,True,True,True,True,True,True,3,2
0.061878149998297945,True,True,True,True,True,True,4,1
4.550318191446812,True,True,True,True,True,True,13,3
0.05632988232873559,True,True,True,True,True,True,5,2
22.32488096662432,True,True,True,True,True,True,2,1
0.5499585342846378,True,True,True,True,True,True,7,3
19.22122921733081,True,True,True,True,False,False,0,1
3.9944565670479024,True,True,True,True,True,True,7,1
0.7390550888232146,True,True,True,True,True,True,0,1
0.46949688306911574,True,True,True,True,True,True,0,1
1.4939991269333355,True,True,True,True,True,True,9,2
0.5991930498248574,True,True,True,True,True,True,2,1
35.62528991886622,False,False,True,True,True,True,0,1
7.607093415629893,True,True,True,True,True,True,3,1
0.09499049417102941,True,True,True,True,True,True,3,1
5.0326749456614595,True,True,True,True,True,True,0,1
1.099993485552627,True,True,True,True,True,True,3,1
0.160713914288721,True,True,True,True,True,True,3,1
0.4589491063191961,True,True,True,True,True,True,6,1
0.8031781133485161,True,True,True,True,True,True,0,1
19.9437310218838,True,True,True,True,True,True,0,1
24.98530164263152,False,False,True,True,True,True,14,10
0.01674566574373714,True,True,True,True,True,True,1,2
3.31816534190913,True,True,True,True,True,True,2,1
5.147536860221763,False,True,True,True,True,True,1,1
7.5828604142500895,True,True,True,True,True,True,0,1
1.4713382552272967,True,True,True,True,True,True,5,1
2.365559042480884,True,True,True,True,True,True,5,1
3.566460355564877,True,True,True,True,True,True,3,1
0.8268012800061572,True,True,True,True,False,False,3,3
0.9305706845888227,True,True,True,True,True,True,4,2
0.6511586350400203,True,True,True,True,True,True,8,1
37.591601124798835,False,False,True,True,True,True,2,3
0.232134510121846,True,True,True,True,True,True,0,1
3.059151760744489,True,True,True,True,True,True,3,1
0.2867415578483751,True,True,True,True,True,True,0,1
1.3771785268045615,True,True,True,True,True,True,10,1
0.12622108038447433,True,True,True,True,True,True,4,2
4.566472245190313,True,True,True,True,True,True,7,5
0.4079720418589472,True,True,True,True,True,True,0,1
0.6311838876293038,True,True,True,True,True,True,0,1
0.40930279770603883,True,True,True,True,True,True,0,1
0.8997771365905368,True,True,True,True,True,True,0,1
0.8111965040746572,False,True,True,True,True,True,6,3
0.24115883160614615,True,True,True,True,True,True,8,6
2.5277485461498914,False,True,True,True,True,True,0,1
1.0391625215772522,True,True,True,True,True,True,5,1
0.31196954912706765,True,True,True,True,True,True,14,3
0.13233396939900866,True,True,True,True,True,True,7,2
0.3974297874383692,True,True,True,True,True,True,4,4
18.14902544612023,True,True,True,True,True,True,0,1
3.0207464996688542,True,True,True,True,True,True,0,1
0.20476906544346918,True,True,True,True,True,True,3,2
11.8051998260937,True,True,True,True,True,True,7,5
0.17237615857154143,True,True,True,True,True,True,6,1
16.11007730312677,True,True,True,True,True,True,1,1
8.050447950426976,True,True,True,True,True,True,6,2
50.916756650095,True,False,True,True,True,True,4,2
1.3119584300472664,True,True,True,True,True,True,3,1
0.47083852016229366,True,True,True,True,True,True,1,1
0.08971232060586529,True,True,True,True,True,True,2,1
5.857671095771987,True,True,True,True,True,True,10,1
1.451811134630636,True,True,True,True,True,True,4,3
1.8773919008125426,True,True,True,True,True,True,0,1
1.3849307898707433,True,True,True,True,True,True,2,1
3.871023066618361,True,True,True,True,True,True,9,1
8.503516696783414,True,True,True,False,True,False,10,7
1.3538437508588737,True,True,True,True,True,True,7,1
2.410922834069544,True,True,True,True,True,True,7,1
0.23389377789805932,True,True,True,True,False,False,3,2
0.046146777852630806,True,True,True,True,True,True,3,2
1.0466892047824408,True,True,True,True,True,True,8,2
16.786107772147787,True,True,True,True,True,True,4,2
4.183538950964939,True,True,True,True,True,True,0,1
0.059026516399768546,True,True,True,True,True,True,0,1
20.856201261471433,True,True,True,True,True,True,0,1
0.3083092024481752,True,True,True,True,True,True,5,1
1.9893291419763701,True,True,True,True,True,True,2,1
2.3210633386810273,True,True,True,True,True,True,6,3
3.2349666048380996,True,True,True,True,True,True,2,2
0.8929324957711946,True,True,True,True,True,True,4,1
3.4790244435694855,True,True,True,True,True,True,15,4
2.3907165377753308,True,True,True,True,True,True,4,2
1.695698949565847,True,True,True,True,True,True,6,1
9.191841453358824,True,True,True,True,True,True,2,1
3.9548599296087743,True,True,True,True,True,True,0,1
0.5717937251353911,True,True,True,True,True,True,0,1
2.5801352423071315,True,True,True,True,True,True,0,1
0.27742727331325134,True,True,True,True,True,True,0,1
20.508262780271785,True,True,True,True,True,True,11,2
22.386384269139363,False,False,True,True,True,True,1,1
2.055809802607746,True,True,True,True,True,True,3,3
6.221524783326589,True,True,True,True,False,False,4,8
0.29739924963941144,True,True,True,True,True,True,5,1
15.909876459184241,True,True,True,True,True,True,3,1
3.973168347762486,True,True,True,True,True,True,1,1
14.82263844343264,True,True,True,True,True,True,7,7
0.49166183834728255,True,True,True,True,True,True,9,4
1.4887269583780527,True,True,True,True,True,True,2,1
0.24955009030076583,True,True,True,True,True,True,3,2
18.548174499086468,False,False,True,True,True,True,7,1
3.5861776592960033,True,True,True,True,True,True,2,1
6.717530014212165,True,True,True,True,True,True,2,3
12.899764069695289,True,True,True,True,True,True,2,1
2.0870852519897514,True,True,True,True,True,True,6,4
2.6824240492183766,False,True,True,True,True,True,5,1
58.28008211528512,True,False,True,True,True,True,1,1
0.22938891798723532,True,True,True,True,True,True,0,1
0.4171094027985433,True,True,True,True,True,True,10,4
0.16292319842848935,True,True,True,True,True,True,6,1
0.6831062975516021,True,True,True,True,True,True,7,1
0.586945727250761,True,True,True,True,True,True,6,3
0.8175542334966189,True,True,True,True,True,True,7,3
0.9344471612910923,True,True,True,True,True,True,2,1
27.855379921457967,True,True,True,True,True,True,14,10
2.1246483624217127,True,True,True,True,True,True,4,4
8.690799931772741,True,True,True,True,True,True,4,1
0.013048918518988817,True,True,True,True,True,True,1,1
1.3285215487507909,True,True,True,True,True,True,0,1
4.5732468345155315,True,True,True,True,True,True,7,2
1.1152247899797525,True,True,True,True,True,True,0,1
0.26258978089368756,True,True,True,True,True,True,7,3
1.227817615137868,True,True,True,True,True,True,1,1
4.350359117424878,True,True,True,True,True,True,11,4
0.9179853993895475,True,True,True,True,True,True,4,2
16.552999426547455,True,True,True,True,True,True,1,1
0.03997111661025173,True,True,True,True,True,True,2,1
8.632488511363416,True,True,True,True,True,True,16,6
3.1025395928638555,True,True,True,True,True,True,4,2
0.8261304584954259,True,True,True,True,True,True,4,1
0.049333194744806956,True,True,True,True,True,True,3,2
0.12508036659013058,True,True,True,True,True,True,3,2
3.029163297242494,True,True,True,True,True,True,3,1
0.8009177833297948,True,True,True,True,True,True,3,1
0.7930880600271427,True,True,True,True,True,True,0,1
0.21267090805919575,True,True,True,True,True,True,1,1
3.438236295298469,False,True,True,True,True,True,0,1
0.5920838637390483,True,True,True,True,True,True,3,1
0.0635291168492961,True,True,True,True,True,True,0,1
8.607549071371512,True,True,True,True,True,True,2,2
12.28436597901115,True,True,True,True,True,True,0,1
5.218376207192499,True,True,True,True,True,True,2,1
2.5473504603679467,True,True,True,True,True,True,0,1
1.0712044299262176,True,True,True,True,True,True,5,3
5.458490938229639,False,True,True,True,True,True,5,5
24.749765486755724,True,True,True,True,True,True,2,1
0.9569275479314338,True,True,True,True,True,True,12,1
0.9362591351711231,True,True,True,True,True,True,4,4
3.8136656172366012,True,True,True,True,True,True,4,1
5.986648528188076,True,True,True,True,True,True,1,1
3.1458027325773212,True,True,True,True,True,True,2,3
7.619689950332975,True,True,True,True,True,True,7,2
5.800608163587669,True,True,True,True,True,True,3,1
0.4306865530067155,True,True,True,True,True,True,6,3
7.214575021359608,True,True,True,True,True,True,3,1
0.40861514318952313,True,True,True,True,True,True,0,1
0.6616610021091104,True,True,True,True,True,True,0,1
7.677013884992753,True,True,True,True,True,True,2,3
1.8972068735406256,True,True,True,True,True,True,0,1
0.11246300967006358,True,True,True,True,True,True,0,1
0.015270852537290939,True,True,True,True,True,True,8,3
0.7838181678871671,True,True,True,True,True,True,2,1
4.392849284151483,True,True,True,True,True,True,6,1
0.9870604607683144,True,True,True,True,True,True,2,1
0.8026326063010969,True,True,True,True,True,True,15,2
0.30973750036941183,True,True,True,True,True,True,0,1
0.007559162687385514,True,True,True,True,True,True,0,1
12.393549475132044,False,False,True,True,True,True,5,1
2.379033568478537,True,True,True,True,True,True,6,1
34.632494505398846,True,True,True,True,True,True,6,1
12.377246179785919,True,True,True,True,True,True,4,1
32.56829840525623,True,True,True,True,True,True,2,1
0.06700324640115193,True,True,True,True,True,True,1,1
3.0984385459426966,True,True,True,True,True,True,0,1
0.26801089820681206,True,True,True,True,True,True,5,5
3.3383278211563003,True,True,True,True,True,True,17,5
1.8401555729352355,True,True,True,True,True,True,13,9
1.346699213046633,True,True,True,True,True,True,9,2
5.6619484324836,True,True,True,True,True,True,0,1
0.5844589896455505,True,True,True,True,True,True,9,2
0.06514207395562178,True,True,True,True,True,True,9,7
2.33601333032104,True,True,True,True,True,True,7,4
5.359862400033622,True,True,True,True,True,True,3,1
6.141371540510937,True,True,True,True,True,True,9,1
0.449681627608086,True,True,True,True,True,True,5,5
11.199415999973626,True,True,True,True,True,True,3,1
18.000932277824106,True,True,True,True,True,True,2,1
40.59006305373877,True,True,True,True,True,True,15,4
0.14514749947301273,True,True,True,True,True,True,5,4
0.3133129412573886,True,True,True,True,True,True,1,1
1.5483756725721496,True,True,True,True,True,True,1,1
0.32035570347911135,True,True,True,True,True,True,3,1
0.09703839208916692,True,True,True,True,True,True,1,1
0.07405610957886083,True,True,True,True,True,True,2,1
1.0168498398467538,True,True,True,True,True,True,2,1
0.40087022612877976,True,True,True,True,True,True,3,4
10.323300199601896,True,True,True,True,True,True,6,1
21.60261181123775,False,False,True,True,True,True,0,1
0.13845185561793746,True,True,True,True,True,True,0,1
0.08201981245318865,True,True,True,True,True,True,0,1
0.014458044483879889,True,True,True,True,True,True,1,1
3.3693255210054622,True,True,True,True,True,True,0,1
2.413652203857868,True,True,True,True,True,True,2,1
0.5569450429842696,True,True,True,True,True,True,6,3
1.8977778093637934,True,True,True,True,True,True,7,3
18.633147831142043,True,True,True,True,True,True,4,1
0.6310876953808543,True,True,True,False,True,False,2,3
6.948134851282867,True,True,True,True,True,True,2,2
13.529413245048223,True,True,True,True,True,True,14,3
13.382425595320157,True,True,True,True,True,True,3,1
3.965467986357886,True,True,True,True,True,True,1,1
1.2688395125592604,True,True,True,True,True,True,0,1
13.629283879481209,True,True,True,True,True,True,4,1
0.9114864311828044,True,True,True,True,True,True,6,1
0.16925475225359518,True,True,True,True,True,True,3,1
0.6786773468830273,True,True,True,True,True,True,2,1
4.846696538334752,True,True,True,True,True,True,2,2
0.8598052825299158,True,True,True,True,True,True,0,1
0.9214070318226673,True,True,True,True,True,True,1,1
15.952591573107934,True,True,True,True,True,True,4,1
0.5439602908760305,True,True,True,True,True,True,3,1
6.8001738918973755,True,True,True,True,True,True,2,1
0.750435117188122,True,True,True,True,True,True,4,2
6.423070277775324,True,True,True,True,True,True,1,1
3.540597555794688,True,True,True,True,True,True,3,1
2.344320474758144,True,True,True,True,True,True,2,2
4.002940116572879,True,True,True,True,True,True,0,1
0.21343658756265949,True,True,True,True,True,True,3,3
13.841510483582857,True,True,True,True,True,True,9,2
7.180805707820817,True,True,True,True,True,True,0,1
1.0726533580546944,True,True,True,True,True,True,5,4
5.172621135009866,True,True,True,False,True,False,0,1
2.66266860936005,True,True,True,True,True,True,5,2
0.0613373217078404,True,True,True,True,True,True,8,2
29.250119704027167,True,True,True,True,True,True,3,1
1.4714866837079292,True,True,True,True,True,True,1,1
0.11148282277125963,True,True,True,True,True,True,0,1
3.208481801393412,True,True,True,True,True,True,6,2
32.21755834321971,True,True,True,True,True,True,1,2
8.772192778961852,False,False,True,True,True,True,16,5
7.502883277136204,True,True,True,True,True,True,0,1
1.0238096295486854,True,True,True,True,True,True,1,1
4.018985404430233,False,True,True,True,True,True,0,1
3.4920732043982303,True,True,True,True,True,True,13,8
0.003655008759174999,True,True,True,True,True,True,8,1
0.8268348155724263,True,True,True,True,True,True,4,1
5.367049825539456,True,True,True,True,True,True,4,2
2.9111454736908056,True,True,True,True,True,True,2,1
2.9880487428827123,True,True,True,True,True,True,1,1
2.6917080965839912,True,True,True,True,True,True,0,1
1.4968292310813753,True,True,True,True,True,True,3,1
0.03302956822663039,True,True,True,True,True,True,5,1
0.19165835976035134,True,True,True,True,True,True,1,1
1.1507693507352244,True,True,True,True,True,True,3,3
1.9143542531867774,True,True,True,True,True,True,0,1
6.04970008347419,True,True,True,True,True,True,5,1
0.19002005163745508,True,True,True,True,True,True,5,3
4.981675990080343,True,True,True,True,True,True,1,2
1.2901642981336734,True,True,True,True,True,True,3,1
1.204929590972633,True,True,True,True,True,True,7,3
0.2850922176309542,True,True,True,True,True,True,1,1
1.4815604615664173,True,True,True,True,True,True,0,1
10.0899624803288,True,True,True,True,True,True,0,1
1.5573924631882325,True,True,True,True,True,True,0,1
6.153458463014705,True,True,True,True,True,True,3,1
3.1248110162029668,True,True,True,True,True,True,0,1
0.11839373478579802,True,True,True,True,True,True,0,1
27.23721464819313,True,True,True,True,True,True,0,1
0.2899411362393636,True,True,True,True,True,True,13,5
4.416527742538812,True,True,True,True,True,True,0,1
7.370885436270336,True,True,True,True,True,True,3,2
0.013054650845458642,True,True,True,True,True,True,0,1
2.3467925327630765,True,True,True,True,True,True,3,3
0.5539978699929824,True,True,True,True,True,True,0,1
1.7057203090491697,True,True,True,True,True,True,3,2
6.479991740901002,True,True,True,True,True,True,1,1
0.0590346982617271,True,True,True,True,True,True,4,3
0.5746851555610264,True,True,True,True,True,True,8,2
11.65924699046499,True,True,True,True,True,True,13,2
0.5659541947796753,True,True,True,True,True,True,8,1
1.3606667477939673,True,True,True,True,True,True,0,1
2.8704096523847307,True,True,True,True,True,True,0,1
15.386431028400125,True,True,True,True,True,True,4,1
5.4739587450209,True,True,True,True,True,True,5,3
0.010987685372810427,True,True,True,True,True,True,1,1
27.923429302480663,True,True,True,True,True,True,3,3
0.23805009965041987,True,True,True,True,True,True,1,1
1.4529709186377793,True,True,True,True,True,True,4,1
1.034911387584725,True,True,True,True,True,True,4,4
4.024787336924836,True,True,True,True,True,True,1,1
29.980939918599862,True,True,True,True,True,True,3,1
0.276316037223012,True,True,True,True,True,True,3,1
0.1196119390424252,True,True,True,True,True,True,6,5
0.4319444138295044,True,True,True,True,True,True,0,1
4.028799897030998,True,True,True,True,True,True,3,2
21.643008810554676,False,True,True,True,True,True,5,1
0.07783284967626553,True,True,True,True,True,True,4,2
0.159398182199328,True,True,True,True,True,True,4,1
0.6957635654266437,True,True,True,True,True,True,8,1
0.6873632230291382,True,True,True,True,True,True,2,1
0.35081131868767407,True,True,True,True,False,False,3,4
23.151959656404184,True,True,True,True,True,True,1,1
5.138653131335532,True,True,True,True,True,True,3,2
0.06131592154913318,True,True,True,True,True,True,8,2
3.2292295806648914,True,True,True,True,True,True,4,4
12.320278609022644,True,True,True,True,True,True,6,1
0.07188973271170164,True,True,True,True,True,True,5,2
0.19970918495662915,True,True,True,True,True,True,4,1
32.84629953019121,False,False,True,True,True,True,7,2
3.2529136782093406,True,True,True,True,True,True,7,2
0.271880334531223,True,True,True,True,True,True,8,1
23.47092507331046,True,True,True,True,True,True,3,1
0.08053670609720238,True,True,True,True,True,True,3,2
0.5960212818485564,True,True,True,True,True,True,2,3
4.339949629302144,True,True,True,True,True,True,3,1
20.062226924539225,True,True,True,True,True,True,8,3
0.01629214405830313,True,True,True,True,True,True,0,1
0.03062496084268481,True,True,True,True,True,True,1,1
0.06436630272138902,True,True,True,True,True,True,1,2
9.02951080316825,False,False,True,True,True,True,6,5
0.14668126775659007,True,True,True,True,True,True,3,1
11.879801311417745,True,True,True,True,True,True,4,3
0.6683198577190641,True,True,True,True,True,True,1,1
4.447597795965653,True,True,True,True,True,True,0,1
22.35146154067385,True,True,True,True,True,True,4,2
4.619139902313953,True,True,True,True,True,True,5,2
0.4155296857273379,True,True,True,True,True,True,9,2
3.221291535081959,True,True,True,True,True,True,0,1
3.9829965672113232,True,True,True,True,True,True,0,1
0.6779129898366714,True,True,True,True,True,True,2,1
65.66526602135059,True,True,True,True,True,True,0,1
4.9043948679441565,True,True,True,True,True,True,1,1
2.46069318142197,True,True,True,True,True,True,1,1
0.15506780881764282,True,True,True,True,True,True,1,1
0.25343366016114016,True,True,True,True,True,True,4,2
0.4596386721536738,True,True,True,True,True,True,1,1
2.370602749491973,True,True,True,True,True,True,3,1
0.9748503128766016,True,True,True,True,True,True,1,1
5.608521789352427,True,True,True,True,True,True,6,4
0.8019603965404826,True,True,True,True,True,True,9,2
3.0140936987182574,True,True,True,False,True,False,7,9
0.31386438784527343,True,True,True,True,True,True,8,3
3.092812681066419,True,True,True,True,True,True,11,4
7.292407975759376,True,True,True,True,True,True,4,2
0.35196562741813664,True,True,True,True,True,True,4,1
46.083160154880495,True,True,True,True,True,True,12,1
18.33019653803595,False,False,True,True,True,True,0,1
7.791519681631086,True,True,True,True,True,True,4,3
6.534588024871132,True,True,True,True,True,True,7,4
0.004859045016723806,True,True,True,True,True,True,3,1
1.2619690315710628,True,True,True,False,True,False,6,8
0.46671256793640126,True,True,True,True,True,True,11,4
5.583295106800421,True,True,True,True,True,True,1,1
0.08931988808755101,True,True,True,True,True,True,7,1
0.9662196614038135,True,True,True,True,True,True,0,1
5.553854196981857,True,True,True,True,True,True,2,1
6.609899228128323,True,True,True,True,True,True,6,3
0.2661506453148443,True,True,True,True,True,True,2,1
0.1416193475521638,True,True,True,True,True,True,8,2
15.30612697022735,True,True,True,True,True,True,3,1
0.21137794479043742,True,True,True,True,True,True,7,5
4.660116984132324,True,True,True,True,True,True,0,1
19.68032531301919,True,True,True,True,True,True,3,1
0.4163521849142538,True,True,True,True,True,True,7,1
0.7518838458190271,False,True,True,True,True,True,5,1
0.839497948468707,True,True,True,True,True,True,13,5
0.3573366852649172,True,True,True,True,True,True,3,1
1.4876366767483267,True,True,True,True,True,True,12,7
6.411143418649005,True,True,True,True,True,True,2,3
20.64708090633276,True,True,True,True,True,True,16,6
0.5749337466470915,True,True,True,True,True,True,11,2
1.306789470282484,True,True,True,True,True,True,15,2
1.4355449060543177,True,True,True,True,True,True,3,2
0.015850288638432578,True,True,True,True,True,True,1,1
18.289106028761903,True,True,True,True,True,True,2,1
1.057816315005528,True,True,True,True,True,True,7,2
35.006506930560164,True,True,True,True,True,True,2,1
2.8068432971122803,True,True,True,True,True,True,0,1
4.621485854966072,True,True,True,True,True,True,0,1
91.80719946660717,False,False,True,True,True,True,5,2
1.2497818613924743,True,True,True,True,True,True,0,1
2.6781027808209084,True,True,True,True,True,True,2,1
1.5151663233834163,True,True,True,True,True,True,0,1
0.9540422007852707,True,True,True,True,True,True,12,1
0.04930334599520519,True,True,True,True,True,True,0,1
5.32853890246204,True,True,True,True,True,True,1,2
2.4578889164804916,True,True,True,True,True,True,1,1
0.45152378818843536,True,True,True,True,True,True,4,2
1.484251988010604,True,True,True,True,True,True,13,1
4.356460443389751,True,True,True,True,True,True,0,1
4.824018448234746,True,True,True,True,True,True,1,1
8.076395112882928,True,True,True,True,True,True,7,2
6.936725801118291,True,True,True,True,True,True,12,1
56.17049109545196,True,False,True,True,True,True,5,2
0.2628575066370616,True,True,True,True,True,True,12,3
2.9949476950959903,True,True,True,True,True,True,0,1
58.648023784312926,False,False,True,True,True,True,1,1
1.1407860804269845,True,True,True,True,True,True,10,2
0.6801257337478175,True,True,True,True,True,True,2,1
0.7395532791693731,True,True,True,True,True,True,0,1
2.404081158242392,True,True,True,True,True,True,2,1
0.5336900655055505,True,True,True,True,True,True,16,6
2.7700892732283844,True,True,True,True,True,True,6,2
4.225800027178861,True,True,True,True,True,True,1,1
9.567888425579666,True,True,True,True,True,True,4,1
3.8953075180567276,True,True,True,True,True,True,1,1
29.418612149694,True,True,True,True,True,True,5,2
1.9460711256473668,True,True,True,True,True,True,3,1
0.22191213290330267,True,True,True,True,True,True,1,1
0.6067221622403451,True,True,True,True,True,True,3,1
0.5782811670373087,True,True,True,True,True,True,2,1
2.2123807129557505,True,True,True,True,True,True,4,1
10.899284763672073,True,True,True,True,True,True,4,1
3.980334934441572,True,True,True,True,True,True,3,1
0.06137168306663402,True,True,True,True,True,True,3,2
3.3038761153039236,True,True,True,True,True,True,11,1
1.4036866426217773,True,True,True,True,True,True,0,1
1.050428837995333,True,True,True,True,True,True,6,1
0.17718686458883467,True,True,True,True,False,False,5,6
0.9351685818496666,True,True,True,True,True,True,3,1
0.533274357411446,True,True,True,True,True,True,3,1
7.5020734841794585,True,True,True,True,True,True,1,1
3.2072345238382134,True,True,True,True,True,True,5,4
12.549305365985465,True,True,True,True,True,True,10,4
5.068191297179182,True,True,True,True,True,True,3,2
17.11989059776556,True,True,True,True,True,True,3,1
2.5360059208408954,True,True,True,True,True,True,14,3
13.917156648077809,True,True,True,True,False,False,1,2
0.3417371445674141,True,True,True,True,True,True,0,1
0.09358274906300953,True,True,True,True,True,True,0,1
12.204294344137352,False,False,True,True,True,True,0,1
10.548958112867192,True,True,True,True,True,True,11,4
7.058352095917125,True,True,True,True,True,True,5,1
0.027879375504674436,True,True,True,True,True,True,2,3
1.6841689096010575,True,True,True,True,True,True,1,1
1.0046606228772328,True,True,True,True,True,True,6,1
3.410526704089159,True,True,True,True,True,True,5,1
0.07541453403993202,True,True,True,True,True,True,2,1
7.4195829370043676,True,True,True,True,True,True,19,1
14.291814664268504,True,True,True,True,True,True,3,1
45.86485276626936,True,True,True,True,True,True,3,1
2.0323104524796323,True,True,True,True,True,True,7,1
3.367674560313955,True,True,True,True,True,True,4,2
0.09474581104995608,True,True,True,True,True,True,4,1
11.652167795995853,True,True,True,True,True,True,3,2
0.9782353738742272,True,True,True,True,True,True,2,1
6.438904235677587,True,True,True,True,True,True,1,1
28.615938346573003,True,True,True,True,True,True,2,2
14.693489830801136,True,True,True,True,True,True,4,1
36.08362518443919,True,True,True,True,True,True,2,3
15.435096848787092,True,True,True,True,True,True,8,3
1.5676926780246723,True,True,True,True,True,True,0,1
2.3210108278425423,True,True,True,True,True,True,6,3
2.012070580986611,True,True,True,True,True,True,16,5
0.2793056675642768,True,True,True,True,True,True,0,1
0.04787870979856751,True,True,True,True,True,True,5,3
0.6208357710236602,True,True,True,True,True,True,2,1
1.2095527840413673,True,True,True,True,True,True,4,1
0.5670296767120027,True,True,True,True,True,True,15,2
4.007121287442864,True,True,True,True,True,True,6,1
0.002189876214447128,True,True,True,True,True,True,1,1
0.3438831228051201,True,True,True,True,True,True,0,1
1.6560175977448819,True,True,True,True,True,True,0,1
0.06440116333736724,True,True,True,True,True,True,0,1
0.5525905498089521,True,True,True,True,True,True,0,1
3.871023066618361,True,True,True,True,True,True,0,1
2.155413882750708,True,True,True,True,True,True,2,1
0.9999056081852994,True,True,True,True,True,True,0,1
2.217551021480375,True,True,True,True,True,True,7,1
0.2617853511755994,True,True,True,True,True,True,1,1
0.8580028871814587,True,True,True,True,True,True,3,1
0.05663537600191778,True,True,True,True,True,True,1,1
0.06111410793327474,True,True,True,True,True,True,2,1
0.822774741080139,True,True,True,True,True,True,0,1
1.731853457570465,True,True,True,True,True,True,2,1
2.4822255692891524,True,True,True,True,True,True,12,6
4.423052912043006,True,True,True,True,True,True,0,1
40.64577868659671,False,False,True,True,True,True,13,6
11.484796836143888,True,True,True,True,True,True,2,1
2.9148402955866985,True,True,True,True,True,True,0,1
2.3211853227055985,True,True,True,True,True,True,0,1
2.705569233040482,True,True,True,True,True,True,9,1
3.0637571027626302,True,True,True,True,True,True,5,2
0.12085046874443442,True,True,True,True,True,True,10,3
0.3703333371029055,True,True,True,True,True,True,0,1
15.95820850963382,True,True,True,True,True,True,0,1
34.514021252388034,True,True,True,True,True,True,8,1
1.8079734442623734,True,True,True,True,True,True,3,2
0.07537710747344162,True,True,True,True,True,True,3,1
3.041517929519719,True,True,True,True,True,True,0,1
1.5116625162843096,True,True,True,True,True,True,7,5
10.751848489664155,True,True,True,True,True,True,1,1
5.560982902035815,True,True,True,True,True,True,17,16
5.067954540594074,True,True,True,True,True,True,0,1
0.09823885999155865,True,True,True,True,True,True,0,1
1.523655969178435,True,True,True,True,True,True,3,3
0.8352064878237225,True,True,True,True,True,True,5,1
0.028456547728319678,True,True,True,True,True,True,3,1
7.808106699656483,True,True,True,True,True,True,2,1
0.10446560622392696,True,True,True,True,True,True,0,1
0.29467164534031753,True,True,True,True,True,True,3,1
0.11280398821644166,True,True,True,True,True,True,4,5
4.407390570843173,True,True,True,True,True,True,0,1
4.371070430971962,True,True,True,True,True,True,1,2
7.480738741141912,True,True,True,True,True,True,6,3
0.11651910939706894,True,True,True,True,True,True,3,2
2.3016780696655004,True,True,True,True,True,True,2,1
77.08034935830544,False,False,True,True,True,True,10,5
1.3250932012691479,True,True,True,True,True,True,9,2
1.2565946851984298,True,True,True,True,True,True,7,4
4.894442220870078,True,True,True,True,True,True,2,1
1.0372327608864278,True,True,True,True,True,True,8,3
2.6521984497958524,True,True,True,True,True,True,10,3
18.930438871785732,True,True,True,True,True,True,3,2
0.021785760400045758,True,True,True,True,True,True,2,1
0.5876411574222103,True,True,True,True,True,True,14,2
0.6915285740312843,True,True,True,True,True,True,1,1
1.566470003120275,True,True,True,True,True,True,0,1
0.9935480388398852,True,True,True,True,True,True,3,2
1.44842065742621,True,True,True,True,True,True,0,1
0.06706562654800037,True,True,True,True,True,True,4,5
14.371382356392294,False,False,True,True,True,True,1,2
1.0075435799856751,True,True,True,True,True,True,3,1
1.6206401121253007,True,True,True,True,True,True,3,1
0.6745700413768743,True,True,True,True,True,True,1,1
3.3585266407953287,True,True,True,True,True,True,11,2
36.806114303906526,True,False,True,True,True,True,3,1
3.8215945588626408,True,True,True,True,True,True,2,2
1.0240865096133605,True,True,True,True,True,True,0,1
0.015012996932096366,True,True,True,True,True,True,1,1
0.06240566521590205,True,True,True,True,True,True,1,1
2.255616096300101,True,True,True,True,True,True,8,4
3.706629045747047,True,True,True,True,True,True,6,1
14.890008784498773,True,True,True,True,True,True,2,1
1.6023631181908726,True,True,True,True,True,True,5,4
0.003501055265179187,True,True,True,True,True,True,1,1
1.577508840075251,True,True,True,True,True,True,3,2
0.17068558363494077,True,True,True,True,True,True,0,1
1.7264895958255824,True,True,True,False,True,False,6,5
2.8733145923058414,True,True,True,True,True,True,2,1
10.594489839362213,False,False,True,True,True,True,1,2
26.80671441794786,True,True,True,True,True,True,0,1
6.067365673051675,True,True,True,True,True,True,3,2
0.7708969663012166,True,True,True,True,True,True,4,1
2.2002126709781336,True,True,True,True,True,True,7,2
8.687865361924631,True,True,True,True,True,True,3,3
10.691854163739121,True,True,True,True,True,True,0,1
1.1103186988314249,False,True,True,True,True,True,7,1
0.42426272092858974,True,True,True,True,True,True,8,4
1.7808789402319487,True,True,True,True,True,True,1,1
1.2839127051656876,True,True,True,True,True,True,7,2
0.05187431833142057,True,True,True,True,True,True,1,2
0.8241500602755567,True,True,True,True,True,True,3,2
0.03634969216934285,True,True,True,True,True,True,3,1
4.150009057992706,False,True,True,True,True,True,6,1
41.32607293188998,False,False,True,True,True,True,0,1
0.44656928905639687,True,True,True,True,True,True,0,1
4.637135487653518,True,True,True,True,True,True,4,5
4.666880427081437,True,True,True,True,True,True,0,1
1.0257727825418206,True,True,True,True,True,True,2,1
0.676130419704773,True,True,True,True,True,True,8,2
0.004828218763637076,True,True,True,True,True,True,11,8
2.563505806880881,True,True,True,True,True,True,7,5
4.841676110315814,True,True,True,True,True,True,16,3
0.6635492772820918,True,True,True,True,True,True,4,2
4.2166953147170565,False,True,True,True,True,True,1,1
0.9151957670210596,True,True,True,True,True,True,7,1
9.785571640134663,True,True,True,True,True,True,1,1
4.631287065776727,True,True,True,True,True,True,4,1
1.2852844909313386,True,True,True,True,True,True,4,4
0.17848924327612115,True,True,True,True,True,True,4,2
0.11578225407043943,True,True,True,True,True,True,3,3
0.1353310797883986,True,True,True,True,True,True,8,1
3.597413526278835,True,True,True,True,True,True,5,2
0.01468846879699496,True,True,True,True,True,True,2,1
4.712355913750716,True,True,True,True,True,True,1,1
0.2810289281999759,True,True,True,True,True,True,5,4
0.7473170943448384,True,True,True,True,True,True,0,1
0.5939043279267401,True,True,True,True,True,True,5,1
3.5834089336246646,False,True,True,True,True,True,5,1
1.3182176642574273,True,True,True,True,True,True,0,1
0.719988053136756,True,True,True,True,True,True,4,2
0.5876305720550646,True,True,True,True,True,True,5,2
1.593993292528692,True,True,True,True,True,True,2,1
0.938513188833687,True,True,True,True,True,True,5,4
0.0692315533189492,True,True,True,True,True,True,5,2
0.945446188490384,True,True,True,True,True,True,1,1
124.09094869834753,False,False,True,True,True,True,2,1
0.3983370164749108,True,True,True,True,True,True,1,1
2.877108476081358,True,True,True,True,True,True,7,5
0.1017990373824751,True,True,True,True,True,True,0,1
2.7873682180038233,True,True,True,True,True,True,2,3
16.990655832935165,True,True,True,True,True,True,16,5
0.5430900224580668,True,True,True,True,True,True,0,1
0.015495460422910494,True,True,True,True,True,True,0,1
6.4708512096188056,True,True,True,True,True,True,5,2
32.513020257439514,True,True,True,True,True,True,0,1
0.06595863690901305,True,True,True,True,True,True,0,1
15.484736932723212,True,True,True,True,True,True,3,3
16.5114564819087,True,True,True,True,True,True,5,2
0.10800351144713667,True,True,True,True,False,False,6,7
2.071217832798055,True,True,True,True,True,True,4,1
3.490364538056959,True,True,True,True,True,True,6,7
0.08905201469395012,True,True,True,True,True,True,6,1
0.008217211487284708,True,True,True,False,True,False,2,3
7.425605723159875,True,True,True,True,True,True,15,8
0.4530122535720921,True,True,True,True,True,True,1,1
0.05813951306267813,True,True,True,True,True,True,2,1
0.3427388788550586,True,True,True,True,True,True,0,1
7.221290580149702,True,True,True,True,True,True,2,1
0.02836627356725053,True,True,True,True,True,True,5,4
0.07286737640849475,True,True,True,True,True,True,2,1
7.578661234519259,True,True,True,True,True,True,0,1
3.6763317788230707,True,True,True,True,True,True,8,6
0.23150504129973448,True,True,True,True,True,True,2,1
2.5950658547940657,True,True,True,True,True,True,1,1
3.2340906120571007,True,True,True,True,True,True,0,1
2.0592182259342464,True,True,True,True,True,True,10,2
0.08384635157251313,True,True,True,True,True,True,7,1
0.07984429707038339,True,True,True,True,True,True,1,2
1.340792967187921,True,True,True,True,True,True,2,1
0.730308567749669,True,True,True,True,True,True,4,4
1.5936531785681223,True,True,True,True,True,True,0,1
1.5171144389114959,True,True,True,True,True,True,5,1
57.42044608364796,False,False,True,True,True,True,3,3
1.0752347263309763,True,True,True,True,True,True,1,1
0.7153132413140941,True,True,True,True,True,True,0,1
13.95507973524905,True,True,True,True,True,True,0,1
1.749272171957525,True,True,True,True,True,True,1,1
2.563146192805835,True,True,True,True,True,True,4,3
1.5565548720738285,True,True,True,True,True,True,2,1
0.23374094163655323,True,True,True,True,True,True,4,1
2.3263746872342264,True,True,True,True,True,True,1,1
0.339226947680171,True,True,True,True,True,True,9,1
17.36855430736,True,True,True,True,True,True,4,2
0.0013825843034693977,True,True,True,True,True,True,1,2
0.3861507859816824,True,True,True,True,True,True,3,1
0.18333174616367628,True,True,True,True,True,True,0,1
8.430024560671958,True,True,True,True,False,False,3,3
44.28609572882785,True,True,True,True,True,True,4,1
5.234721144443506,True,True,True,True,True,True,3,2
5.081624603292173,True,True,True,True,True,True,6,1
42.989861497582424,False,False,True,True,True,True,1,2
0.3684974158608357,True,True,True,True,True,True,6,1
0.2238063763881654,True,True,True,True,True,True,3,1
1.5433432156215174,True,True,True,True,True,True,14,1
7.251888788895877,True,True,True,True,True,True,3,3
0.32109405332370583,True,True,True,True,True,True,5,1
3.7831343876570793,True,True,True,True,True,True,2,2
0.2541483604939784,True,True,True,True,True,True,2,1
2.010607024069824,True,True,True,True,True,True,1,1
231.3926976556168,False,False,True,True,True,True,3,1
0.37677098427576877,True,True,True,True,True,True,0,1
1.6330898454053981,True,True,True,True,True,True,16,3
3.1622078132701015,True,True,True,True,True,True,16,7
13.42764459183737,True,True,True,True,True,True,1,2
22.265853795016795,True,True,True,True,True,True,0,1
1.4227753442544442,True,True,True,True,True,True,2,1
4.489455852950076,True,True,True,True,True,True,1,1
0.32586680219001923,True,True,True,True,True,True,4,3
0.00921726408718131,True,True,True,True,True,True,6,1
1.945073957238112,True,True,True,True,True,True,7,1
8.34139707383179,True,True,True,True,True,True,16,4
7.5855474296903065,True,True,True,True,True,True,1,1
2.1876751987150374,True,True,True,True,True,True,2,1
5.2318760913064555,False,True,True,True,True,True,1,1
0.18722915120161324,True,True,True,True,True,True,3,1
2.0581780917024424,True,True,True,True,True,True,0,1
23.647824910904518,True,True,True,True,True,True,11,1
0.006629076747270465,True,True,True,True,True,True,5,1
0.7780457275088473,True,True,True,True,True,True,9,3
0.14403356798298356,True,True,True,True,True,True,0,1
0.10568518825266353,True,True,True,True,True,True,6,2
20.592249806746818,False,False,True,True,True,True,0,1
0.062009192698227765,True,True,True,True,True,True,0,1
4.105557733277382,True,True,True,True,True,True,2,1
27.99634298495603,True,True,True,False,True,False,5,7
2.200633193364541,False,True,True,True,True,True,5,1
3.912095010701609,True,True,True,True,True,True,18,3
1.7799892760356828,True,True,True,True,True,True,1,2
0.23218547643015233,True,True,True,True,True,True,6,4
1.1713799037123538,True,True,True,True,True,True,0,1
11.685393065750867,True,True,True,True,True,True,7,2
27.295278509198585,True,True,True,True,True,True,0,1
2.222974829536826,True,True,True,True,True,True,16,1
2.7281284529810033,True,True,True,True,True,True,8,2
0.28357945375416355,True,True,True,True,True,True,10,1
5.4259903990077385,True,True,True,True,True,True,4,1
0.036079119731368126,True,True,True,True,True,True,10,3
6.729228490767815,True,True,True,True,True,True,1,2
1.2019890450606854,True,True,True,True,True,True,3,1
1.5341739159781766,True,True,True,True,True,True,1,1
5.252223194304239,True,True,True,True,True,True,4,1
0.4481850778152179,True,True,True,True,True,True,2,2
0.005565329772281132,True,True,True,True,True,True,1,1
1.4916628734887325,True,True,True,True,True,True,5,5
14.503219169540335,True,True,True,True,True,True,0,1
14.87097186840102,True,True,True,True,True,True,3,1
22.434111846232298,False,True,True,True,True,True,7,1
21.454548574179988,True,True,True,True,True,True,0,1
0.6861242916055792,True,True,True,True,True,True,4,1
8.962553391003865,False,True,True,True,True,True,1,2
12.995607645166672,True,True,True,True,True,True,5,1
0.37520635051520657,True,True,True,True,True,True,5,1
14.838534536002472,False,True,True,True,True,True,2,2
0.933637678231728,True,True,True,True,True,True,3,1
0.36515826767166115,True,True,True,True,True,True,3,1
2.0902782580194645,True,True,True,True,True,True,3,1
0.9925743708116739,True,True,True,True,True,True,4,3
14.757021008159608,True,True,True,True,True,True,2,1
2.0246613239873357,True,True,True,True,True,True,15,4
1.6153833941594031,True,True,True,True,True,True,2,1
0.01587937425047201,True,True,True,True,True,True,5,5
11.610866208607659,True,True,True,True,True,True,3,2
1.9079537310410217,True,True,True,True,True,True,0,1
1.1281190428868828,True,True,True,True,True,True,3,1
0.6944317462549243,True,True,True,True,True,True,2,1
0.9134918441241657,True,True,True,True,True,True,2,1
3.6105785321109964,True,True,True,True,True,True,3,2
11.939682013175762,True,True,True,True,True,True,4,1
0.7796482256478366,True,True,True,True,True,True,2,1
16.393566036127847,True,True,True,True,True,True,5,1
5.112199679445206,True,True,True,True,True,True,5,3
6.276634826102765,True,True,True,True,True,True,6,1
1.2356706000135935,True,True,True,True,True,True,1,1
0.1790651751846826,True,True,True,True,True,True,1,1
6.08384599797953,True,True,True,True,True,True,0,1
0.18185381260825206,True,True,True,True,True,True,3,1
0.5425433196150776,True,True,True,True,True,True,1,1
3.6918824981717324,True,True,True,True,True,True,2,1
0.6236535298687708,True,True,True,True,True,True,5,1
6.413753593898289,True,True,True,True,True,True,3,1
8.904128393022921,True,True,True,True,True,True,3,1
0.19165835976035134,True,True,True,True,True,True,3,4
2.1563716309504564,True,True,True,True,True,True,12,11
0.0010018225835588443,True,True,True,True,True,True,0,1
2.8198938525688075,True,True,True,True,True,True,7,2
8.234881495037275,True,True,True,True,True,True,5,2
0.4438266911408963,True,True,True,True,True,True,13,2
0.31941633440669154,True,True,True,True,True,True,5,3
4.41165915039197,True,True,True,True,True,True,1,1
0.021767038894163693,True,True,True,True,True,True,5,1
27.639133651009864,True,True,True,True,True,True,0,1
0.025936758590727263,True,True,True,True,True,True,2,1
0.024613901627887663,True,True,True,True,True,True,1,1
0.08015432973302643,True,True,True,True,True,True,4,3
2.0437347456190365,True,True,True,True,True,True,5,1
0.45915987881435016,True,True,True,True,True,True,6,3
0.033404647204735134,True,True,True,True,True,True,5,3
18.4933036825746,True,True,True,True,True,True,5,2
0.05343056043673715,True,True,True,True,True,True,1,1
4.579045866751896,True,True,True,True,True,True,4,1
8.30678533339035,True,True,True,True,True,True,0,1
0.3214467556626087,True,True,True,True,True,True,1,1
8.572114887133564,False,True,True,True,True,True,1,2
0.1548683572480443,True,True,True,True,True,True,14,10
0.075115658835884,True,True,True,True,True,True,3,2
29.773106219438066,True,True,True,True,True,True,3,3
0.16926856018030803,True,True,True,True,True,True,0,1
0.43867129680075384,True,True,True,True,True,True,1,1
0.4781995235528614,True,True,True,True,True,True,2,1
0.41781818991671005,True,True,True,True,True,True,0,1
0.42410970388233865,True,True,True,True,True,True,10,4
2.0112786457727125,True,True,True,True,True,True,2,2
0.11841899771096094,True,True,True,True,True,True,0,1
0.00909512544449998,True,True,True,True,True,True,3,1
0.49968147907935045,True,True,True,True,True,True,3,1
0.1919896136509315,True,True,True,True,True,True,3,1
136.70469403768166,True,False,True,True,True,True,4,1
7.196499233088386,True,True,True,True,True,True,1,2
0.014270349815573635,True,True,True,True,True,True,11,2
7.2003396632081165,True,True,True,True,True,True,2,1
0.07488590350559202,True,True,True,True,True,True,0,1
0.3648061676182245,True,True,True,True,True,True,3,2
5.834202872528742,True,True,True,True,True,True,0,1
26.126448210195278,True,True,True,True,True,True,6,1
0.4767611177204541,True,True,True,True,True,True,3,1
2.4283089049176376,True,True,True,True,True,True,2,2
3.0336876964061963,True,True,True,True,True,True,4,1
28.484021000924006,True,True,True,True,True,True,1,1
23.918478510534687,True,True,True,True,True,True,2,1
0.17632494138369703,True,True,True,True,True,True,5,4
0.534517389069732,True,True,True,True,True,True,4,1
1.8398559371489052,True,True,True,True,True,True,5,1
0.7918044806995286,True,True,True,True,True,True,6,3
0.285702456237267,True,True,True,True,True,True,8,2
11.297924278123226,True,True,True,True,True,True,1,1
4.463750261650667,True,True,True,True,True,True,1,1
5.353938460834339,True,True,True,True,True,True,8,1
43.75967608826774,False,False,True,True,True,True,4,2
0.5135242857426864,False,True,True,True,True,True,5,2
