event_i,event_j,run_i,run_j,delta_t_days,sep_deg,chi2_sky,z_mc,mc_i,mc_j,same_epoch,chi2_total,survives
GW240612_081540,GW240908_082628,O4b,O4b,88.00749692936186,0.8737669523028073,0.0025264952979618706,0.2161075646638031,42.740727,44.7457110157901,True,0.049228974802881714,True
GW240420_175625,GW240615_113620,O4b,O4b,55.736055523686936,5.7327818931721435,0.01962281319358499,0.2030562193605409,34.86604725974014,33.39608805049227,True,0.0608546414145811,True
GW240512_024139,GW240916_184352,O4b,O4b,127.66820795744381,1.459426204668078,0.020295854241627477,0.33664437282149096,10.495718,9.772324,True,0.13362528799400247,True
GW240501_033534,GW250108_152221,O4b,O4b,252.49081915709155,2.8235182642214456,0.04496861119216542,0.3346028042817374,46.62292898748619,43.42835135719233,True,0.15692764782536808,True
GW191222_033537,GW200128_022011,O3b,O3b,36.947625000002205,20.492590699092577,0.11683094619389978,0.20410949424347144,50.989020546497116,49.969085144703506,True,0.1584916318342255,True
GW240420_175625,GW241009_220455,O4b,O4b,172.17256942551444,20.6625483689604,0.24466890358204743,0.04610736648133938,34.86604725974014,35.20874,True,0.24679479282589198,True
GW250104_015122,GW250118_023225,O4b,O4b,14.028514014499056,8.634526200259453,0.2581947318852829,0.19701790061298366,65.1791814374189,62.51123538684502,True,0.29701078504723044,True
GW190803_022701,GW200209_085452,O3a,O3b,190.26933217592537,12.754905468873472,0.29219940948673145,0.10795165796479378,42.428995687519134,41.97798525014626,True,0.3038529699440793,True
GW240420_175625,GW240505_133552,O4b,O4b,14.819063239638453,25.221364596215533,0.3516872313789249,0.014237905002398098,34.86604725974014,34.76089965736463,True,0.35188994931778217,True
GW240406_062847,GW240531_040326,O4b,O4b,54.899058492142295,6.528319013945811,0.18866372814583626,0.42081583993672667,23.47207222855139,21.46755613411357,True,0.365749699287489,True
GW240703_191355,GW241130_034908,O4b,O4b,149.3577930988206,5.994629469879717,0.04347551991217577,0.5926997377494603,36.3202531359223,32.02910184520825,True,0.39476849904045475,True
GW200112_155838,GW200311_115853,O3b,O3b,58.833510416666115,19.18572391189426,0.23581198085069588,0.41121415232775743,34.01469261862209,32.65782345935489,True,0.404909059925332,True
GW240923_204006,GW241229_155844,O4b,O4b,96.80461388214319,14.236034942637836,0.4741438214739469,0.18945775942663576,65.1791814374189,62.61156809638599,True,0.5100380640809079,True
GW240703_191355,GW241009_220455,O4b,O4b,98.11875269360013,21.103620592992616,0.5186684528287339,0.14651806911752197,36.3202531359223,35.20874,True,0.5401359974066609,True
GW240630_101703,GW240703_191355,O4b,O4b,3.3728230280677476,12.840702417203175,0.190529899500598,0.5926997377494603,32.02910184520825,36.3202531359223,True,0.541822878628877,True
GW240612_081540,GW250108_152221,O4b,O4b,210.29630831586542,13.854781785165084,0.5860833166091711,0.07523722374254731,42.740727,43.42835135719233,True,0.5917439564456572,True
GW240601_061200,GW241229_155844,O4b,O4b,211.40745840100502,13.69928240954116,0.4616843382038546,0.40087208476223196,57.50732,62.61156809638599,True,0.6223827665454728,True
GW240915_105151,GW250119_190238,O4b,O4b,126.34082474443923,14.169395178283692,0.41983473564690416,0.46811537201219267,9.107368291496954,10.0581781959607,True,0.6389667371610177,True
GW240420_175625,GW240621_195059,O4b,O4b,62.07955917954721,33.58056062554695,0.6722852064602389,0.004392509681935979,34.86604725974014,34.83357448660222,True,0.6723045006015448,True
GW240919_061559,GW250109_010541,O4b,O4b,111.78451720118522,4.067522527328795,0.32379175884342043,0.5926996701406803,37.857165273362,42.92914027567986,True,0.6750846578282916,True
GW240420_175625,GW241210_060606,O4b,O4b,233.50672835477525,25.91535614782702,0.3826095156572077,0.5954467491152672,34.86604725974014,30.72879514349738,True,0.7371663466891476,True
GW240420_175625,GW240703_191355,O4b,O4b,74.05381673191432,41.75608415919478,0.7081500818277288,0.19262543559886133,34.86604725974014,36.3202531359223,True,0.7452546402673799,True
GW240501_033534,GW240612_081540,O4b,O4b,42.19451084122613,14.761534628458541,0.6139279739301516,0.4098400280242847,46.62292898748619,42.740727,True,0.7818968225010982,True
GW200112_155838,GW200129_065458,O3b,O3b,16.622458333334436,28.766593428015053,0.4715634103178213,0.600100749041443,34.01469261862209,32.05283464278138,True,0.8316843193179222,True
GW241114_235258,GW250118_055802,O4b,O4b,64.25352227132353,25.70079060922911,0.8306921324010544,0.25925227128653117,9.39946376197063,8.896491,True,0.8979038725682796,True
GW240420_175625,GW240630_101703,O4b,O4b,70.68099370384658,36.01975997055742,0.7406636409109613,0.4000743021505989,34.86604725974014,32.02910184520825,True,0.90072308815225,True
GW190725_174728,GW191129_134029,O3a,O3b,126.82848032407186,27.255160611900823,0.6415106229027631,0.5481043518995727,8.954752793977287,8.481818454512,True,0.9419290034740138,True
GW240420_175625,GW250118_170523,O4b,O4b,272.9645566879268,35.14431196272571,0.6986541606178915,0.581730265407141,34.86604725974014,39.44538758406022,True,1.0370642623085542,True
GW191105_143521,GW191204_171526,O3b,O3b,29.11115856481371,48.84870860101401,1.0241382201413272,0.12556789358935638,9.572347117858067,9.692079645132788,True,1.0399055160417952,True
GW240824_205609,GW241116_151753,O4b,O4b,83.76509687446334,14.01669339572386,0.5913513414194684,0.6909688932173388,44.188446,51.16419593060116,True,1.0687893528134627,True
GW240621_214041,GW240907_153833,O4b,O4b,77.74851913734719,8.922874683388384,0.1664564198126294,0.95181317770695,62.61156809638599,51.16419593060116,True,1.0724047450692313,True
GW240824_205609,GW250108_152221,O4b,O4b,136.76819926743156,11.60583719741194,1.0666600199747576,0.08179277281130877,44.188446,43.42835135719233,True,1.07335007765892,True
GW240612_081540,GW240824_205609,O4b,O4b,73.52810904843388,17.969257567068265,1.062413281766236,0.15702999655385608,42.740727,44.188446,True,1.08707170158394,True
GW240501_033534,GW241102_144729,O4b,O4b,185.46660651612336,11.760550926139423,0.7606216481673378,0.5910541786791562,46.62292898748619,52.85085995577398,True,1.1099666903014298,True
GW240824_205609,GW241102_144729,O4b,O4b,69.74398662646335,7.344958967877052,0.4123496959728743,0.8438642101495848,44.188446,52.85085995577398,True,1.1244565011442569,True
GW240501_033534,GW241116_151753,O4b,O4b,199.48771676412335,19.01709823512843,0.943659067579069,0.4381588617469101,46.62292898748619,51.16419593060116,True,1.135642255706417,True
GW240420_175625,GW240919_061559,O4b,O4b,151.5135842212124,40.73787304887883,0.990224881782458,0.38799784068097837,34.86604725974014,37.857165273362,True,1.1407672061555598,True
GW241102_144729,GW241116_151753,O4b,O4b,14.021110247999982,20.169038270273653,1.1287638120164574,0.1528953169322461,52.85085995577398,51.16419593060116,True,1.1521407899562695,True
GW241109_033317,GW250118_170523,O4b,O4b,70.56394926266813,20.272256579241713,0.5367569627926778,0.7880720917559106,46.62292898748619,39.44538758406022,True,1.1578145845972143,True
GW240703_191355,GW241210_060606,O4b,O4b,159.4529116228609,21.897308120528464,0.5517613400584065,0.7880721847141285,36.3202531359223,30.72879514349738,True,1.172819108378506,True
GW241109_033317,GW250109_010541,O4b,O4b,60.89749399713896,27.564612359103403,1.0532697499900208,0.3891048463413931,46.62292898748619,42.92914027567986,True,1.2046723314363799,True
GW240630_101703,GW241006_015333,O4b,O4b,97.65034870043672,7.7900621688659,0.5943616800055339,0.7913576331692236,32.02910184520825,27.07938175732777,True,1.2206085835807294,True
GW190421_213856,GW200128_022011,O3a,O3b,281.1953206018524,29.5413346383923,0.3922833643034378,0.9118887773554931,45.65586762160107,49.969085144703506,True,1.223824506570334,True
GW240908_125134,GW241229_155844,O4b,O4b,112.12998223886721,23.648931814312878,1.0642028576707976,0.39995056245390076,57.51856288292748,62.61156809638599,True,1.2241633100779892,True
GW241125_010116,GW241201_055758,O4b,O4b,6.2060398807487,21.11645102626385,1.09727463917251,0.3956817097875857,80.35532254504544,73.88586708868455,True,1.2538386546329372,True
GW241124_024914,GW250116_015318,O4b,O4b,52.96115774931731,21.600791686252972,0.9691593612053094,0.5352724473305976,51.16419593060116,45.67228030559264,True,1.255675954076597,True
GW240601_061200,GW240923_204006,O4b,O4b,114.60284451886184,10.668383001088687,0.95284546880214,0.5903298441888677,57.50732,65.1791814374189,True,1.3013347937421929,True
GW241009_220455,GW241210_060606,O4b,O4b,61.334158929260795,11.666320337949607,0.8963192555201417,0.6415541155966066,35.20874,30.72879514349738,True,1.3079109387590857,True
GW240501_033534,GW240908_082628,O4b,O4b,130.202007770588,13.904795700835024,1.2724299833785242,0.1937324633604816,46.62292898748619,44.7457110157901,True,1.3099622507382445,True
GW240612_081540,GW241102_144729,O4b,O4b,143.27209567489723,10.627940968840727,0.3401428110003455,1.000894206703441,42.740727,52.85085995577398,True,1.3419320240128558,True
GW240908_082628,GW250108_152221,O4b,O4b,122.28881138650355,13.047694571247312,1.3669974816187773,0.1408703409212558,44.7457110157901,43.42835135719233,True,1.3868419345700482,True
GW240414_054515,GW240531_075248,O4b,O4b,47.08857932761863,10.591943687535258,0.5956403351824706,0.8902196650403206,32.03651047022337,38.69538387368516,True,1.3881313872069712,True
GW241102_144729,GW250108_152221,O4b,O4b,67.02421264096819,9.162290461117584,0.5436027965040368,0.9256569829608936,52.85085995577398,43.42835135719233,True,1.4004436466083008,True
GW240501_033534,GW240824_205609,O4b,O4b,115.72261988966001,14.369070045085115,1.3434329716737057,0.25281003147042863,46.62292898748619,44.188446,True,1.4073458836857848,True
GW190421_213856,GW191222_033537,O3a,O3b,244.24769560185018,15.838669038992371,0.16280974215597688,1.1159982715989645,45.65586762160107,50.989020546497116,True,1.408261884367853,True
GW240915_001357,GW241114_235258,O4b,O4b,60.985421605711736,32.753901966610854,1.3921007639217875,0.13688369745472792,9.676401228625467,9.39946376197063,True,1.410837910550665,True
GW240908_082628,GW241102_144729,O4b,O4b,55.264598745535366,10.267651637280078,0.8166671061948114,0.7847866420396378,44.7457110157901,52.85085995577398,True,1.4325571797186618,True
GW240621_214041,GW241225_082815,O4b,O4b,186.44969860060073,22.671959065083232,1.422236018671733,0.18945775942663576,62.61156809638599,65.1791814374189,True,1.4581302612786942,True
GW190930_133541,GW191216_213338,O3a,O3b,77.33191203703758,18.67847602216273,0.5484641221147099,0.9624156171061782,9.832854575922946,8.93927957077281,True,1.4747079421645757,True
GW241116_151753,GW250108_152221,O4b,O4b,53.0031023929682,17.69598809369098,0.8800456206017314,0.7727616660286475,51.16419593060116,43.42835135719233,True,1.4772062130851022,True
GW240420_175625,GW241130_034908,O4b,O4b,223.4116098307349,47.732879392672764,1.3301744322586695,0.4000743021505989,34.86604725974014,32.02910184520825,True,1.4902338794999581,True
GW240915_105151,GW241102_124058,O4b,O4b,48.07578389908981,26.967981431146292,1.5076932318535756,0.11124297798509757,9.107368291496954,8.894966803098276,True,1.5200682320045684,True
GW240629_145256,GW240915_105151,O4b,O4b,77.83257202502755,27.2049491924183,1.483729614090219,0.40111566709025714,9.91623458114387,9.107368291496954,True,1.644623392475481,True
GW240627_131622,GW241225_042553,O4b,O4b,180.63160925689948,23.6718686327736,1.6735519366107212,0.16382721594002442,10.219401,9.87034662513617,True,1.7003912932933807,True
GW241225_042553,GW241231_054133,O4b,O4b,6.052550754428462,21.627786329332267,1.6912338968762095,0.12826231592221723,9.87034662513617,9.605409466629611,True,1.7076851185619402,True
GW241127_061008,GW250116_015318,O4b,O4b,49.821645173573934,19.254253130883058,1.5963284878406454,0.3500663542026415,42.40351535547827,45.67228030559264,True,1.7188749401853747,True
GW240414_054515,GW240420_175625,O4b,O4b,6.507758303041811,51.77149995440834,1.5756988978505135,0.3989840263491771,32.03651047022337,34.86604725974014,True,1.7348871511323143,True
GW240621_214041,GW241116_151753,O4b,O4b,147.73416614108615,21.657816626096324,0.8333068184449672,0.95181317770695,62.61156809638599,51.16419593060116,True,1.739255143701569,True
GW240525_031210,GW241002_030559,O4b,O4b,129.9957063640516,21.339246232572464,1.6224596606522967,0.3923903503629143,37.857165273362,34.83357448660222,True,1.7764298477102274,True
GW190413_134308,GW191222_033537,O3a,O3b,252.57810648147984,46.727735825407684,1.456895173283792,0.6137034808950781,54.18281930286216,50.989020546497116,True,1.8335271357465275,True
GW240612_081540,GW241002_030559,O4b,O4b,111.78494211029951,19.17537857574045,0.9344319921426122,0.9643548388207029,42.740727,34.83357448660222,True,1.8644122472995162,True
GW241116_151753,GW241210_120900,O4b,O4b,23.86883076137415,27.48555540122866,1.4737877738494911,0.6318913251073918,51.16419593060116,44.7457110157901,True,1.8730744205954666,True
GW240519_012815,GW240705_053215,O4b,O4b,47.16944377085401,27.367856418617034,1.8378787615313033,0.20293248631802857,62.61156809638599,59.97342657773996,True,1.87906035553452,True
GW240716_034900,GW240930_234614,O4b,O4b,76.83141675690258,35.76524879837259,1.876416732557123,0.09554693775607416,41.17194328912976,42.014954,True,1.8855459498716862,True
GW240519_012815,GW240527_183429,O4b,O4b,8.71265124850803,20.5808100641493,0.7361773436461533,1.0802234679802623,62.61156809638599,78.7359663485427,True,1.9030600844214578,True
GW190413_134308,GW200128_022011,O3a,O3b,289.525731481482,51.93576935094792,1.2358718664504653,0.8178129751385494,54.18281930286216,49.969085144703506,True,1.904689928755431,True
GW240907_153833,GW241116_151753,O4b,O4b,69.98564700373898,30.577167957625512,1.9592390790302832,0.0,51.16419593060116,51.16419593060116,True,1.9592390790302832,True
GW240420_175625,GW250109_010541,O4b,O4b,263.2981014223976,41.84787289537677,1.0160407555324753,0.9806975108216586,34.86604725974014,42.92914027567986,True,1.9778083632642725,True
GW240930_234614,GW241101_220523,O4b,O4b,31.929955440927987,11.05891296032656,0.16686514476046865,1.349888245214067,42.014954,31.55307545252933,True,1.9890634193275818,True
GW240511_031507,GW241009_022835,O4b,O4b,150.96768179676874,15.442338492140143,0.9310454928825237,1.0341269920211575,41.08604501884961,51.16419593060116,True,2.000464128509251,True
GW240716_034900,GW241101_220523,O4b,O4b,108.76137219783057,24.8932707749984,0.46725109183799396,1.2543413074579928,41.17194328912976,31.55307545252933,True,2.0406232074334207,True
GW190915_235702,GW200302_015811,O3a,O3b,168.08413078703813,70.90013495614555,1.5280983221487945,0.7578001931008667,32.242328577635526,29.912060181904458,True,2.1023594548125053,True
GW190725_174728,GW191216_213338,O3a,O3b,144.15706018518517,37.748063693908044,2.105900161221154,0.017469868579175003,8.954752793977287,8.93927957077281,True,2.1062053575293276,True
GW240525_031210,GW240716_034900,O4b,O4b,52.025577191117186,38.9307923051232,1.9499709147793178,0.39568171515151557,37.857165273362,41.17194328912976,True,2.106534934484563,True
GW240513_183302,GW250101_011205,O4b,O4b,232.27710830462476,11.777093346413576,1.3505891417651201,0.8732942316766211,24.40236099761511,29.36882012981698,True,2.11323195684478,True
GW190803_022701,GW190910_112807,O3a,O3a,38.37575810185185,39.251971461646995,2.0927030645822726,0.14852876322053654,42.428995687519134,43.05746360493993,True,2.114763858086095,True
GW240420_175625,GW241109_033317,O4b,O4b,202.40060742525867,24.62809813578191,0.2585170976173905,1.3698023571630518,34.86604725974014,46.62292898748619,True,2.134875595306843,True
GW240530_012417,GW240601_231004,O4b,O4b,2.9067829935887346,17.08316167356504,1.7476396548032158,0.6325325371665753,11.094365,9.701271,True,2.147737065377601,True
GW190630_185205,GW200112_155838,O3a,O3b,195.87954745370482,9.455325800468813,0.05503261804242186,1.4496978444430835,29.467259584158054,34.01469261862209,True,2.1566564582253447,True
GW190630_185205,GW200129_065458,O3a,O3b,212.50200578703925,19.560409363060884,1.4578444061863256,0.8495970954016405,29.467259584158054,32.05283464278138,True,2.17965963070123,True
GW241002_030559,GW250108_152221,O4b,O4b,98.5113662055659,15.492175846044836,1.1119262102856045,1.0395920625632502,34.83357448660222,43.42835135719233,True,2.1926778668301172,True
GW240507_041632,GW240622_004008,O4b,O4b,45.84972268914459,13.036715904801335,0.9188224626394478,1.1324377313812581,20.2144090480122,15.897619,True,2.2012376780953784,True
GW240919_061559,GW241109_033317,O4b,O4b,50.887023204046265,29.078827586776878,1.2550504425723596,0.9818045164820733,37.857165273362,46.62292898748619,True,2.218990551156957,True
GW240501_033534,GW240924_000316,O4b,O4b,145.8525649408941,19.61925447168448,1.9136454004372527,0.5714992292892216,46.62292898748619,52.63207646576119,True,2.240256769515427,True
GW240420_175625,GW240531_075248,O4b,O4b,40.58082102457682,61.42064648020407,2.0549690663193725,0.49123563869114345,34.86604725974014,38.69538387368516,True,2.296281519039668,True
GW240420_175625,GW241006_015333,O4b,O4b,168.3313424042833,39.45631414503967,0.9163825999669677,1.1914319353198224,34.86604725974014,27.07938175732777,True,2.335892656466905,True
GW240630_101703,GW241009_220455,O4b,O4b,101.49157572166787,17.801244785717948,2.137920059841709,0.4461816686319383,32.02910184520825,35.20874,True,2.33699814126489,True
GW240630_101703,GW241130_034908,O4b,O4b,152.73061612688832,16.56436417809152,2.3627693330239086,0.0,32.02910184520825,32.02910184520825,True,2.3627693330239086,True
GW241127_061008,GW241129_021832,O4b,O4b,1.8391711337367693,7.939417225967347,1.5101777746454856,0.9270149270586586,42.40351535547827,34.83357448660222,True,2.3695344496350557,True
GW191109_010717,GW191222_033537,O3b,O3b,43.10300810185019,8.228513846315288,0.027267714755157338,1.5311678149033296,59.334338735033896,50.989020546497116,True,2.3717425921509947,True
GW240703_191355,GW241006_015333,O4b,O4b,94.27752567236898,19.42058952958784,0.46416972964657144,1.3840573709186839,36.3202531359223,27.07938175732777,True,2.3797845356409106,True
GW190728_064510,GW191105_143521,O3a,O3b,100.32652083333444,57.29685107037853,2.0453764623346196,0.5875933850994112,10.145672000642795,9.572347117858067,True,2.3906424485472044,True
GW240612_081540,GW241116_151753,O4b,O4b,157.29320592289722,29.86700352169695,1.6721143190880072,0.8479988897711949,42.740727,51.16419593060116,True,2.3912164361411863,True
GW190910_112807,GW200209_085452,O3a,O3b,151.8935740740735,51.92500908508593,2.3358611455546407,0.2564804211853303,43.05746360493993,41.97798525014626,True,2.401643352006045,True
GW190413_134308,GW191109_010717,O3a,O3b,209.47509837962963,40.893101431112584,1.5611708532029274,0.9174643340082517,54.18281930286216,59.334338735033896,True,2.402911657380132,True
GW240420_175625,GW250101_011205,O4b,O4b,255.3025407922958,56.08210578983451,1.78861000013149,0.8088355280077856,34.86604725974014,29.36882012981698,True,2.442824911499123,True
GW240621_200935,GW241230_084504,O4b,O4b,191.52464137145768,11.274197184667605,0.14945790990515234,1.5269188444552264,69.906723,50.56468582785686,True,2.4809390674576366,True
GW240514_121713,GW240716_034900,O4b,O4b,62.64706918970578,32.27852192578478,1.551360995520537,0.9687192623950931,50.56468582785686,41.17194328912976,True,2.4897780048558302,True
GW190412,GW190708_232457,O3a,O3a,87.74598611111166,44.09799903326641,2.4950998024036815,0.14173491605401792,15.252287051638449,15.467800920407623,True,2.515188588832521,True
GW240615_113620,GW240703_191355,O4b,O4b,18.317761208227388,43.371452545845926,2.3855956270528247,0.3956816549594023,33.39608805049227,36.3202531359223,True,2.5421595991242363,True
GW240420_175625,GW240902_143306,O4b,O4b,134.85881094856947,58.06623632537538,1.9333045433830922,0.7924647423613905,34.86604725974014,29.47098853131762,True,2.5613049112689974,True
GW240501_033534,GW241002_030559,O4b,O4b,153.97945295152564,12.903105613674008,0.6844147659396359,1.3741948668449877,46.62292898748619,34.83357448660222,True,2.572826298002749,True
GW240513_183302,GW240902_143306,O4b,O4b,111.83337846089844,12.6268440373341,1.8069329632804922,0.8896650173230162,24.40236099761511,29.47098853131762,True,2.5984368063288548,True
GW240902_143306,GW241111_111552,O4b,O4b,69.8630299442841,14.684526289935286,2.0564738835849656,0.7880718890059943,29.47098853131762,24.9339679069464,True,2.677531185826442,True
GW240907_153833,GW241225_082815,O4b,O4b,108.70117946325352,19.65008356517826,1.4003693965185953,1.1412709371335856,51.16419593060116,65.1791814374189,True,2.7028687484643683,True
GW190720_000836,GW191216_213338,O3a,O3b,149.89238078703758,16.629062505555222,0.5070848102897539,1.4885315468482911,10.358548347581337,8.93927957077281,True,2.7228109762523203,True
GW190727_060333,GW200219_094415,O3a,O3b,207.1532546296274,50.7081842940444,2.6583563452244574,0.3149087108443904,44.725714445364254,43.35292745235132,True,2.7575238413901335,True
GW190728_064510,GW191216_213338,O3a,O3b,141.61698958333443,25.128411368121952,1.1372189245762536,1.27877442709256,10.145672000642795,8.93927957077281,True,2.7724829599621588,True
GW191129_134029,GW191216_213338,O3b,O3b,17.32857986111332,62.3188170948034,2.527483973464561,0.5306344833203978,8.481818454512,8.93927957077281,True,2.8090569283532667,True
GW240621_195059,GW240703_191355,O4b,O4b,11.974257552367117,47.07063639500425,2.8009394944307284,0.19701794528079733,34.83357448660222,36.3202531359223,True,2.839755565193396,True
GW250116_015318,GW250119_025138,O4b,O4b,3.0405138957003754,21.259288855195773,1.6481376693674092,1.096434419457234,45.67228030559264,36.19433779401264,True,2.850306105537931,True
GW190620_030421,GW200128_022011,O3a,O3b,221.9693356481498,52.936058598182235,1.0501950733505567,1.3469680005934441,57.096769913090924,49.969085144703506,True,2.864517867973257,True
GW190517_055101,GW200302_015811,O3a,O3b,289.8383067129635,22.957102166579013,0.16001743889505923,1.6473717866940685,35.21046136254065,29.912060181904458,True,2.873851242490667,True
GW241109_033317,GW241230_233618,O4b,O4b,51.83541744274122,20.17833612996883,0.5294282001309784,1.5469114516716385,46.62292898748619,64.73111072019022,True,2.922363239443834,True
GW240519_012815,GW241109_033317,O4b,O4b,174.0868288348091,31.88679128082951,0.9969752788089051,1.3899720394538602,62.61156809638599,46.62292898748619,True,2.9289975492724287,True
GW240924_000316,GW241116_151753,O4b,O4b,53.63515182322926,33.32342375636587,2.92463183502551,0.13334036754231146,52.63207646576119,51.16419593060116,True,2.9424114886418287,True
GW190828_063405,GW200302_015811,O3a,O3b,186.80840046296242,68.6175318481325,1.434586605940795,1.238094686344218,33.81237536114807,29.912060181904458,True,2.9674650582945823,True
GW240525_031210,GW240924_000316,O4b,O4b,121.86881835342005,11.522010460762527,0.5565254719519879,1.553303745771295,37.857165273362,52.63207646576119,True,2.969277998579124,True
GW190602_175927,GW191230_180458,O3a,O3b,211.00383564814925,18.687409980786313,0.6992966344049336,1.5122484951393718,71.39720354898488,61.47027590709764,True,2.9861921454562284,True
GW240908_082628,GW241116_151753,O4b,O4b,69.28570899353535,29.240195306823686,2.586997094872695,0.6318913251073918,44.7457110157901,51.16419593060116,True,2.9862837416186703,True
GW240426_031451,GW241109_033317,O4b,O4b,197.01280131134445,31.862892957784325,1.0828216461054805,1.3899720394538602,62.61156809638599,46.62292898748619,True,3.0148439165690037,True
GW240824_205609,GW240908_082628,O4b,O4b,14.479387880927987,17.582865797406026,3.0627510442146373,0.05907756810994702,44.188446,44.7457110157901,True,3.0662412032684228,True
GW240621_195059,GW241109_033317,O4b,O4b,140.32104824571147,28.297183676271196,1.1860423386455323,1.3741948668449877,34.83357448660222,46.62292898748619,True,3.0744538707086457,True
GW240615_113620,GW241109_033317,O4b,O4b,146.66455190157174,20.188551571883078,0.6059651882378168,1.5728585765235927,33.39608805049227,46.62292898748619,True,3.079849289981639,True
GW240420_175625,GW241114_024711,O4b,O4b,207.36859099739402,67.05315274194322,2.548150454391925,0.7383073816751671,34.86604725974014,40.77756874833889,True,3.093248244227966,True
GW191109_010717,GW200128_022011,O3b,O3b,80.0506331018524,16.931588487316585,0.09052332166544091,1.7352773091468012,59.334338735033896,49.969085144703506,True,3.101710661305204,True
GW241009_022835,GW241230_084504,O4b,O4b,82.26144519414339,57.21554156789561,3.1200900021212377,0.05556240068237485,51.16419593060116,50.56468582785686,True,3.1231771824908265,True
GW240515_005301,GW241114_024711,O4b,O4b,183.07929016478636,22.667085218147456,2.768374233232737,0.6037570092626124,35.87554774121834,40.77756874833889,True,3.132896759466471,True
GW240908_082628,GW241002_030559,O4b,O4b,23.777445180937647,18.438318443372314,1.784518671537107,1.1804624034845062,44.7457110157901,34.83357448660222,True,3.178010157577524,True
GW190620_030421,GW191109_010717,O3a,O3b,141.9187025462974,69.05754073666021,3.0630780000309326,0.3883093085533571,57.096769913090924,59.334338735033896,True,3.213862119140119,True
GW191105_143521,GW191129_134029,O3b,O3b,23.96188888888668,66.94280483543845,1.7326793341699016,1.2218155253135465,9.572347117858067,8.481818454512,True,3.2255125120671195,True
GW240406_062847,GW250114_082203,O4b,O4b,283.0786496041108,14.280219262467083,1.6597330181182324,1.2699113066423675,23.47207222855139,30.72879514349738,True,3.2724077448563573,True
GW190929_012149,GW200128_022011,O3a,O3b,121.04053819444445,75.78361299129203,2.54741868204077,0.8533316828357261,54.37367078803606,49.969085144703506,True,3.2755936429720225,True
GW240920_124024,GW241230_084504,O4b,O4b,100.83657023939821,26.227838869775404,0.8446602619643953,1.5597733826287257,36.3202531359223,50.56468582785686,True,3.2775532671214522,True
GW241230_084504,GW250118_023225,O4b,O4b,18.741219882730533,47.390737474964645,2.3052307680784834,0.9998154372029769,50.56468582785686,62.51123538684502,True,3.3048616765478633,True
GW190701_203306,GW191230_180458,O3a,O3b,181.89712847222333,31.414748230378652,2.1862029174609527,1.0586876701891244,55.354004602956024,61.47027590709764,True,3.3070225004714286,True
GW240514_121713,GW240924_000316,O4b,O4b,132.49031035200866,20.85454022113782,3.2723351086256605,0.1889027682246863,50.56468582785686,52.63207646576119,True,3.3080193644686102,True
GW240505_133552,GW241109_033317,O4b,O4b,187.5815441856202,33.74808955780495,1.4121196140562948,1.3840402621654497,34.76089965736463,46.62292898748619,True,3.327687061351302,True
GW190828_063405,GW200208_130117,O3a,O3b,164.26889120370424,11.93774305850807,1.4785494312725187,1.3642901786910628,33.81237536114807,38.70174570146457,True,3.339837122945411,True
GW241109_033317,GW241210_120900,O4b,O4b,31.35813241351258,54.798576239400504,3.3228326759721103,0.1937324633604816,46.62292898748619,44.7457110157901,True,3.3603649433318306,True
GW240612_081540,GW240924_000316,O4b,O4b,103.65805409966795,29.04555102677774,2.400950953815266,0.9813392573135062,42.740727,52.63207646576119,True,3.3639776917598896,True
GW190910_112807,GW200208_130117,O3a,O3b,151.06470601852018,40.38088735472065,2.204246383007126,1.077336566769455,43.05746360493993,38.70174570146457,True,3.364900461105722,True
GW200129_065458,GW200302_015811,O3b,O3b,32.79390162036927,99.75703872972285,2.880378714286761,0.6982565742276429,32.05283464278138,29.912060181904458,True,3.367940957738885,True
GW241009_022835,GW241124_024914,O4b,O4b,46.01433641504358,41.27772058123939,3.3701221685470895,0.0,51.16419593060116,51.16419593060116,True,3.3701221685470895,True
GW190630_185205,GW200302_015811,O3a,O3b,245.29590740740852,106.22177433938761,3.393782635521435,0.15134052117399757,29.467259584158054,29.912060181904458,True,3.416686588870652,True
GW240414_054515,GW240703_191355,O4b,O4b,80.56157503495614,50.018855715322864,3.070902561821088,0.5916094619480384,32.03651047022337,36.3202531359223,True,3.4209043172875355,True
GW240513_183302,GW241111_111552,O4b,O4b,181.69640840518255,13.520128991720542,3.413827648535722,0.10159312831702183,24.40236099761511,24.9339679069464,True,3.424148812256961,True
GW240428_225440,GW240507_041632,O4b,O4b,8.22352176879567,23.069120338275404,2.9509824341388824,0.6983877581360541,17.43091324942379,20.2144090480122,True,3.438727894853186,True
GW240531_075248,GW241114_024711,O4b,O4b,166.78776997281722,29.320525144201564,3.4141716404153253,0.2470717429840236,38.69538387368516,40.77756874833889,True,3.4752160865964887,True
GW240505_133552,GW250118_170523,O4b,O4b,258.14549344828833,26.74498394175099,3.1350347476607294,0.5959681704095392,34.76089965736463,39.44538758406022,True,3.490212807802023,True
GW240526_093944,GW241110_124123,O4b,O4b,168.12614578908793,18.45897767821589,3.053547786323605,0.6823256747797202,12.98979,11.23934457334945,True,3.5191161127872053,True
GW240601_231004,GW240915_105151,O4b,O4b,105.48734988951297,43.502300191462005,3.4415572242403196,0.2978009417208987,9.701271,9.107368291496954,True,3.5302426251301737,True
GW240426_031451,GW241210_120900,O4b,O4b,228.37093372485703,22.939755885564004,1.058222628218045,1.5837045028143417,62.61156809638599,44.7457110157901,True,3.566342580452466,True
GW190727_060333,GW190910_112807,O3a,O3a,45.22538657407242,48.856784210691764,3.4432596473064274,0.3839894583845256,44.725714445364254,43.05746360493993,True,3.5907075514568687,True
GW240420_175625,GW241111_111552,O4b,O4b,204.72184089285355,43.87097055581552,1.1259869222308474,1.580536631367385,34.86604725974014,24.9339679069464,True,3.6240829653250084,True
GW190720_000836,GW190930_133541,O3a,O3a,72.56046875,20.590612494331467,3.3593751907358325,0.5261159297421131,10.358548347581337,9.832854575922946,True,3.6361731622642406,True
GW240612_081540,GW241129_021832,O4b,O4b,169.75199014541175,27.970489534648987,2.732024629612718,0.9643548388207029,42.740727,34.83357448660222,True,3.662004884769622,True
GW191105_143521,GW191216_213338,O3b,O3b,41.29046875,82.31288637507465,3.218670539935257,0.6911810419931489,9.572347117858067,8.93927957077281,True,3.696401772745992,True
GW190620_030421,GW191222_033537,O3a,O3b,185.0217106481476,68.92399764176312,2.393827414207491,1.1428585063499725,57.096769913090924,50.989020546497116,True,3.699952979743981,True
GW240924_000316,GW250108_152221,O4b,O4b,106.63825421619747,22.441984076467666,2.8989688474103037,0.906102033570959,52.63207646576119,43.42835135719233,True,3.719989742651731,True
GW240920_124024,GW241101_220523,O4b,O4b,42.39234015956245,48.003752266081435,3.281020194121038,0.6632871872243602,36.3202531359223,31.55307545252933,True,3.7209700868570414,True
GW240530_012417,GW240915_105151,O4b,O4b,108.3941328831017,40.44711396631549,2.8601630805458167,0.930333478887474,11.094365,9.107368291496954,True,3.7256834624846866,True
GW240621_214041,GW241102_144729,O4b,O4b,133.71305589308616,33.586935990082424,3.120665500417301,0.7989178607747038,62.61156809638599,52.85085995577398,True,3.75893524868213,True
GW240531_075248,GW240703_191355,O4b,O4b,33.4729957073375,59.4644267483223,3.7241486954110687,0.2986102030922821,38.69538387368516,36.3202531359223,True,3.8133167488018826,True
GW240514_121713,GW240525_031210,O4b,O4b,10.621491998588597,18.53141231024289,1.9752038210883338,1.3644009775466086,50.56468582785686,37.857165273362,True,3.836793848618475,True
GW240902_143306,GW250101_011205,O4b,O4b,120.44372984372632,24.316187402564466,3.839272661047882,0.016370785646395054,29.47098853131762,29.36882012981698,True,3.839540663670562,True
GW190708_232457,GW200225_060421,O3a,O3b,231.2773611111111,58.69772475781063,2.4845793830556,1.180588864229832,15.467800920407623,17.385435893018524,True,3.8783694493990843,True
GW191127_050227,GW200209_085452,O3b,O3b,74.16139583333224,61.84056700280662,2.727478432110734,1.0809244034253536,46.719020675810995,41.97798525014626,True,3.8958759980311903,True
GW240420_175625,GW241210_120900,O4b,O4b,233.75873983877125,69.73096427989712,2.551201204439011,1.17606989380257,34.86604725974014,44.7457110157901,True,3.934341599547799,True
GW240420_175625,GW240920_124024,O4b,O4b,152.7805481301331,81.48622614519965,3.934026382172476,0.19262543559886133,34.86604725974014,36.3202531359223,True,3.9711309406121273,True
GW240526_093944,GW241009_084816,O4b,O4b,135.9642607275231,20.288675952148242,3.1506237472613097,0.9139640113381214,12.98979,10.700416,True,3.985953961282579,True
GW240703_191355,GW241109_033317,O4b,O4b,128.34679069334433,61.92369503270995,2.626522685582286,1.1771769215641903,36.3202531359223,46.62292898748619,True,4.01226819024563,True
GW241129_021832,GW250119_025138,O4b,O4b,51.02298793553754,18.319415161602336,4.008328123846853,0.18064686180406622,34.83357448660222,36.19433779401264,True,4.040961412526511,True
GW240703_191355,GW240919_061559,O4b,O4b,77.45976748929807,56.26222199724324,4.008666462293503,0.195372405082117,36.3202531359223,37.857165273362,True,4.046836838961074,True
GW240630_101703,GW241210_060606,O4b,O4b,162.82573465092867,25.22895714138951,4.0138500311715575,0.1953724469646683,32.02910184520825,30.72879514349738,True,4.052020424204519,True
GW190929_012149,GW191222_033537,O3a,O3b,84.09291319444223,75.5701154473682,3.635869244938792,0.6492221885922547,54.37367078803606,50.989020546497116,True,4.057358695099309,True
GW240703_191355,GW250114_082203,O4b,O4b,194.54731410772436,52.20593809373836,3.4431019283060844,0.7880721847141285,36.3202531359223,30.72879514349738,True,4.064159696626184,True
GW240930_234614,GW241230_084504,O4b,O4b,90.37418552076375,52.85931672911368,3.306620902044844,0.8731723246390188,42.014954,50.56468582785686,True,4.069050810560352,True
GW241009_220455,GW241109_033317,O4b,O4b,30.228037999744217,42.01909014312531,2.377093173508782,1.3236949906817124,35.20874,46.62292898748619,True,4.12926160186464,True
GW240505_133552,GW240703_191355,O4b,O4b,59.23475349227587,61.591168811324515,4.112387933141244,0.20686334060125944,34.76089965736463,36.3202531359223,True,4.155180374825957,True
GW240527_183429,GW250104_015122,O4b,O4b,221.30339439880518,33.99893849580639,3.371798405463652,0.8907657085536266,78.7359663485427,65.1791814374189,True,4.165261952998696,True
GW190725_174728,GW191105_143521,O3a,O3b,102.86659143518519,80.1020598730928,3.716530696292821,0.6737111734139739,8.954752793977287,9.572347117858067,True,4.170417441475655,True
GW240621_195059,GW250109_010541,O4b,O4b,201.21854224285042,13.009091231468854,3.2244967974806786,0.9850900205035946,34.83357448660222,42.92914027567986,True,4.194899145976451,True
GW240924_000316,GW241002_030559,O4b,O4b,8.126888010631557,10.006783006718889,0.4177440512108597,1.9456940961342093,52.63207646576119,34.83357448660222,True,4.203469566942378,True
GW240426_031451,GW241230_233618,O4b,O4b,248.84821875408568,38.96222993701858,4.186197686775529,0.15693941221777843,62.61156809638599,64.73111072019022,True,4.210827665882791,True
GW200112_155838,GW200302_015811,O3b,O3b,49.416359953703704,111.16858422831153,2.5655828164423924,1.298357323269086,34.01469261862209,29.912060181904458,True,4.251314555328858,True
GW241210_120900,GW250118_170523,O4b,O4b,39.20581684915556,35.81468166560848,3.94271883848686,0.594339628395429,44.7457110157901,39.44538758406022,True,4.295958432368077,True
GW241114_235258,GW241225_042553,O4b,O4b,40.189526595961716,64.54619271386403,4.261840618687653,0.23043351744908946,9.39946376197063,9.87034662513617,True,4.314940224651613,True
GW240525_031210,GW241101_220523,O4b,O4b,160.78694938894776,54.596268497803,3.5978986454117594,0.8586595923064773,37.857165273362,31.55307545252933,True,4.335194940871685,True
GW191127_050227,GW200219_094415,O3b,O3b,84.1956898148137,83.72464346374426,3.7776334077092804,0.755363234699888,46.719020675810995,43.35292745235132,True,4.348207024045559,True
GW240703_191355,GW240902_143306,O4b,O4b,60.80499421665514,53.850076341096475,3.3809619531465347,0.9850901779602519,36.3202531359223,29.47098853131762,True,4.351364611860295,True
GW240716_034900,GW241109_033317,O4b,O4b,115.9890913333937,72.68528946317674,4.034459770713906,0.5861228013305577,41.17194328912976,46.62292898748619,True,4.377999708953486,True
GW240511_031507,GW241124_024914,O4b,O4b,196.98201821181235,29.68950806842024,3.3277123149640695,1.0341269920211575,41.08604501884961,51.16419593060116,True,4.397130950590797,True
GW240627_131622,GW240915_105151,O4b,O4b,79.89963950450498,47.3828300417927,4.114624272215964,0.5430777326354547,10.219401,9.107368291496954,True,4.40955769590043,True
GW240716_034900,GW240920_124024,O4b,O4b,66.36903203826812,51.788208131404815,4.119175008431693,0.5910541202336326,41.17194328912976,36.3202531359223,True,4.468519981476846,True
GW240527_183429,GW241230_233618,O4b,O4b,217.20959502904228,34.2853969998705,3.6215951230659114,0.9232840557624838,78.7359663485427,64.73111072019022,True,4.474048570691132,True
GW241129_021832,GW250116_015318,O4b,O4b,47.982474039837165,27.183431299357963,2.863525048462869,1.2770812812613002,34.83357448660222,45.67228030559264,True,4.494461647410873,True
GW240426_031451,GW240519_012815,O4b,O4b,22.925972476535375,52.579191854366734,4.506819134645977,0.0,62.61156809638599,62.61156809638599,True,4.506819134645977,True
GW240525_031210,GW240612_081540,O4b,O4b,18.2107642537521,40.49698426239476,4.18010895047941,0.5719644884577887,37.857165273362,42.740727,True,4.5072523265361895,True
GW240919_061559,GW250101_011205,O4b,O4b,103.78895657108338,16.305570263844505,3.092893259870496,1.196833368688764,37.857165273362,29.36882012981698,True,4.52530337227739,True
GW240907_153833,GW241114_024711,O4b,O4b,67.4643289237359,31.129058042231183,3.381665064858927,1.0696538372347948,51.16419593060116,40.77756874833889,True,4.525824396370048,True
GW241127_061008,GW250119_025138,O4b,O4b,52.86215906927431,15.168998036721195,3.973343332502596,0.7463680652545924,42.40351535547827,36.19433779401264,True,4.530408621334479,True
GW240420_175625,GW240515_005301,O4b,O4b,24.28930083260768,89.37653531292057,4.51414411286567,0.13455037241255463,34.86604725974014,35.87554774121834,True,4.532247915582027,True
GW240716_034900,GW240924_000316,O4b,O4b,69.84324116230287,48.4854602666005,3.192821241830054,1.1576220306197793,41.17194328912976,52.63207646576119,True,4.532910007606315,True
GW241009_022835,GW250116_015318,O4b,O4b,98.9754941643609,44.83915934156297,4.253491069674043,0.5352724473305976,51.16419593060116,45.67228030559264,True,4.540007662545331,True
GW240420_175625,GW240716_034900,O4b,O4b,86.41151609186497,95.64278352886308,3.957023313562926,0.7836795558324939,34.86604725974014,41.17194328912976,True,4.571176959792741,True
GW241009_084816,GW241130_110422,O4b,O4b,52.094505952226896,22.88048512271888,4.076232833403528,0.7146560674599344,10.700416,9.195196,True,4.586966128160826,True
GW240601_231004,GW240922_142106,O4b,O4b,112.63266622324785,21.11701165676304,4.566652008271232,0.17012873836786654,9.701271,10.057782,True,4.595595795889874,True
GW240527_183429,GW250118_023225,O4b,O4b,235.33190841330423,37.078080660463634,3.428564961627602,1.0877836091666102,78.7359663485427,62.51123538684502,True,4.611838141999138,True
GW240716_034900,GW241002_030559,O4b,O4b,77.97012917293442,55.784206028902766,3.9977565827956814,0.7880720655144299,41.17194328912976,34.83357448660222,True,4.618814163239861,True
GW240420_175625,GW240513_183302,O4b,O4b,23.025432487671022,55.15225976998897,1.7970038371243846,1.6821297596844067,34.86604725974014,24.40236099761511,True,4.626564365540304,True
GW241109_033317,GW250118_023225,O4b,O4b,69.95773082700316,47.93440496740558,2.717675118977769,1.3824118982675122,46.62292898748619,62.51123538684502,True,4.6287377754493555,True
GW241109_033317,GW250104_015122,O4b,O4b,55.92921681250411,41.0141325374876,2.1365882329339456,1.579429798880496,46.62292898748619,65.1791814374189,True,4.63118672252563,True
GW240716_034900,GW241230_084504,O4b,O4b,167.20560227766634,72.92353938523686,3.6973283452279175,0.9687192623950931,41.17194328912976,50.56468582785686,True,4.635745354563211,True
GW241111_111552,GW250101_011205,O4b,O4b,50.580699899442216,21.98554499715945,4.051115149267209,0.7717011033595993,24.9339679069464,29.36882012981698,True,4.646637742193631,True
GW241230_084504,GW250104_015122,O4b,O4b,4.7127058682314775,54.30383044762585,3.2189865856719235,1.1968333378159606,50.56468582785686,65.1791814374189,True,4.6513966241796165,True
GW241230_233618,GW250104_015122,O4b,O4b,4.093799369762893,31.438158799502922,4.654311196044864,0.032518347208857344,64.73111072019022,65.1791814374189,True,4.655368638950059,True
GW190930_133541,GW191105_143521,O3a,O3b,36.04144328703759,88.1395356811321,4.607927725060533,0.27123457511302934,9.832854575922946,9.572347117858067,True,4.681495919797278,True
GW240907_153833,GW241210_120900,O4b,O4b,93.85447776511312,42.81175705278108,4.282220989060104,0.6318913251073918,51.16419593060116,44.7457110157901,True,4.68150763580608,True
GW240520_213616,GW240622_004008,O4b,O4b,32.12767864387069,7.567309264751427,0.8335299233887207,1.9659312090615313,10.476476,15.897619,True,4.698415442150855,True
GW240716_034900,GW250109_010541,O4b,O4b,176.88658533053265,56.614257363836906,4.666395552785204,0.1970179549891647,41.17194328912976,42.92914027567986,True,4.705211627373316,True
GW200128_022011,GW200224_222234,O3b,O3b,27.83498263888889,37.16182823741515,0.6378306830110138,2.017292184324139,49.969085144703506,40.923430809934686,True,4.707298439946269,True
GW240612_081540,GW250119_025138,O4b,O4b,220.7749780809493,35.215583371953066,4.099180894058,0.7837079770166367,42.740727,36.19433779401264,True,4.7133790872975085,True
GW250101_011205,GW250109_010541,O4b,O4b,7.995560630101848,14.279637428235247,1.5262372370460826,1.7895330388294441,29.36882012981698,42.92914027567986,True,4.728665734108228,True
GW241101_220523,GW250101_011205,O4b,O4b,60.129652502600244,59.73026317317182,4.615681729264882,0.33817377638228674,31.55307545252933,29.36882012981698,True,4.730043232297539,True
GW240612_081540,GW241127_061008,O4b,O4b,167.912819011675,35.22965695867374,4.763555403379951,0.03733991176204435,42.740727,42.40351535547827,True,4.764949672390348,True
GW240621_214041,GW240824_205609,O4b,O4b,63.96906926662282,26.451573510306037,2.0990318290387058,1.6427820709242886,62.61156809638599,44.188446,True,4.797764761589001,True
GW240501_033534,GW241210_120900,O4b,O4b,223.3565475254975,39.93976247379476,4.775315403399292,0.1937324633604816,46.62292898748619,44.7457110157901,True,4.812847670759012,True
GW190910_112807,GW200219_094415,O3a,O3b,161.927868055555,88.00122857052817,4.816786656259189,0.06908074754013517,43.05746360493993,43.35292745235132,True,4.821558805939893,True
GW241109_115924,GW241130_110422,O4b,O4b,20.96177325055003,26.752878902015844,0.8915091519468648,1.9828399371685368,6.037906247513664,9.195196,True,4.823163368377392,True
GW190708_232457,GW190925_232845,O3a,O3a,79.00263657407352,37.8449624692542,1.4874007418251463,1.827865555547195,15.467800920407623,18.535910549849948,True,4.828493230981001,True
GW240501_033534,GW240525_031210,O4b,O4b,23.983746587474037,30.646675195690996,3.8794838770253084,0.9818045164820733,46.62292898748619,37.857165273362,True,4.843423985609906,True
GW190929_012149,GW191109_010717,O3a,O3b,40.98990509259204,68.81572277017786,4.142695560492395,0.881945626311075,54.37367078803606,59.334338735033896,True,4.9205236482616295,True
GW240703_191355,GW250109_010541,O4b,O4b,189.2442846904833,60.014133467589986,4.301620470436593,0.7880720752227973,36.3202531359223,42.92914027567986,True,4.922678066182559,True
GW190513_205428,GW200112_155838,O3a,O3b,243.79455208333277,77.37064726354326,3.7666176912998934,1.129476642709546,30.416343651425564,34.01469261862209,True,5.04233517772632,True
GW190910_112807,GW200224_222234,O3a,O3b,167.45448032407572,57.6254624989565,4.792613533171003,0.5134888934490957,43.05746360493993,40.923430809934686,True,5.0562843768665795,True
GW240824_205609,GW241002_030559,O4b,O4b,38.256833061865635,27.029068083565697,3.8000670764885602,1.121384835374559,44.188446,34.83357448660222,True,5.057571025496587,True
GW240703_191355,GW241230_084504,O4b,O4b,179.56330163761697,64.6797682500191,2.6332368781381263,1.5597733826287257,36.3202531359223,50.56468582785686,True,5.066129883295183,True
GW241002_030559,GW241101_220523,O4b,O4b,30.79124302489614,63.456339056704444,4.8536140783585475,0.4662692419435629,34.83357448660222,31.55307545252933,True,5.071021084341172,True
GW240511_031507,GW241230_084504,O4b,O4b,233.22912699091214,57.683132706837114,4.115362078688617,0.9785645913387827,41.08604501884961,50.56468582785686,True,5.072950738110656,True
GW240930_234614,GW241009_022835,O4b,O4b,8.112740326620363,35.134916737356,4.218755940378844,0.9287347253213938,42.014954,51.16419593060116,True,5.081304130396648,True
GW240531_040326,GW241113_163507,O4b,O4b,166.52200172531383,64.7842294893389,4.488859497001161,0.7791836696264202,21.46755613411357,18.19693114444467,True,5.095986688013655,True
GW240525_031210,GW241210_120900,O4b,O4b,199.37280093802346,40.92801826345193,4.509615905701672,0.7880720531215918,37.857165273362,44.7457110157901,True,5.1306734666129525,True
GW240716_034900,GW250101_011205,O4b,O4b,168.89102470043082,43.285002030905616,2.595979249039081,1.5925150838402795,41.17194328912976,29.36882012981698,True,5.132083541297893,True
GW190503_185404,GW200219_094415,O3a,O3b,291.6181817129613,54.50730775894172,3.1345791412149664,1.4155059866387045,37.684402727469184,43.35292745235132,True,5.138236339424979,True
GW240428_225440,GW240622_004008,O4b,O4b,54.07324445794026,16.015380592802146,4.950094765637276,0.434049973245204,17.43091324942379,15.897619,True,5.138494144911439,True
GW240621_214041,GW241210_120900,O4b,O4b,171.6029969024603,36.7833877241927,2.633883166272041,1.5837045028143417,62.61156809638599,44.7457110157901,True,5.142003118506462,True
GW190517_055101,GW200112_155838,O3a,O3b,240.4219467592598,89.70086025616536,5.049446836160316,0.3490144634249827,35.21046136254065,34.01469261862209,True,5.171257931840144,True
GW240824_205609,GW240907_153833,O4b,O4b,13.779449870724369,34.388952158031195,4.775219653254505,0.6909688932173388,44.188446,51.16419593060116,True,5.252657664648499,True
GW241116_151753,GW241225_082815,O4b,O4b,38.71553245951456,37.83170059302719,3.9722065285273347,1.1412709371335856,51.16419593060116,65.1791814374189,True,5.274705880473108,True
GW240426_031451,GW250118_170523,O4b,O4b,267.5767505740126,13.925433270849252,0.5398437871710057,2.178044131209771,62.61156809638599,39.44538758406022,True,5.283720024668332,True
GW241230_233618,GW250109_010541,O4b,O4b,9.062076554397741,15.099309704545322,1.5570639788976282,1.9360162980130315,64.73111072019022,42.92914027567986,True,5.305223085069711,True
GW190521_074359,GW200112_155838,O3a,O3b,236.34350231481372,67.49266011920174,2.8636058051766438,1.5628252918391807,39.70608211102101,34.01469261862209,True,5.3060286979888645,True
GW241007_082943,GW241101_220523,O4b,O4b,25.566433785833695,59.37997650098197,4.785460644915409,0.7244727621748728,27.058121,31.55307545252933,True,5.310321428048699,True
GW241210_120900,GW250108_152221,O4b,O4b,29.134271631594057,40.391269990583694,5.320470271565887,0.1408703409212558,44.7457110157901,43.42835135719233,True,5.3403147245171585,True
GW240420_175625,GW250114_082203,O4b,O4b,268.6011308396387,91.60120959563552,5.000824807174856,0.5954467491152672,34.86604725974014,30.72879514349738,True,5.355381638206795,True
GW240924_000316,GW241102_144729,O4b,O4b,39.61404157522928,30.977014416452434,5.382237374617559,0.019554949389934632,52.63207646576119,52.85085995577398,True,5.382619770663202,True
GW240420_175625,GW250109_074552,O4b,O4b,263.5760053406711,78.17350903814479,2.5615656192134155,1.6852762777906687,34.86604725974014,24.38607841063257,True,5.401721751697387,True
GW190910_112807,GW200128_022011,O3a,O3b,139.61949768518684,94.1912892074304,3.161788069043344,1.5038032908750434,43.05746360493993,49.969085144703506,True,5.423212406689954,True
GW240420_175625,GW240525_031210,O4b,O4b,34.38593890074778,98.17207310567557,5.31304573032843,0.38799784068097837,34.86604725974014,37.857165273362,True,5.463588054701532,True
GW241102_144729,GW241201_055758,O4b,O4b,28.632278821942982,30.70393418578067,2.984912573464521,1.579429448928552,52.85085995577398,73.88586708868455,True,5.479509957607271,True
GW191204_171526,GW200316_215756,O3b,O3b,103.19618171296186,79.06780915534583,4.543136905615653,0.9762201302965458,9.692079645132788,10.675483842428973,True,5.496142648411858,True
GW250104_015122,GW250109_010541,O4b,O4b,4.968277184634849,16.35971263246459,1.6253394073569916,1.968534645221889,65.1791814374189,42.92914027567986,True,5.50046805679586,True
GW241002_030559,GW241116_151753,O4b,O4b,45.508263812597704,30.65914514340897,2.228473943482476,1.8123537285918978,34.83357448660222,51.16419593060116,True,5.51309998102343,True
GW190413_134308,GW190929_012149,O3a,O3a,168.4851932870376,29.609252576281012,5.522761503119863,0.035518707697176674,54.18281930286216,54.37367078803606,True,5.524023081716341,True
GW190803_022701,GW191127_050227,O3a,O3b,116.10793634259315,67.2394449598104,4.594247468972717,0.9729727454605598,42.428995687519134,46.719020675810995,True,5.540923432381776,True
GW240426_031451,GW241116_151753,O4b,O4b,204.50210296348288,50.412929022741324,4.650659903960298,0.95181317770695,62.61156809638599,51.16419593060116,True,5.5566082292168995,True
GW240515_005301,GW250109_074552,O4b,O4b,239.28670450806342,42.99449048535061,2.2911333135391403,1.8198266502032232,35.87554774121834,24.38607841063257,True,5.602902350329025,True
GW240621_195059,GW241111_111552,O4b,O4b,142.64228171330635,10.949377718865307,3.138523097128117,1.576144121685449,34.83357448660222,24.9339679069464,True,5.622753389451713,True
GW240525_031210,GW250108_152221,O4b,O4b,228.50707256961752,33.43442184549954,5.206903270786322,0.647201712200336,37.857165273362,43.42835135719233,True,5.625773327061369,True
GW240924_000316,GW241210_120900,O4b,O4b,77.5039825846034,40.897179129882325,5.060834208823373,0.7652316926497031,52.63207646576119,44.7457110157901,True,5.646413752258902,True
GW240716_034900,GW240919_061559,O4b,O4b,65.10206812934743,59.396722054630175,5.519152589035717,0.39568171515151557,41.17194328912976,37.857165273362,True,5.675716608740962,True
GW240519_012815,GW241230_233618,O4b,O4b,225.9222462775503,50.24557586838493,5.674642947425572,0.15693941221777843,62.61156809638599,64.73111072019022,True,5.699272926532834,True
GW240426_031451,GW241225_082815,O4b,O4b,243.21763542299746,44.22346134813805,5.668774049766553,0.18945775942663576,62.61156809638599,65.1791814374189,True,5.704668292373514,True
GW240426_031451,GW240621_214041,O4b,O4b,56.767936822396734,56.01316115333516,5.7297517044073425,0.0,62.61156809638599,62.61156809638599,True,5.7297517044073425,True
GW240902_143306,GW241101_220523,O4b,O4b,60.31407734112607,65.32773267454252,5.626565766582691,0.3218029907358917,29.47098853131762,31.55307545252933,True,5.730122931429255,True
GW240501_033534,GW240621_214041,O4b,O4b,51.7535506230372,38.548067209180935,3.8662022255027675,1.3899720394538602,46.62292898748619,62.61156809638599,True,5.798224495966291,True
GW200302_015811,GW200311_115853,O3b,O3b,9.417150462962411,128.1938819841264,5.039404152166015,0.8871431709413284,29.912060181904458,32.65782345935489,True,5.82642715791385,True
GW241225_042553,GW250118_055802,O4b,O4b,24.06399567536182,44.29813208640753,5.59317772815949,0.48968578873562063,9.87034662513617,8.896491,True,5.832969899849116,True
GW190727_060333,GW200128_022011,O3a,O3b,184.84488425925926,99.8386897681416,4.602962746315866,1.1198138324905178,44.725714445364254,49.969085144703506,True,5.856945765752967,True
GW240515_005301,GW240907_153833,O4b,O4b,115.61496124105045,29.961377350039175,3.0777369342666145,1.6734108464974071,35.87554774121834,51.16419593060116,True,5.878040795441783,True
GW240703_191355,GW240920_124024,O4b,O4b,78.72673139821876,68.65554952054184,5.880726028720266,0.0,36.3202531359223,36.3202531359223,True,5.880726028720266,True
GW240420_175625,GW241101_220523,O4b,O4b,195.17288828969555,115.73483028922841,5.6685769360627365,0.4706617516254989,34.86604725974014,31.55307545252933,True,5.890099420505919,True
GW240615_160735,GW250116_015318,O4b,O4b,214.40674797439465,30.20950169454063,3.005626611198902,1.7052810350765277,31.80892214037337,45.67228030559264,True,5.913610019790576,True
GW240618_071627,GW240621_200935,O4b,O4b,3.5369024515262355,45.69776025106244,4.813133622056023,1.0490406151775604,87.33025310595902,69.906723,True,5.913619834348138,True
GW250109_010541,GW250118_023225,O4b,O4b,9.060236829864206,24.887927197805762,2.7798078081805073,1.7715167446089053,42.92914027567986,62.51123538684502,True,5.918079384610241,True
GW241230_233618,GW250118_023225,O4b,O4b,18.122313384261947,39.98717294184516,5.910954396384932,0.1644995534041263,64.73111072019022,62.51123538684502,True,5.93801449945509,True
GW240515_005301,GW240531_075248,O4b,O4b,16.29152019196914,38.696123742542056,5.82821257001654,0.3566852662785888,35.87554774121834,38.69538387368516,True,5.955436949196768,True
GW240908_082628,GW240924_000316,O4b,O4b,15.65055717030609,28.27447575370261,5.387288142018245,0.7652316926497031,44.7457110157901,52.63207646576119,True,5.9728676854537746,True
GW240612_081540,GW240716_034900,O4b,O4b,33.81481293736508,72.9212029906526,5.974189393916826,0.17628277330627307,42.740727,41.17194328912976,True,6.005265010081377,True
GW190910_112807,GW190929_012149,O3a,O3a,18.578959490742395,18.8165061238843,0.45263366419700674,2.3571349737107696,43.05746360493993,54.37367078803606,True,6.008718948487477,True
GW240601_061200,GW240908_125134,O4b,O4b,99.2774761621378,36.195176895604476,6.022152672546189,0.0009215223083312042,57.50732,57.51856288292748,True,6.022153521749553,True
GW240824_205609,GW241210_120900,O4b,O4b,107.63392763583748,41.287719446700635,6.022718906031038,0.05907756810994702,44.188446,44.7457110157901,True,6.0262090650848235,True
GW240703_191355,GW241111_111552,O4b,O4b,130.66802416093924,48.7086644891743,2.882777679603084,1.7731620669662462,36.3202531359223,24.9339679069464,True,6.0268813953310945,True
GW190910_112807,GW191127_050227,O3a,O3b,77.73217824074129,91.9924938921569,5.350719244609769,0.8244439822400232,43.05746360493993,46.719020675810995,True,6.030427124461556,True
GW240612_081540,GW250116_015318,O4b,O4b,217.73446418524892,53.23367026379331,5.942683831134113,0.31272644244059716,42.740727,45.67228030559264,True,6.040481658935666,True
GW240515_005301,GW240908_125134,O4b,O4b,116.49899505329904,16.980536355138963,1.0936401148418045,2.2252734617504566,35.87554774121834,57.51856288292748,True,6.045482094412665,True
GW240525_031210,GW241116_151753,O4b,O4b,175.50397017664932,41.33243877111296,4.0613066218454525,1.4199633782289836,37.857165273362,51.16419593060116,True,6.07760261735692,True
GW241109_033317,GW241210_060606,O4b,O4b,31.106120929516575,41.034700482337,2.23584942876415,1.9652491062783188,46.62292898748619,30.72879514349738,True,6.098053478491881,True
GW240519_012815,GW250118_023225,O4b,O4b,244.04455966181226,56.384074341854124,6.098571473571591,0.007560141186347889,62.61156809638599,62.51123538684502,True,6.098628629306348,True
GW240530_012417,GW240922_142106,O4b,O4b,115.53944921683659,26.565135668828578,5.893094499983811,0.46240379879870874,11.094365,10.057782,True,6.106911773127288,True
GW240505_133552,GW240615_113620,O4b,O4b,40.91699228404849,28.65549829297994,6.076778915616228,0.18881831435814284,34.76089965736463,33.39608805049227,True,6.1124312714532785,True
GW241113_163507,GW250109_074552,O4b,O4b,56.63246388768708,80.55943605605664,4.214837273961424,1.3800812875301127,18.19693114444467,24.38607841063257,True,6.119461634152199,True
GW240612_081540,GW241210_120900,O4b,O4b,181.16203668427136,54.23523506689111,6.0738244500637215,0.2161075646638031,42.740727,44.7457110157901,True,6.1205269295686415,True
GW240531_040326,GW250114_082203,O4b,O4b,228.1795911119685,19.014311375234005,3.276774716588062,1.690727146579094,21.46755613411357,30.72879514349738,True,6.135333000767547,True
GW240705_053215,GW241229_155844,O4b,O4b,177.43505576347036,50.42078703864946,6.097519787133429,0.20293248631802857,59.97342657773996,62.61156809638599,True,6.138701381136646,True
GW240705_053215,GW241109_033317,O4b,O4b,126.91738506395508,58.84376828599435,4.7322118617549425,1.1870395531358315,59.97342657773996,46.62292898748619,True,6.141274762463857,True
GW240505_133552,GW250109_074552,O4b,O4b,248.75694210103265,53.433130088581976,3.374861680287832,1.6710383727882705,34.76089965736463,24.38607841063257,True,6.167230923618703,True
GW240507_041632,GW240531_040326,O4b,O4b,23.9909050044307,40.0793438821012,6.097774038655084,0.2835361913202083,20.2144090480122,21.46755613411357,True,6.178166810443454,True
GW240907_153833,GW241102_144729,O4b,O4b,55.96453675573899,41.217537031382825,6.15975843120896,0.1528953169322461,51.16419593060116,52.85085995577398,True,6.183135409148772,True
GW241002_030559,GW241102_144729,O4b,O4b,31.487153564597723,22.67453677182832,2.332709171868008,1.9652490455241438,34.83357448660222,52.85085995577398,True,6.194912982801567,True
GW240716_034900,GW241210_120900,O4b,O4b,147.34722374690628,72.57711292770776,6.060133887415122,0.39239033797007616,41.17194328912976,44.7457110157901,True,6.214104064747393,True
GW191105_143521,GW200316_215756,O3b,O3b,132.30734027777558,105.02312146737341,5.011382791618839,1.1017880238859021,9.572347117858067,10.675483842428973,True,6.22531964119724,True
GW240621_214041,GW241201_055758,O4b,O4b,162.34533471502917,53.99226796308514,5.6240633822671775,0.7805115881538481,62.61156809638599,73.88586708868455,True,6.23326172150962,True
GW190503_185404,GW190727_060333,O3a,O3a,84.46492708333389,10.410914924288406,3.254087095967708,1.730414697483095,37.684402727469184,44.725714445364254,True,6.248422121233219,True
GW240908_125134,GW240923_204006,O4b,O4b,15.325368356724029,37.52315192580193,5.903815392124107,0.5894083218805365,57.51856288292748,65.1791814374189,True,6.251217562026137,True
GW241130_034908,GW241210_060606,O4b,O4b,10.095118524040338,27.297395613923047,6.222454889042895,0.1953724469646683,32.02910184520825,30.72879514349738,True,6.260625282075857,True
GW241230_084504,GW250109_010541,O4b,O4b,9.680983052866326,69.48202117919,5.678592257585376,0.7717013074059283,50.56468582785686,42.92914027567986,True,6.2741151654373954,True
GW190503_185404,GW190910_112807,O3a,O3a,129.6903136574063,54.828974540970066,4.461556641913573,1.3464252390985694,37.684402727469184,43.05746360493993,True,6.274417566395212,True
GW191222_033537,GW200224_222234,O3b,O3b,64.7826076388911,44.92440687082929,1.3624086935480844,2.2214016785676107,50.989020546497116,40.923430809934686,True,6.297034111091083,True
GW241002_030559,GW250109_074552,O4b,O4b,99.1943600758717,54.42643155421896,3.4752885178206157,1.6808837681087327,34.83357448660222,24.38607841063257,True,6.300658759712028,True
GW241109_033317,GW241230_084504,O4b,O4b,51.216510944272635,95.21443499408616,6.155434606568316,0.38259646106453526,46.62292898748619,50.56468582785686,True,6.301814658587422,True
GW240907_153833,GW240908_125134,O4b,O4b,0.8840338122485965,46.938878229437435,6.042849150781757,0.5518626152530492,51.16419593060116,57.51856288292748,True,6.347401496895692,True
GW200128_022011,GW200209_085452,O3b,O3b,12.274076388886682,92.55909308871762,3.2617726392425057,1.7602837120603738,49.969085144703506,41.97798525014626,True,6.360371386187555,True
GW240915_105151,GW240925_005809,O4b,O4b,9.587718987114451,51.21662314735573,5.417471897741454,0.972015465505351,9.107368291496954,7.410427797738633,True,6.362285962923039,True
GW190708_232457,GW190828_065509,O3a,O3a,50.312644675925924,64.12394180398796,5.117065707712822,1.118528190147183,15.467800920407623,17.278952542662463,True,6.368171019866755,True
GW241230_084504,GW250114_082203,O4b,O4b,14.984012470107388,26.34427493037577,0.8627273460784072,2.347845567342854,50.56468582785686,30.72879514349738,True,6.375106154169895,True
GW240406_062847,GW241113_163507,O4b,O4b,221.42106021745613,68.51207338538389,4.953930184119129,1.1999995095631468,23.47207222855139,18.19693114444467,True,6.3939290070709225,True
GW240514_121713,GW240612_081540,O4b,O4b,28.832256252340695,40.68156444862704,5.772635990612084,0.79243648908882,50.56468582785686,42.740727,True,6.4005915798515,True
GW240519_012815,GW250104_015122,O4b,O4b,230.0160456473132,54.35615076271902,6.379485896835047,0.18945775942663576,62.61156809638599,65.1791814374189,True,6.415380139442008,True
GW240406_062847,GW240507_041632,O4b,O4b,30.908153487711594,40.696427483202704,6.001517045719129,0.7043520312569349,23.47207222855139,20.2144090480122,True,6.497628829654899,True
GW240531_075248,GW240601_061200,O4b,O4b,0.9299986991920957,25.242955868471565,3.0225752044822194,1.8676666731635363,38.69538387368516,57.50732,True,6.510754006527971,True
GW190728_064510,GW191129_134029,O3a,O3b,124.28840972222112,57.96756817387905,3.2416703188960327,1.8094089104129578,10.145672000642795,8.481818454512,True,6.51563092397784,True
GW240531_075248,GW241229_155844,O4b,O4b,212.33745710019713,26.817400799407643,1.3862187124853587,2.2685387579257683,38.69538387368516,62.61156809638599,True,6.532486808696746,True
GW240716_034900,GW241009_022835,O4b,O4b,84.94415708352294,69.79174168574274,5.498221326660107,1.0242816630774678,41.17194328912976,51.16419593060116,True,6.5473742519768505,True
GW190701_203306,GW200219_094415,O3a,O3b,232.54940509259148,20.824595511292614,0.45940097856999623,2.468558013177684,55.354004602956024,43.35292745235132,True,6.553179642993752,True
GW241124_024914,GW241230_084504,O4b,O4b,36.247108779099804,83.27499177248852,6.55476945187054,0.05556240068237485,51.16419593060116,50.56468582785686,True,6.557856632240129,True
GW190727_060333,GW191222_033537,O3a,O3b,147.89725925925705,84.41920671886056,4.809729609638041,1.3239233267339892,44.725714445364254,50.989020546497116,True,6.562502584708435,True
GW240501_033534,GW240716_034900,O4b,O4b,76.00932377859122,67.87485586639843,6.226996043559243,0.5861228013305577,46.62292898748619,41.17194328912976,True,6.570535981798823,True
GW240612_081540,GW240907_153833,O4b,O4b,87.30755891915825,51.42905246989384,5.8920977438917905,0.8479988897711949,42.740727,51.16419593060116,True,6.61119986094497,True
GW240514_121713,GW241002_030559,O4b,O4b,140.6171983626402,24.853777641120857,3.529320746831364,1.7567913279095229,50.56468582785686,34.83357448660222,True,6.615636516649468,True
GW240908_125134,GW241114_024711,O4b,O4b,66.5802951114873,32.11465300418144,3.9892768715113336,1.621516452487844,57.51856288292748,40.77756874833889,True,6.618592477200096,True
GW240420_175625,GW241230_084504,O4b,O4b,253.6171183695313,93.78743512024013,3.5539340927328444,1.752398818227587,34.86604725974014,50.56468582785686,True,6.624835710858288,True
GW241124_024914,GW241125_010116,O4b,O4b,0.9250281801599043,29.987621596378517,2.104998963805425,2.128006475648384,51.16419593060116,80.35532254504544,True,6.633410524206881,True
GW241101_220523,GW241129_021832,O4b,O4b,27.175805010216102,68.19088253182929,6.436009333961469,0.4662692419435629,31.55307545252933,34.83357448660222,True,6.653416339944093,True
GW241007_082943,GW241129_021832,O4b,O4b,52.7422387960498,20.704234413906754,5.235956376038949,1.1907420041184358,27.058121,34.83357448660222,True,6.653822896410938,True
GW240527_183429,GW241109_033317,O4b,O4b,165.37417758630104,22.389606709085665,0.5572816878188752,2.470195507434122,78.7359663485427,46.62292898748619,True,6.659147532766596,True
GW240531_075248,GW240908_125134,O4b,O4b,100.2074748613299,32.35762561531608,3.174154474939751,1.8685881954718675,38.69538387368516,57.51856288292748,True,6.665776319196561,True
GW240621_214041,GW250108_152221,O4b,O4b,200.73726853405435,36.35025104990458,3.7019213054605338,1.7245748437355974,62.61156809638599,43.42835135719233,True,6.676079697106195,True
GW240920_073424,GW241210_060606,O4b,O4b,80.93868493897496,11.396621585388594,1.053598016019792,2.375306810036012,18.565806,30.72879514349738,True,6.695680457823248,True
GW240703_191355,GW250101_011205,O4b,O4b,181.24872406038145,70.59854240248431,5.714767227003312,1.001460963606647,36.3202531359223,29.36882012981698,True,6.717691288631266,True
GW190503_185404,GW200112_155838,O3a,O3b,253.87816898148094,94.07853184665228,5.6539714489656,1.0349388694370807,37.684402727469184,34.01469261862209,True,6.725069912437303,True
GW240520_213616,GW241225_042553,O4b,O4b,218.2844477085631,45.24127233543674,6.664810643631822,0.28094479503667313,10.476476,9.87034662513617,True,6.74374062149002,True
GW240511_031507,GW241101_220523,O4b,O4b,174.78489691107637,60.16125631030176,5.196979340737721,1.244495978514303,41.08604501884961,31.55307545252933,True,6.7457495812759944,True
GW190720_000836,GW191105_143521,O3a,O3b,108.6019120370376,98.94042433877019,6.136947299419058,0.7973505048551424,10.358548347581337,9.572347117858067,True,6.772715127011808,True
GW190803_022701,GW200128_022011,O3a,O3b,177.9952557870387,94.51253391039873,4.044637187745847,1.65233205409558,42.428995687519134,49.969085144703506,True,6.774838404737565,True
GW241109_033317,GW250101_011205,O4b,O4b,52.90193336703711,39.324078430671854,2.044816673177775,2.1786378851708372,46.62292898748619,29.36882012981698,True,6.791279707879433,True
GW240703_191355,GW250118_170523,O4b,O4b,198.9107399560125,76.7813735221941,6.6875045577584356,0.3891048298082797,36.3202531359223,39.44538758406022,True,6.838907126338566,True
GW240426_031451,GW240527_183429,O4b,O4b,31.638623725043402,52.94747164214505,5.685296897912094,1.0802234679802623,62.61156809638599,78.7359663485427,True,6.8521796386873985,True
GW200112_155838,GW200219_094415,O3b,O3b,37.74001273148038,46.230244646981824,0.8551134709642207,2.450444856075785,34.01469261862209,43.35292745235132,True,6.859793463632496,True
GW240612_081540,GW240621_214041,O4b,O4b,9.55903978181106,44.08831464426207,3.636078724871766,1.7998120674781448,42.740727,62.61156809638599,True,6.875402203111721,True
GW241009_220455,GW241130_034908,O4b,O4b,51.23904040522046,27.09011472710399,6.708403771135911,0.4461816686319383,35.20874,32.02910184520825,True,6.907481852559092,True
GW240621_214041,GW240908_125134,O4b,O4b,78.63255294959578,55.13674073388113,6.751342871559003,0.39995056245390076,62.61156809638599,57.51856288292748,True,6.9113033239661945,True
GW241002_030559,GW241210_120900,O4b,O4b,69.37709457397185,45.38638024152972,5.5283406354090685,1.1804624034845062,34.83357448660222,44.7457110157901,True,6.921832121449485,True
GW240915_105151,GW241225_042553,O4b,O4b,100.73196975239449,71.02296510331233,6.779348902135177,0.37925051669543025,9.107368291496954,9.87034662513617,True,6.923179856548928,True
GW191127_050227,GW200128_022011,O3b,O3b,61.887319444445545,140.66900621998167,6.479589501705968,0.6793593086350203,46.719020675810995,49.969085144703506,True,6.941118571935021,True
GW240627_131622,GW241231_054133,O4b,O4b,186.68416001132792,23.180378008587635,6.874389967617868,0.2920895318622416,10.219401,9.605409466629611,True,6.9597062622413715,True
GW241124_024914,GW241127_061008,O4b,O4b,3.139512575743375,40.46902366992654,6.177135370655131,0.8853388015332392,51.16419593060116,42.40351535547827,True,6.960960164155444,True
GW240406_062847,GW240703_191355,O4b,O4b,88.53133549638645,49.85433699429535,2.7398959858048832,2.057983491356496,23.47207222855139,36.3202531359223,True,6.975192036500756,True
GW240930_035959,GW241113_163507,O4b,O4b,44.52439278106171,77.33448601759885,6.936549132441151,0.24137138222823118,17.28865245928784,18.19693114444467,True,6.994809276599917,True
GW241210_120900,GW241225_082815,O4b,O4b,14.846701698140414,34.62499499252315,3.8534813709518376,1.7731622622409775,44.7457110157901,65.1791814374189,True,6.997585779187379,True
GW241201_055758,GW250116_015318,O4b,O4b,45.830089688408705,29.374766425852325,1.8733113472351588,2.267597213191396,73.88586708868455,45.67228030559264,True,7.015308468508544,True
GW240420_175625,GW241002_030559,O4b,O4b,164.3816452647994,113.02752452996383,7.038147610084861,0.004392509681935979,34.86604725974014,34.83357448660222,True,7.038166904226167,True
GW240513_183302,GW241101_220523,O4b,O4b,172.14745580202452,62.79479731633419,5.575917455173407,1.211468008058908,24.40236099761511,31.55307545252933,True,7.043572189723625,True
GW240716_034900,GW250108_152221,O4b,O4b,176.48149537850034,70.68046686935658,7.012220285092851,0.25151999704882033,41.17194328912976,43.42835135719233,True,7.07548259400829,True
GW240514_121713,GW241101_220523,O4b,O4b,171.40844138753636,39.38272896752599,2.1457305926373023,2.223060569853086,50.56468582785686,31.55307545252933,True,7.087728889872829,True
GW190910_112807,GW191222_033537,O3a,O3b,102.67187268518464,94.17003942369257,4.17867720176028,1.707912785118515,43.05746360493993,50.989020546497116,True,7.095643283331563,True
GW240615_113620,GW241009_220455,O4b,O4b,116.43651390182751,22.531883743313944,7.116142235937879,0.2491635858418803,33.39608805049227,35.20874,True,7.178224728447463,True
GW240420_175625,GW240907_153833,O4b,O4b,139.90426207365812,85.77903063452028,3.9336433187887963,1.8079612189099619,34.86604725974014,51.16419593060116,True,7.202367087871192,True
GW240428_225440,GW241113_163507,O4b,O4b,198.73642849854022,78.33850602379906,7.203896809894835,0.20274027982984227,17.43091324942379,18.19693114444467,True,7.245000430960318,True
GW240420_175625,GW240705_053215,O4b,O4b,75.48322236130359,35.42985531475767,0.7239507040472168,2.5568419102988833,34.86604725974014,59.97342657773996,True,7.261391258308059,True
GW241109_033317,GW241116_151753,O4b,O4b,7.4893016521384315,82.2469736327516,7.098877090513245,0.4381588617469101,46.62292898748619,51.16419593060116,True,7.290860278640593,True
GW241101_220523,GW241230_084504,O4b,O4b,58.44423007983576,59.513646069895415,2.377865966262461,2.223060569853086,31.55307545252933,50.56468582785686,True,7.319864263497988,True
GW240511_031507,GW250116_015318,O4b,O4b,249.94317596112964,40.598650165947724,7.104714311949144,0.4988545446905599,41.08604501884961,45.67228030559264,True,7.35357016870757,True
GW241009_022835,GW241101_220523,O4b,O4b,23.817215114307626,45.165847558331826,2.1768167595072394,2.278622970535461,51.16419593060116,31.55307545252933,True,7.368939401359087,True
GW240716_034900,GW240902_143306,O4b,O4b,48.447294856704495,58.79296190998324,4.887269110176611,1.5761442981938845,41.17194328912976,29.47098853131762,True,7.371499958905703,True
GW240703_191355,GW240705_053215,O4b,O4b,1.429405629389264,39.021826805476614,1.7964572031781525,2.364216474700022,36.3202531359223,59.97342657773996,True,7.3859767424211515,True
GW240919_061559,GW241230_084504,O4b,O4b,102.1035341483189,66.88008378522889,5.573574938057493,1.3644009775466086,37.857165273362,50.56468582785686,True,7.435164965587634,True
GW240615_160735,GW241124_024914,O4b,O4b,161.44559022507732,28.83204721169844,2.4701863507658044,2.2405534824071256,31.80892214037337,51.16419593060116,True,7.490266258292502,True
GW241006_015333,GW241009_220455,O4b,O4b,3.8412270212311435,23.890502809120036,5.984534698759463,1.2375393018011618,27.07938175732777,35.20874,True,7.51603822226197,True
GW240919_061559,GW241111_111552,O4b,O4b,53.20825667164116,11.602023501173814,3.656666846984784,1.9685344720483633,37.857165273362,24.9339679069464,True,7.531794814627513,True
GW241102_144729,GW241210_120900,O4b,O4b,37.88994100937413,46.39501142823634,6.9169587293570585,0.7847866420396378,52.85085995577398,44.7457110157901,True,7.532848802880909,True
GW190701_203306,GW191127_050227,O3a,O3b,148.35371527777778,65.23314032707768,4.636449995896097,1.713194778477796,55.354004602956024,46.719020675810995,True,7.571486344899682,True
GW240507_041632,GW240902_143306,O4b,O4b,118.42817622532999,31.722674755863515,4.44250561826931,1.777245344653179,20.2144090480122,29.47098853131762,True,7.601106633360708,True
GW240531_075248,GW240705_053215,O4b,O4b,34.90240133672677,27.18496698963236,3.340092955453587,2.0656062716077397,38.69538387368516,59.97342657773996,True,7.606822224758815,True
GW240902_143306,GW240920_124024,O4b,O4b,17.92173718156362,23.527872938234445,6.638605592602911,0.9850901779602519,29.47098853131762,36.3202531359223,True,7.609008251316672,True
GW241114_024711,GW250109_074552,O4b,O4b,56.20741434327706,37.61053149532541,1.7644454390438997,2.4235836594658355,40.77756874833889,24.38607841063257,True,7.638203193473711,True
GW241007_082943,GW250116_015318,O4b,O4b,100.72471283588696,20.540671764349355,1.5490852226289322,2.467823285379736,27.058121,45.67228030559264,True,7.639236990491366,True
GW240501_033534,GW240907_153833,O4b,O4b,129.5020697603844,47.16983036936169,7.44990308287952,0.4381588617469101,46.62292898748619,51.16419593060116,True,7.641886271006868,True
GW190828_063405,GW190910_112807,O3a,O3a,13.204185185184082,35.15365755163539,1.790066214513756,2.4416267454605176,33.81237536114807,43.05746360493993,True,7.751607378661875,True
GW240531_040326,GW240622_004008,O4b,O4b,21.858817684713888,27.89285732109233,5.767017761956319,1.4159739227014663,21.46755613411357,15.897619,True,7.771999911726898,True
GW191109_010717,GW191230_180458,O3b,O3b,51.7067268518524,106.26595175958572,7.650235180012627,0.3572458308850991,59.334338735033896,61.47027590709764,True,7.777859763697412,True
GW241116_151753,GW241201_055758,O4b,O4b,14.611168573943,49.77756537353712,4.790478167535476,1.732324765860798,51.16419593060116,73.88586708868455,True,7.791427261950146,True
GW240716_034900,GW240908_082628,O4b,O4b,54.19268399199678,72.4422390181617,7.637776632563236,0.39239033797007616,41.17194328912976,44.7457110157901,True,7.791746809895507,True
GW240615_113620,GW241210_060606,O4b,O4b,177.7706728310883,25.037819679001743,7.6732902465769595,0.39239052975472627,33.39608805049227,30.72879514349738,True,7.827260574418154,True
GW240630_101703,GW241109_033317,O4b,O4b,131.7196137214121,59.333714890349555,4.697199400574661,1.7698766593136506,32.02910184520825,46.62292898748619,True,7.829662789757909,True
GW190503_185404,GW200302_015811,O3a,O3b,303.29452893518464,88.34351429260329,2.3900193191084824,2.3332961927061664,37.684402727469184,29.912060181904458,True,7.834290442005574,True
GW241006_015333,GW241113_163507,O4b,O4b,38.61219904870071,60.723506957827745,4.3231880302858166,1.873925630000959,27.07938175732777,18.19693114444467,True,7.834785297060307,True
GW240525_031210,GW241109_033317,O4b,O4b,168.01466852451088,74.7577983603245,6.884680549037041,0.9818045164820733,37.857165273362,46.62292898748619,True,7.848620657621639,True
GW240420_175625,GW241116_151753,O4b,O4b,209.8899090773971,94.76413219123575,4.593184892725407,1.8079612189099619,34.86604725974014,51.16419593060116,True,7.861908661807803,True
GW191215_223052,GW200302_015811,O3b,O3b,77.14397222222277,134.15056685577713,4.412131799903995,1.8792736678581732,24.83423508096578,29.912060181904458,True,7.943801318609106,True
GW241006_015333,GW241130_034908,O4b,O4b,55.0802674264516,21.57854415186417,7.358692949110701,0.7913576331692236,27.07938175732777,32.02910184520825,True,7.984939852685896,True
GW240919_061559,GW250104_015122,O4b,O4b,106.81624001655038,12.956535808475818,1.4344638425420875,2.561234315362569,37.857165273362,65.1791814374189,True,7.994385060732856,True
GW240420_175625,GW250108_152221,O4b,O4b,262.8930114703653,110.05395543426376,6.924372307785206,1.0351995528813143,34.86604725974014,43.42835135719233,True,7.99601042207088,True
GW200128_022011,GW200219_094415,O3b,O3b,22.308370370368163,135.2392074852251,5.938134237688615,1.4347225433349082,49.969085144703506,43.35292745235132,True,7.996563014042003,True
GW240519_012815,GW240703_191355,O4b,O4b,45.740038141464744,39.99258302589811,1.4082255130493038,2.5671489610180505,62.61156809638599,36.3202531359223,True,7.998479301105359,True
GW240910_103535,GW241109_115924,O4b,O4b,60.05821072021844,66.18622759755044,5.855584787336976,1.4652029521888719,8.238957237613196,6.037906247513664,True,8.002404478439962,True
GW240612_081540,GW241101_220523,O4b,O4b,142.57618513519566,74.90533916530529,5.960678530257811,1.4306240807642658,42.740727,31.55307545252933,True,8.007363790720412,True
GW240907_153833,GW250108_152221,O4b,O4b,122.98874939670718,44.86050147849623,7.41922578432092,0.7727616660286475,51.16419593060116,43.42835135719233,True,8.016386376804292,True
GW240621_195059,GW240716_034900,O4b,O4b,24.33195691231776,68.913262530173,7.413294156907628,0.7880720655144299,34.83357448660222,41.17194328912976,True,8.034351737351807,True
GW240908_082628,GW241201_055758,O4b,O4b,83.89687756747836,26.480369401525902,2.4522846660024933,2.3642160909681897,44.7457110157901,73.88586708868455,True,8.0418023907954,True
GW240716_034900,GW250118_170523,O4b,O4b,186.55304059606183,76.5054658746295,8.005576541428606,0.20194929042535287,41.17194328912976,39.44538758406022,True,8.04636005733191,True
GW240716_034900,GW241116_151753,O4b,O4b,123.47839298553212,80.22550263542118,7.0080657353591524,1.0242816630774678,41.17194328912976,51.16419593060116,True,8.057218660675895,True
GW240420_175625,GW240824_205609,O4b,O4b,126.12481220293377,108.46526579834389,6.817874750738516,1.116992325692623,34.86604725974014,44.188446,True,8.065546606394731,True
GW190930_133541,GW191129_134029,O3a,O3b,60.00333217592427,80.9401239792281,5.862761793665956,1.493050100426576,9.832854575922946,8.481818454512,True,8.091960396049764,True
GW240627_131622,GW241114_235258,O4b,O4b,140.44208266093776,78.75295355501899,7.960036481579964,0.3942607333891139,10.219401,9.39946376197063,True,8.115478007472486,True
GW190706_222641,GW191109_010717,O3a,O3b,125.11152662037148,68.16418737310936,3.8488124697236823,2.068863069579212,72.82033195247632,59.334338735033896,True,8.129006870392402,True
GW241124_024914,GW241201_055758,O4b,O4b,7.131068060908604,50.40251914615611,5.147657886498974,1.732324765860798,51.16419593060116,73.88586708868455,True,8.148606980913643,True
GW240406_062847,GW240420_175625,O4b,O4b,14.477518764472117,91.51402789339012,4.669686369232231,1.8653580557576348,23.47207222855139,34.86604725974014,True,8.149247045412135,True
GW240919_061559,GW250118_023225,O4b,O4b,120.84475403104943,21.27560267384577,2.5838519945984304,2.3642164147495857,37.857165273362,62.51123538684502,True,8.173371250369815,True
GW191222_033537,GW200219_094415,O3b,O3b,59.25599537037037,114.74774527315444,5.494907387035079,1.6388320375783796,50.989020546497116,43.35292745235132,True,8.180677834428383,True
GW240519_012815,GW250118_170523,O4b,O4b,244.65077809747723,38.97040008679986,3.4400653624613042,2.178044131209771,62.61156809638599,39.44538758406022,True,8.18394159995863,True
GW240513_183302,GW240703_191355,O4b,O4b,51.028384244243306,61.411582886113585,4.676916260149432,1.8747551952832682,24.40236099761511,36.3202531359223,True,8.191623302391037,True
GW240621_195059,GW250101_011205,O4b,O4b,193.22298161274858,25.67761486146791,7.548264760102363,0.8044430183258496,34.83357448660222,29.36882012981698,True,8.195393329835566,True
GW190521_074359,GW200128_022011,O3a,O3b,251.77514467592593,78.37765586980098,2.829056546796447,2.3223421075715125,39.70608211102101,49.969085144703506,True,8.222329411396142,True
GW241124_024914,GW250119_025138,O4b,O4b,56.00167164501769,41.430430854223175,5.589031853207038,1.6317068667878316,51.16419593060116,36.19433779401264,True,8.2514991523296,True
GW240915_105151,GW240922_142106,O4b,O4b,7.145316333734879,63.56707668691465,8.039010490920173,0.46792968008876523,9.107368291496954,10.057782,True,8.257968676428147,True
GW190513_205428,GW200302_015811,O3a,O3b,293.2109120370365,164.53563962855264,8.230162920930455,0.16888068055953992,30.416343651425564,29.912060181904458,True,8.258683605196708,True
GW240703_191355,GW241114_024711,O4b,O4b,133.3147742654797,83.63625917670409,7.965566462506031,0.5456819460763057,36.3202531359223,40.77756874833889,True,8.263335248779654,True
GW191129_134029,GW191204_171526,O3b,O3b,5.149269675927029,106.66126675062414,6.458550220652022,1.347383418902903,8.481818454512,9.692079645132788,True,8.273992298186498,True
GW240824_205609,GW240924_000316,O4b,O4b,30.129945051234078,33.797852857995714,7.608439156853216,0.8243092607596502,44.188446,52.63207646576119,True,8.287924914227338,True
GW240621_214041,GW241114_024711,O4b,O4b,145.2128480610831,39.56644010869676,4.205691169173058,2.0214670149417446,62.61156809638599,40.77756874833889,True,8.292020061670545,True
GW240507_041632,GW241111_111552,O4b,O4b,188.2912061696141,37.46019025895703,7.315099160772172,0.9891734556471847,20.2144090480122,24.9339679069464,True,8.293563286129164,True
GW240621_214041,GW240908_082628,O4b,O4b,78.4484571475508,43.816046992365656,5.78969638283507,1.5837045028143417,62.61156809638599,44.7457110157901,True,8.297816335069491,True
GW240915_105151,GW241231_054133,O4b,O4b,106.78452050682296,63.40521062489122,8.248371787418593,0.250988200773213,9.107368291496954,9.605409466629611,True,8.311366864345969,True
GW240531_040326,GW240703_191355,O4b,O4b,33.63227700424415,44.598385068497855,2.2233475233245787,2.4787993312932226,21.46755613411357,36.3202531359223,True,8.367793648144307,True
GW240902_143306,GW241109_033317,O4b,O4b,67.5417964766892,52.420897226733935,3.7045063882406235,2.1622670995244424,29.47098853131762,46.62292898748619,True,8.379905397926468,True
GW240601_061200,GW240703_191355,O4b,O4b,32.542997008145406,55.81484843001756,3.7212144179495703,2.1662768762558184,57.50732,36.3202531359223,True,8.413969922550237,True
GW241109_033317,GW241225_082815,O4b,O4b,46.20483411165299,66.73251934750505,5.926336384297771,1.579429798880496,46.62292898748619,65.1791814374189,True,8.420934873889456,True
GW240716_034900,GW241230_233618,O4b,O4b,167.8245087761349,53.45334172410867,3.8898157916198124,2.1330342530021964,41.17194328912976,64.73111072019022,True,8.439650916100451,True
GW190707_093326,GW191129_134029,O3a,O3b,145.1715625,81.05671167372992,6.033748219160796,1.5531105256781539,9.891491716552807,8.481818454512,True,8.445900524133068,True
GW200209_085452,GW200224_222234,O3b,O3b,15.560906250002208,65.71075930622095,8.41018756258102,0.2570084722637654,41.97798525014626,40.923430809934686,True,8.476240917396375,True
GW240414_054515,GW250109_074552,O4b,O4b,270.0837636437129,71.05674770044459,6.8392564166542495,1.2862922514414916,32.03651047022337,24.38607841063257,True,8.493804172772672,True
GW190513_205428,GW191215_223052,O3a,O3b,216.0669398148137,60.681643708670244,4.326451331429195,2.048154348417713,30.416343651425564,24.83423508096578,True,8.521387566371583,True
GW240629_145256,GW241225_042553,O4b,O4b,178.56454177742202,49.550954221272356,8.525309447276268,0.021865150394826928,9.91623458114387,9.87034662513617,True,8.525787532078056,True
GW241109_033317,GW241114_024711,O4b,O4b,4.967983572135369,78.75639810846393,8.137190329011304,0.6314949754878846,46.62292898748619,40.77756874833889,True,8.535976233077747,True
GW240519_012815,GW241229_155844,O4b,O4b,224.60449953432436,77.77713612498812,8.579585086566835,0.0,62.61156809638599,62.61156809638599,True,8.579585086566835,True
GW240618_071627,GW241009_022835,O4b,O4b,112.80009862884052,37.577456058310226,2.232084869584804,2.520397058950412,87.33025310595902,51.16419593060116,True,8.584486204350691,True
GW240426_031451,GW240907_153833,O4b,O4b,134.51645595974392,59.554489087331184,7.678713349218313,0.95181317770695,62.61156809638599,51.16419593060116,True,8.584661674474916,True
GW190413_134308,GW190910_112807,O3a,O3a,149.9062337962952,47.65138398345068,3.1969742003558057,2.321616266013593,54.18281930286216,43.05746360493993,True,8.586876286974704,True
GW240621_214041,GW240924_000316,O4b,O4b,94.0990143178569,54.93438973656088,7.925043569136089,0.8184728101646385,62.61156809638599,52.63207646576119,True,8.594941310114889,True
GW190728_064510,GW190930_133541,O3a,O3a,64.28507754629685,34.01091512212667,8.497441604834924,0.31635880998638183,10.145672000642795,9.832854575922946,True,8.597524501490923,True
GW240621_195059,GW241210_060606,O4b,O4b,171.42716917522804,26.36213675339547,8.252021547833447,0.5910542394333312,34.83357448660222,30.72879514349738,True,8.60136666178556,True
GW240902_143306,GW241230_084504,O4b,O4b,118.75830742096184,43.24685049144784,2.148344599146882,2.5448635605889773,29.47098853131762,50.56468582785686,True,8.62467514116049,True
GW240505_133552,GW241210_120900,O4b,O4b,218.93967659913278,51.40335773115206,7.214874980954687,1.1903077988049682,34.76089965736463,44.7457110157901,True,8.631707636850615,True
GW240907_153833,GW241109_033317,O4b,O4b,62.49634535160054,85.6708478525162,8.452476610831042,0.4381588617469101,51.16419593060116,46.62292898748619,True,8.644459798958389,True
GW240420_175625,GW240501_033534,O4b,O4b,10.402192313273748,109.66674623723361,6.7696478457237745,1.3698023571630518,34.86604725974014,46.62292898748619,True,8.646006343413227,True
GW190421_213856,GW190910_112807,O3a,O3a,141.57582291666557,79.12813541705032,8.32208707866091,0.5919145135195504,45.65586762160107,43.05746360493993,True,8.672449869975996,True
GW240621_195059,GW241230_084504,O4b,O4b,191.53755918998408,67.15164885880242,5.609229910872625,1.7567913279095229,34.83357448660222,50.56468582785686,True,8.69554568069073,True
GW240703_191355,GW250118_023225,O4b,O4b,198.30452152034752,45.602170325128476,2.1631056033084692,2.5595888198317027,36.3202531359223,62.51123538684502,True,8.714600529915918,True
GW250109_074552,GW250118_170523,O4b,O4b,9.388551347255707,53.65711621831227,3.5760978620572605,2.2670065431978097,24.38607841063257,39.44538758406022,True,8.715416528958944,True
GW240526_093944,GW241113_163507,O4b,O4b,171.28845865241357,75.35352330470083,6.204679900865699,1.589054185904958,12.98979,18.19693114444467,True,8.729773106607768,True
GW240505_133552,GW241009_220455,O4b,O4b,157.353506185876,42.39483665790137,8.755649239123963,0.06034527148373748,34.76089965736463,35.20874,True,8.75929079091441,True
GW240420_175625,GW240507_041632,O4b,O4b,16.430634723239475,62.833815983056304,2.156274159288483,2.5697100870145695,34.86604725974014,20.2144090480122,True,8.75968409059291,True
GW240525_031210,GW250109_074552,O4b,O4b,229.1900664399233,61.6665182657246,4.467469146059103,2.073274118471647,37.857165273362,24.38607841063257,True,8.765934716383489,True
GW190720_000836,GW191129_134029,O3a,O3b,132.56380092592428,69.70943538375387,4.733244993119485,2.019166030168689,10.358548347581337,8.481818454512,True,8.81027645050667,True
GW241114_024711,GW241229_155844,O4b,O4b,45.549687127379904,46.19433256111757,4.768782680652928,2.0214670149417446,40.77756874833889,62.61156809638599,True,8.855111573150415,True
GW240420_175625,GW240612_081540,O4b,O4b,52.596703154499885,123.8231761097713,7.957274135494791,0.959962329138767,34.86604725974014,42.740727,True,8.878801808860318,True
GW240915_001357,GW241109_115924,O4b,O4b,55.48989795436738,55.59342333578326,3.9730494476558755,2.2232981247039385,9.676401228625467,6.037906247513664,True,8.916103998967925,True
GW240531_075248,GW241109_033317,O4b,O4b,161.81978640068183,82.56849115345074,8.178690508961733,0.8785667184719083,38.69538387368516,46.62292898748619,True,8.95056998776823,True
GW240902_143306,GW250109_010541,O4b,O4b,128.43929047382815,26.302041657840768,5.806480452748923,1.773162253183049,29.47098853131762,42.92914027567986,True,8.95058482886211,True
GW240420_175625,GW240601_061200,O4b,O4b,41.51081972376892,76.50176930212199,3.3957565524406443,2.35890231185468,34.86604725974014,57.50732,True,8.960176669313999,True
GW240525_031210,GW240908_082628,O4b,O4b,106.21826118311397,39.74184261651564,8.341179562492748,0.7880720531215918,37.857165273362,44.7457110157901,True,8.962237123404028,True
GW190930_133541,GW200316_215756,O3a,O3b,168.34878356481315,77.90398801033705,8.290572835056096,0.8305534487728727,9.832854575922946,10.675483842428973,True,8.98039186632461,True
GW240527_183429,GW240705_053215,O4b,O4b,38.45679252234598,45.93204979282492,7.345482861948504,1.2831559542982909,78.7359663485427,59.97342657773996,True,8.991972064999661,True
GW240919_061559,GW241101_220523,O4b,O4b,43.65930406848314,75.59757934282086,8.277227028036053,0.8586595923064773,37.857165273362,31.55307545252933,True,9.014523323495979,True
GW240622_004008,GW241113_163507,O4b,O4b,144.66318404059996,85.97923729464347,8.63078016032562,0.6367902530750462,15.897619,18.19693114444467,True,9.036281986737,True
GW241124_024914,GW241229_155844,O4b,O4b,35.54826853434245,70.78414096363048,8.154861431713359,0.95181317770695,51.16419593060116,62.61156809638599,True,9.060809756969961,True
GW241230_084504,GW241230_233618,O4b,O4b,0.6189064984685845,83.30832270637768,7.729859870658466,1.1643149906071033,50.56468582785686,64.73111072019022,True,9.085489268010885,True
GW241130_034908,GW241230_084504,O4b,O4b,30.205508538796394,61.3388970694304,4.482058423089841,2.1524731203781857,32.02910184520825,50.56468582785686,True,9.115198957040445,True
GW241101_220523,GW241127_061008,O4b,O4b,25.336633876479333,70.80075970163232,7.195178491404139,1.3932841690022215,31.55307545252933,42.40351535547827,True,9.13641926699635,True
GW241114_024711,GW241225_082815,O4b,O4b,41.236850539517626,26.86489399939192,4.254027168023555,2.2109247743683804,40.77756874833889,65.1791814374189,True,9.142215525939429,True
GW240629_145256,GW241114_235258,O4b,O4b,138.37501518146033,81.55488200579794,9.08242385006188,0.2522986678439164,9.91623458114387,9.39946376197063,True,9.146078467857695,True
GW240703_191355,GW240716_034900,O4b,O4b,12.357699359950644,112.1809686638078,8.828708174282639,0.5910541202336326,36.3202531359223,41.17194328912976,True,9.178053147327793,True
GW240627_131622,GW240629_145256,O4b,O4b,2.0670674794774366,28.695178625383047,9.1914044604581,0.14196206554519747,10.219401,9.91623458114387,True,9.21155768851196,True
GW241101_220523,GW241111_111552,O4b,O4b,9.548952603158023,76.00945853203851,7.982068062546051,1.109874879741886,31.55307545252933,24.9339679069464,True,9.213890311228116,True
GW240505_133552,GW240531_075248,O4b,O4b,25.76175778493837,51.50521988627608,8.959286975437445,0.5054735436935416,34.76089965736463,38.69538387368516,True,9.214790478811551,True
GW240902_143306,GW240919_061559,O4b,O4b,16.654773272642935,23.648905177500083,7.821683836870908,1.180462583042369,29.47098853131762,37.857165273362,True,9.21517574683397,True
GW240930_035959,GW250109_074552,O4b,O4b,101.15685666874879,70.09875803184266,6.59262375011755,1.621452669758344,17.28865245928784,24.38607841063257,True,9.221732510384012,True
GW241110_124123,GW241114_235258,O4b,O4b,4.466371291456399,79.15244357112651,8.51607837805605,0.8427199139376618,11.23934457334945,9.39946376197063,True,9.226255231403151,True
GW240413_022019,GW241114_235258,O4b,O4b,215.89766565084182,65.46047939178074,5.9920576547232764,1.8041650790377666,6.410462572462584,9.39946376197063,True,9.247069287142626,True
GW241007_082943,GW241127_061008,O4b,O4b,50.90306766231303,16.346932274190685,4.76721393578262,2.1177569311770945,27.058121,42.40351535547827,True,9.252108355331245,True
GW241111_111552,GW241210_060606,O4b,O4b,28.784887461921684,31.079080547409824,8.313639832671095,0.9850898822521177,24.9339679069464,30.72879514349738,True,9.284041908786586,True
GW240519_012815,GW241230_084504,O4b,O4b,225.3033397790817,97.4791041624986,8.272551712575957,1.0073755783893248,62.61156809638599,50.56468582785686,True,9.287357268511183,True
GW191222_033537,GW191230_180458,O3b,O3b,8.603718750002207,104.37893543058762,5.723147775765445,1.8884136457884289,50.989020546497116,61.47027590709764,True,9.28925387336539,True
GW240924_000316,GW241109_033317,O4b,O4b,46.14585017109083,83.22806751446089,8.986577185867572,0.5714992292892216,52.63207646576119,46.62292898748619,True,9.313188554945746,True
GW240426_031451,GW240716_034900,O4b,O4b,81.02370997795076,70.06209708856838,5.435543324160492,1.9760948407844179,62.61156809638599,41.17194328912976,True,9.340494143935286,True
GW240825_055146,GW241113_163507,O4b,O4b,80.44676547573397,53.7987203280904,3.2706543819844316,2.4640362623177574,10.789268,18.19693114444467,True,9.342129084001296,True
GW240406_062847,GW240622_004008,O4b,O4b,76.75787617685619,29.67290714338857,5.971888675382193,1.836789762638193,23.47207222855139,15.897619,True,9.345685307514662,True
GW240716_034900,GW250118_023225,O4b,O4b,185.94682216039686,66.63026443444384,5.474552072833738,1.96853469959807,41.17194328912976,62.51123538684502,True,9.349680936355401,True
GW200208_130117,GW200219_094415,O3b,O3b,10.86316203703483,90.26137338216371,8.036323804449461,1.1464173143095902,38.70174570146457,43.35292745235132,True,9.350596462998276,True
GW240527_230910,GW250109_074552,O4b,O4b,226.3588196347433,69.02510225084484,6.65435243856962,1.6443162007442433,17.205004,24.38607841063257,True,9.358128206599602,True
GW241111_111552,GW250109_010541,O4b,O4b,58.576260529544065,15.428466664025075,2.818644838993811,2.5612341421890434,24.9339679069464,42.92914027567986,True,9.378565170108656,True
GW240501_033534,GW241201_055758,O4b,O4b,214.09888533806634,39.88918656627138,4.697959780932763,2.1704836276077084,46.62292898748619,73.88586708868455,True,9.40895895864588,True
GW240420_175625,GW240531_040326,O4b,O4b,40.42153972767017,86.35287670084206,4.187077632946212,2.2861738956943616,34.86604725974014,21.46755613411357,True,9.413668714300545,True
GW190412,GW200225_060421,O3a,O3b,319.02334722222275,70.13363753937466,7.673643457605878,1.32232378028385,15.252287051638449,17.385435893018524,True,9.422183637510049,True
GW190630_185205,GW191215_223052,O3a,O3b,168.15193518518575,75.55120130081349,6.439718819595393,1.7279331466841756,29.467259584158054,24.83423508096578,True,9.425471779005271,True
GW240519_012815,GW250109_010541,O4b,O4b,234.98432283194805,49.932420255909435,6.276919060449025,1.7790768857952532,62.61156809638599,42.92914027567986,True,9.442033626019962,True
GW240621_214041,GW241109_033317,O4b,O4b,140.2448644889477,84.70925269973866,7.521586342893739,1.3899720394538602,62.61156809638599,46.62292898748619,True,9.453608613357263,True
GW240601_231004,GW241109_115924,O4b,O4b,160.53426939460138,59.362563782534686,4.457084785402757,2.2353983697237685,9.701271,6.037906247513664,True,9.45409065676644,True
GW240920_124024,GW241109_033317,O4b,O4b,49.62005929512558,74.4192799268115,8.077660506367861,1.1771769215641903,36.3202531359223,46.62292898748619,True,9.463406011031205,True
GW240420_175625,GW240930_234614,O4b,O4b,163.24293284876754,122.2910134329604,8.702746488875672,0.8792264935885681,34.86604725974014,42.014954,True,9.47578571590372,True
GW190521_074359,GW191127_050227,O3a,O3b,189.88782523148038,80.15497172849939,6.78443629684149,1.6429827989364925,39.70608211102101,46.719020675810995,True,9.483828774442681,True
GW240426_031451,GW240924_000316,O4b,O4b,150.86695114025363,56.79194928646636,8.851693743842471,0.8184728101646385,62.61156809638599,52.63207646576119,True,9.521591484821272,True
GW241101_220523,GW250109_010541,O4b,O4b,68.12521313270209,74.0087351276248,7.420925278244792,1.4513592624471574,31.55307545252933,42.92914027567986,True,9.527368986935949,True
GW240907_153833,GW241229_155844,O4b,O4b,113.01401605111582,69.22105488876997,8.656027685579902,0.95181317770695,51.16419593060116,62.61156809638599,True,9.561976010836505,True
GW240530_012417,GW240925_005809,O4b,O4b,117.98185187021615,24.537604694327094,5.943303064380322,1.902348944392825,11.094365,7.410427797738633,True,9.562234570612818,True
GW240615_160735,GW250119_025138,O4b,O4b,217.44726187009502,34.48234057136269,9.195281469280351,0.6088466156192939,31.80892214037337,36.19433779401264,True,9.565975670631419,True
GW240922_142106,GW241109_115924,O4b,O4b,47.901603171353536,53.09168659900077,3.791691552285808,2.405527108091635,10.057782,6.037906247513664,True,9.578252220049512,True
GW241109_115924,GW241114_235258,O4b,O4b,5.495523651344357,86.50047738735189,5.235595240335479,2.0864144272492107,6.037906247513664,9.39946376197063,True,9.58872040256913,True
GW241109_033317,GW241130_034908,O4b,O4b,21.01100240547624,67.75810036700061,6.460395621492971,1.7698766593136506,46.62292898748619,32.02910184520825,True,9.592859010676218,True
GW240621_195059,GW240902_143306,O4b,O4b,72.77925176902225,25.632336144814108,9.01376663931579,0.7880722326794546,34.83357448660222,29.47098853131762,True,9.634824483236171,True
GW240507_041632,GW241210_060606,O4b,O4b,217.07609363153577,37.08984889520816,5.783728439154579,1.9742633378993024,20.2144090480122,30.72879514349738,True,9.681444166527875,True
GW240621_200935,GW241009_022835,O4b,O4b,109.26319617731427,47.497569626871915,7.568856970563271,1.4713564437728517,69.906723,51.16419593060116,True,9.733746755195163,True
GW240716_034900,GW250104_015122,O4b,O4b,171.9183081458978,61.646316881117635,5.048220544063767,2.1655526002110537,41.17194328912976,65.1791814374189,True,9.737838608344623,True
GW240716_034900,GW241129_021832,O4b,O4b,135.93717720804668,78.47291352311575,9.173623247379775,0.7880720655144299,41.17194328912976,34.83357448660222,True,9.794680827823955,True
GW240507_041632,GW241130_034908,O4b,O4b,206.98097510749542,31.62292575096243,5.117777498398225,2.1696357848639707,20.2144090480122,32.02910184520825,True,9.825096937360524,True
GW240531_075248,GW250109_074552,O4b,O4b,222.99518431609428,66.7832050849001,5.108677601981655,2.1765119164818123,38.69538387368516,24.38607841063257,True,9.845881724568986,True
GW240428_225440,GW240531_040326,O4b,O4b,32.21442677322637,34.06511834824537,8.907423574486186,0.9819239494562624,17.43091324942379,21.46755613411357,True,9.87159821700197,True
GW191222_033537,GW200209_085452,O3b,O3b,49.22170138888889,108.66397578294048,6.077948001395621,1.9643932063038452,50.989020546497116,41.97798525014626,True,9.936788670368323,True
GW241101_220523,GW250116_015318,O4b,O4b,75.15827905005327,79.40712622055214,6.906389048586846,1.743350523204863,31.55307545252933,45.67228030559264,True,9.945660095345517,True
GW240716_034900,GW241102_144729,O4b,O4b,109.45728273753215,78.45769178441452,8.585400498570879,1.177176980009714,41.17194328912976,52.85085995577398,True,9.97114614083567,True
GW250109_074552,GW250119_025138,O4b,O4b,9.795675894778084,70.41229692438606,6.511474341434243,1.861530629912799,24.38607841063257,36.19433779401264,True,9.976770627537785,True
GW240919_061559,GW241230_233618,O4b,O4b,102.72244064678749,18.861230277429097,3.601295949777874,2.528715968153712,37.857165273362,64.73111072019022,True,9.995700397373438,True
GW241009_220455,GW241230_084504,O4b,O4b,81.44454894401684,78.6655937746127,7.100356442222375,1.7062914517462475,35.20874,50.56468582785686,True,10.011786960524692,True
GW240420_175625,GW240924_000316,O4b,O4b,156.25475725416783,105.24997473303536,6.247836289345448,1.9413015864522734,34.86604725974014,52.63207646576119,True,10.016488138907562,True
GW240513_183302,GW240716_034900,O4b,O4b,63.38608360419395,50.93220805501074,3.9546644219079794,2.4658093155169007,24.40236099761511,41.17194328912976,True,10.034880002397905,True
GW190620_030421,GW191127_050227,O3a,O3b,160.08201620370426,92.63227320945943,5.9428756729596985,2.0263273092284644,57.096769913090924,46.719020675810995,True,10.048878037084767,True
GW241101_220523,GW241109_033317,O4b,O4b,7.227719135563131,95.31712648529349,6.676818208771693,1.8404641087885505,31.55307545252933,46.62292898748619,True,10.064126344510527,True
GW240420_175625,GW240908_125134,O4b,O4b,140.78829588590673,91.93602563550486,4.587318613821224,2.359823834163011,34.86604725974014,57.51856288292748,True,10.156087142105038,True
GW240420_175625,GW240908_082628,O4b,O4b,140.60420008386174,123.05536720862365,8.784296961671366,1.17606989380257,34.86604725974014,44.7457110157901,True,10.167437356780153,True
GW191230_180458,GW200128_022011,O3b,O3b,28.34390625,123.18733245159424,5.864845767914844,2.0925231400319,61.47027590709764,49.969085144703506,True,10.243498859483807,True
GW240908_082628,GW241101_220523,O4b,O4b,54.56868820583379,74.79290775423432,7.576635834664988,1.646731645428069,44.7457110157901,31.55307545252933,True,10.288360946719223,True
GW240615_160735,GW250109_074552,O4b,O4b,207.65158597531695,83.08721527261892,8.729521759616286,1.252684014293505,31.80892214037337,24.38607841063257,True,10.298738999282776,True
GW241009_022835,GW241125_010116,O4b,O4b,46.939364595203486,49.20266000338326,5.7855260670237305,2.128006475648384,51.16419593060116,80.35532254504544,True,10.313937627425187,True
GW240824_205609,GW241201_055758,O4b,O4b,98.37626544840634,35.768139633801475,4.447134028792762,2.4232936590781367,44.188446,73.88586708868455,True,10.319486186921067,True
GW241101_220523,GW250108_152221,O4b,O4b,67.72012318066977,78.71917769147699,8.11452483884037,1.5058613045068132,31.55307545252933,43.42835135719233,True,10.382143107251332,True
GW240924_000316,GW241101_220523,O4b,O4b,38.9181310355277,60.143236512926826,4.593200194006757,2.411963338077772,52.63207646576119,31.55307545252933,True,10.410767338238026,True
GW241129_021832,GW250109_074552,O4b,O4b,41.22731204075946,75.51523366801744,7.6519900009483885,1.6808837681087327,34.83357448660222,24.38607841063257,True,10.4773602428398,True
GW240507_041632,GW250114_082203,O4b,O4b,252.17049611639922,32.50461576834869,6.586980486160574,1.9742633378993024,20.2144090480122,30.72879514349738,True,10.48469621353387,True
GW240420_175625,GW240514_121713,O4b,O4b,23.764446902159186,113.33567226577146,7.518982393497098,1.752398818227587,34.86604725974014,50.56468582785686,True,10.58988401162254,True
GW240525_031210,GW241102_144729,O4b,O4b,161.48285992864933,42.2530430317837,8.1431415563807,1.5728586951612296,37.857165273362,52.85085995577398,True,10.617026031324986,True
GW240526_093944,GW241114_235258,O4b,O4b,172.59251708054433,81.51418722083132,8.328794825531899,1.525045588717382,12.98979,9.39946376197063,True,10.654558873198244,True
GW240530_012417,GW241113_163507,O4b,O4b,167.6325176114037,69.50058073104283,5.234192996428676,2.332583294981207,11.094365,18.19693114444467,True,10.675137824454062,True
GW190413_134308,GW190421_213856,O3a,O3a,8.33041087962963,31.476929664263235,7.687315388280127,1.7297017524940426,54.18281930286216,45.65586762160107,True,10.67918354086109,True
GW240907_153833,GW241201_055758,O4b,O4b,84.59681557768197,57.647159131532554,7.680952213926857,1.732324765860798,51.16419593060116,73.88586708868455,True,10.681901308341526,True
GW240519_012815,GW240531_075248,O4b,O4b,12.267042434127243,53.238382339786746,5.564002888941312,2.2685387579257683,62.61156809638599,38.69538387368516,True,10.7102709851527,True
GW240501_033534,GW241101_220523,O4b,O4b,184.7706959764218,76.29937442689034,7.359166381868802,1.8404641087885505,46.62292898748619,31.55307545252933,True,10.746474517607634,True
GW240703_191355,GW241229_155844,O4b,O4b,178.86446139285962,69.4044314275152,4.206383598967236,2.5671489610180505,36.3202531359223,62.61156809638599,True,10.796637387023292,True
GW190408_181802,GW200302_015811,O3a,O3b,328.3195520833328,133.8670885437849,5.465476452051762,2.311491712576604,23.79405464386369,29.912060181904458,True,10.808470389362085,True
GW241210_060606,GW241230_084504,O4b,O4b,20.110390014756057,68.92450686151396,5.386767473197341,2.347845567342854,30.72879514349738,50.56468582785686,True,10.899146281288829,True
GW240527_183429,GW241230_084504,O4b,O4b,216.5906885305737,82.15461392501565,6.563489509188066,2.0875990463695873,78.7359663485427,50.56468582785686,True,10.921559287591275,True
GW240915_105151,GW241109_115924,O4b,O4b,55.04691950508842,92.75251345980936,7.195401044107197,1.9375974280028698,9.107368291496954,6.037906247513664,True,10.949684837110533,True
GW241201_055758,GW250108_152221,O4b,O4b,38.391933819025205,38.28640971408268,4.709127759348458,2.5050864318894455,73.88586708868455,43.42835135719233,True,10.98458579058505,True
GW240414_054515,GW241109_033317,O4b,O4b,208.90836572830048,74.1051258543527,7.8585835554162955,1.7687863835122288,32.03651047022337,46.62292898748619,True,10.987188825914565,True
GW190803_022701,GW191222_033537,O3a,O3b,141.0476307870365,107.35823705943008,7.559361446748293,1.8564415483390515,42.428995687519134,50.989020546497116,True,11.005736669147787,True
GW241230_084504,GW250101_011205,O4b,O4b,1.6854224227644778,63.732696284427604,4.58950161036631,2.5612343462353726,50.56468582785686,29.36882012981698,True,11.149422986702046,True
GW240924_000316,GW241201_055758,O4b,O4b,68.24632039717225,53.71362777622647,8.60891114251082,1.5989843983184866,52.63207646576119,73.88586708868455,True,11.165662248576753,True
GW241110_124123,GW241113_163507,O4b,O4b,3.162312863325631,72.15995245781416,6.104130886923267,2.2713798606846782,11.23934457334945,18.19693114444467,True,11.263297358447215,True
GW240615_113620,GW250109_074552,O4b,O4b,207.83994981698416,80.35166650532949,9.067235888537677,1.4822200584301277,33.39608805049227,24.38607841063257,True,11.264212190150289,True
GW191216_213338,GW200316_215756,O3b,O3b,91.01687152777556,96.5580827504512,8.099200760055647,1.792969065879051,8.93927957077281,10.675483842428973,True,11.313938831254843,True
GW240519_012815,GW241210_120900,O4b,O4b,205.44496124832168,71.4410754633125,8.806677675978912,1.5837045028143417,62.61156809638599,44.7457110157901,True,11.314797628213334,True
GW241124_024914,GW241129_021832,O4b,O4b,4.978683709480144,48.37948467339516,8.04473072248127,1.8123537285918978,51.16419593060116,34.83357448660222,True,11.329356760022225,True
GW240531_075248,GW240923_204006,O4b,O4b,115.53284321805393,35.05342892790377,5.301830665635514,2.457996517352404,38.69538387368516,65.1791814374189,True,11.343577544952062,True
GW240420_175625,GW241102_144729,O4b,O4b,195.86879882939712,114.92040644395863,7.530679939645009,1.9608565358422079,34.86604725974014,52.85085995577398,True,11.375638293800113,True
GW190521_074359,GW200129_065458,O3a,O3b,252.96596064814815,39.19386285540751,6.71861362018946,2.162926040880624,39.70608211102101,32.05283464278138,True,11.396862678508992,True
GW241230_233618,GW250118_170523,O4b,O4b,18.72853181992692,33.75463497436908,5.9751491411971935,2.334983543427549,64.73111072019022,39.44538758406022,True,11.427297289274666,True
GW190521_074359,GW191222_033537,O3a,O3b,214.82751967592372,86.78746238257906,5.06319653366244,2.526451601814984,39.70608211102101,50.989020546497116,True,11.446154229975939,True
GW240630_101703,GW241230_084504,O4b,O4b,182.93612466568473,77.4477756179755,6.829485506049862,2.1524731203781857,32.02910184520825,50.56468582785686,True,11.462626040000465,True
GW240622_004008,GW241225_042553,O4b,O4b,186.15676906469244,43.617753189825144,6.452541647557622,2.2468760040982043,15.897619,9.87034662513617,True,11.500993425349936,True
GW240531_075248,GW241006_015333,O4b,O4b,127.75052137970648,40.29531406779823,8.720739874192647,1.682667574010966,38.69538387368516,27.07938175732777,True,11.552110038820597,True
GW240716_034900,GW241111_111552,O4b,O4b,118.3103248009886,64.13334436731135,6.115408412514804,2.364216187199879,41.17194328912976,24.9339679069464,True,11.704926592332738,True
GW240920_124024,GW250118_023225,O4b,O4b,119.57779012212875,31.435719220960745,5.282618010254171,2.5595888198317027,36.3202531359223,62.51123538684502,True,11.834112936861619,True
GW170729,GW170823,O2,O2,24.76214351851907,31.960142496382858,5.663540553477366,2.492850656748782,49.67741315934882,38.813601590931704,True,11.8778449503302,True
GW240703_191355,GW250109_074552,O4b,O4b,189.52218860875678,112.34200807856585,8.417296920864477,1.87790171338953,36.3202531359223,24.38607841063257,True,11.94381176601581,True
GW241009_022835,GW241201_055758,O4b,O4b,53.14540447595219,66.0043817123946,8.987289373207119,1.732324765860798,51.16419593060116,73.88586708868455,True,11.988238467621787,True
GW191204_171526,GW200202_154313,O3b,O3b,59.935966435185186,82.74476068926924,8.92723284641138,1.7535559004291317,9.692079645132788,8.147538384862468,True,12.002191142341204,True
GW240426_031451,GW250109_010541,O4b,O4b,257.9102953084834,53.306689329026234,9.022464929475152,1.7790768857952532,62.61156809638599,42.92914027567986,True,12.187579495046089,True
GW241009_084816,GW241113_163507,O4b,O4b,35.32419792489045,71.86989750790504,5.922790957277888,2.5030181972430796,10.700416,18.19693114444467,True,12.187891053007885,True
GW240612_081540,GW241007_082943,O4b,O4b,117.00975134936196,47.861259655971885,7.618485802641243,2.155096842939139,42.740727,27.058121,True,12.262928205087487,True
GW240426_031451,GW240525_031210,O4b,O4b,28.998132786833576,51.891021016759964,6.643169155338381,2.3717765559359334,62.61156809638599,37.857165273362,True,12.268493186625697,True
GW190620_030421,GW190706_222641,O3a,O3a,16.807175925925925,66.67302275460426,6.27329846380444,2.457172378132569,57.096769913090924,72.82033195247632,True,12.310994559662106,True
GW241006_015333,GW241109_033317,O4b,O4b,34.06926502097536,63.72847658449941,5.829884270123638,2.561234292482874,27.07938175732777,46.62292898748619,True,12.389805371113887,True
GW240519_012815,GW240919_061559,O4b,O4b,123.19980563076282,48.661254836615385,6.773821408778906,2.3717765559359334,62.61156809638599,37.857165273362,True,12.399145440066224,True
GW240519_012815,GW241114_024711,O4b,O4b,179.05481240694445,60.36123658629054,8.316960754674602,2.0214670149417446,62.61156809638599,40.77756874833889,True,12.40328964717209,True
GW240621_200935,GW240716_034900,O4b,O4b,24.319039093791336,65.63398229254504,6.269083700351142,2.4956381068503197,69.906723,41.17194328912976,True,12.497293260714589,True
GW240716_034900,GW241007_082943,O4b,O4b,83.19493841199687,77.1711269502156,8.686549952151593,1.9788140696328655,41.17194328912976,27.058121,True,12.602255074328575,True
GW241101_220523,GW241124_024914,O4b,O4b,22.197121300735958,84.92553611460411,7.624957254764736,2.278622970535461,31.55307545252933,51.16419593060116,True,12.817079896616583,True
GW240507_041632,GW241101_220523,O4b,O4b,178.74225356645607,84.44325015930035,8.433983330608918,2.099048335389071,20.2144090480122,31.55307545252933,True,12.839987244908547,True
GW240505_133552,GW240705_053215,O4b,O4b,60.664159121665136,34.966610688263266,6.295108927472815,2.5710798153012813,34.76089965736463,59.97342657773996,True,12.905560344122485,True
GW241011_233834,GW241109_115924,O4b,O4b,28.51446699546443,78.16287186713075,8.418654500733577,2.1234315439947995,9.473563759151006,6.037906247513664,True,12.927616022765715,True
GW240703_191355,GW240908_125134,O4b,O4b,66.7344791539924,88.93875838584653,8.272323088478824,2.1671983985641496,36.3202531359223,57.51856288292748,True,12.96907198721784,True
GW190924_021846,GW200202_154313,O3a,O3b,131.55864236111165,17.419075079441598,7.51490913576933,2.3789066109426136,6.437988222263552,8.147538384862468,True,13.174105799355802,True
GW240716_034900,GW250109_074552,O4b,O4b,177.16448924880612,98.78151687735502,7.2335920490586965,2.4689558336231627,41.17194328912976,24.38607841063257,True,13.329334957440544,True
GW190910_112807,GW200112_155838,O3a,O3b,124.18785532407463,133.28334009567163,7.98282413051689,2.38136410853565,43.05746360493993,34.01469261862209,True,13.65371914793868,True
GW240428_225440,GW240825_055146,O4b,O4b,118.28966302280625,26.42662789970952,8.70487558589873,2.261295982487915,17.43091324942379,10.789268,True,13.818335106314715,True
GW240507_041632,GW240630_101703,O4b,O4b,54.2503589806071,46.23037991483048,9.124813814521879,2.1696357848639707,20.2144090480122,32.02910184520825,True,13.832133253484177,True
GW190519_153544,GW200128_022011,O3a,O3b,253.44754166666831,128.89965283708054,7.627199649719703,2.55606026714492,64.35673392204889,49.969085144703506,True,14.160643738996662,True
GW241101_220523,GW241116_151753,O4b,O4b,14.717020787701562,93.30151225241303,8.97797910483219,2.278622970535461,31.55307545252933,51.16419593060116,True,14.170101746684038,True
GW240705_053215,GW241009_220455,O4b,O4b,96.68934706421086,32.03831680182809,7.869155244629176,2.5107345438175437,59.97342657773996,35.20874,True,14.172943194147866,True
GW240428_225440,GW240520_213616,O4b,O4b,21.945565814069575,23.335742233593354,8.499310901648816,2.3999811823067354,17.43091324942379,10.476476,True,14.25922057707525,True
GW241113_163507,GW250114_082203,O4b,O4b,61.65758938665467,82.7811175250414,8.23695416046518,2.4699108162055143,18.19693114444467,30.72879514349738,True,14.33741360047417,True
GW240618_071627,GW240924_000316,O4b,O4b,97.69918270762044,64.62811319214242,8.647452190164012,2.3870566914081004,87.33025310595902,52.63207646576119,True,14.3454918381602,True
GW190929_012149,GW200219_094415,O3a,O3b,143.3489085648126,98.28340857226844,9.14521821049331,2.2880542261706345,54.37367078803606,43.35292745235132,True,14.38041035239061,True
GW240426_031451,GW240703_191355,O4b,O4b,68.66601061800012,90.69674359282418,7.80816831644074,2.5671489610180505,62.61156809638599,36.3202531359223,True,14.398422104496795,True
GW240630_101703,GW240920_073424,O4b,O4b,81.88704971195371,30.675410615624845,7.864451430775231,2.5706792570006805,32.02910184520825,18.565806,True,14.4728432731488,True
GW241101_220523,GW241102_144729,O4b,O4b,0.695910539701581,83.78109666114966,9.137174544672321,2.4315182874677066,31.55307545252933,52.85085995577398,True,15.049455726962211,True
